task_id,topic_id,task_type,instruction,prompt,correct_answer,accepted_answers,error_explanation,status
g0001,ser_estar,multiple_choice,Выбери правильный вариант,Yo ___ en casa ahora.,estoy,estoy,Для местоположения используется estar.,active
g0002,ser_estar,multiple_choice,Выбери правильный вариант,Madrid ___ la capital de España.,es,es,Постоянный факт требует ser.,active
g0003,ser_estar,multiple_choice,Выбери правильный вариант,Nosotros ___ cansados hoy.,estamos,estamos,Временное состояние — estar.,active
g0004,ser_estar,multiple_choice,Выбери правильный вариант,Mi hermano ___ médico.,es,es,Профессия требует ser.,active
g0005,ser_estar,multiple_choice,Выбери правильный вариант,La sopa ___ fría.,está,está,Состояние предмета сейчас — estar.,active
g0006,ser_estar,multiple_choice,Выбери правильный вариант,Ellos ___ de México.,son,son,Происхождение требует ser.,active
g0007,ser_estar,multiple_choice,Выбери правильный вариант,Ana ___ nerviosa hoy.,está,está,Эмоциональное состояние сейчас — estar.,active
g0008,ser_estar,multiple_choice,Выбери правильный вариант,La mesa ___ de madera.,es,es,Материал — ser.,active
g0009,ser_estar,multiple_choice,Выбери правильный вариант,¿Dónde ___ los niños?,están,están,Местоположение — estar.,active
g0010,ser_estar,multiple_choice,Выбери правильный вариант,Mi casa ___ pequeña.,es,es,Постоянная характеристика — ser.,active
g0011,ser_estar,multiple_choice,Выбери правильный вариант,Ahora nosotros ___ en clase.,estamos,estamos,Место сейчас — estar.,active
g0012,ser_estar,multiple_choice,Выбери правильный вариант,Tú ___ muy amable.,eres,eres,Черта человека — ser.,active
g0013,ser_estar,multiple_choice,Выбери правильный вариант,El café ___ caliente.,está,está,Состояние напитка — estar.,active
g0014,ser_estar,multiple_choice,Выбери правильный вариант,Mis padres ___ profesores.,son,son,Профессия — ser.,active
g0015,ser_estar,multiple_choice,Выбери правильный вариант,La puerta ___ abierta.,está,está,Состояние объекта — estar.,active
g0016,ser_estar,multiple_choice,Выбери правильный вариант,Este edificio ___ antiguo.,es,es,Постоянное свойство — ser.,active
g0017,ser_estar,multiple_choice,Выбери правильный вариант,Nosotras ___ listas para salir.,estamos,estamos,Готовность — estar.,active
g0018,ser_estar,multiple_choice,Выбери правильный вариант,¿Tú ___ de España?,eres,eres,Происхождение / национальность — ser.,active
g0019,ser_estar,multiple_choice,Выбери правильный вариант,Los libros ___ sobre la mesa.,están,están,Расположение — estar.,active
g0020,ser_estar,multiple_choice,Выбери правильный вариант,La película ___ interesante.,es,es,Характеристика — ser.,active
g0021,ser_estar,multiple_choice,Выбери правильный вариант,Hoy yo ___ de buen humor.,estoy,estoy,Настроение — estar.,active
g0022,ser_estar,multiple_choice,Выбери правильный вариант,Mi abuelo ___ serio.,es,es,Черта характера — ser.,active
g0023,ser_estar,multiple_choice,Выбери правильный вариант,Las ventanas ___ cerradas.,están,están,Состояние предметов — estar.,active
g0024,ser_estar,multiple_choice,Выбери правильный вариант,Vosotros ___ muy rápidos.,sois,sois,Постоянное качество — ser.,active
g0025,ser_estar,multiple_choice,Выбери правильный вариант,El supermercado ___ cerrado.,está,está,Состояние сейчас — estar.,active
g0026,ser_estar,fill_form,Вставь правильную форму,Yo ___ preocupado por el examen.,estoy,estoy,Временное состояние — estar.,active
g0027,ser_estar,fill_form,Вставь правильную форму,Tú ___ mi mejor amigo.,eres,eres,Идентификация — ser.,active
g0028,ser_estar,fill_form,Вставь правильную форму,Ella ___ en el trabajo ahora.,está,está,Местоположение — estar.,active
g0029,ser_estar,fill_form,Вставь правильную форму,Nosotros ___ estudiantes.,somos,somos,Идентификация / роль — ser.,active
g0030,ser_estar,fill_form,Вставь правильную форму,Vosotras ___ ocupadas hoy.,estáis,estáis,Временное состояние — estar.,active
g0031,ser_estar,fill_form,Вставь правильную форму,Ellos ___ italianos.,son,son,Национальность — ser.,active
g0032,ser_estar,fill_form,Вставь правильную форму,Mi móvil ___ en la mochila.,está,está,Местоположение — estar.,active
g0033,ser_estar,fill_form,Вставь правильную форму,La camisa ___ limpia.,está,está,Состояние вещи — estar.,active
g0034,ser_estar,fill_form,Вставь правильную форму,Mi hermana ___ arquitecta.,es,es,Профессия — ser.,active
g0035,ser_estar,fill_form,Вставь правильную форму,Nosotras ___ en casa de Laura.,estamos,estamos,Место — estar.,active
g0036,ser_estar,fill_form,Вставь правильную форму,¿Dónde ___ tú ahora?,estás,estás,Местоположение — estar.,active
g0037,ser_estar,fill_form,Вставь правильную форму,Esta mesa ___ pesada.,es,es,Характеристика — ser.,active
g0038,ser_estar,fill_form,Вставь правильную форму,Los niños ___ en el parque.,están,están,Место — estar.,active
g0039,ser_estar,fill_form,Вставь правильную форму,Yo ___ ruso.,soy,soy,Национальность — ser.,active
g0040,ser_estar,fill_form,Вставь правильную форму,El ejercicio ___ difícil.,es,es,Характеристика — ser.,active
g0041,ser_estar,fill_form,Вставь правильную форму,Hoy nosotros ___ contentos.,estamos,estamos,Эмоциональное состояние — estar.,active
g0042,ser_estar,fill_form,Вставь правильную форму,La farmacia ___ al lado del banco.,está,está,Расположение — estar.,active
g0043,ser_estar,fill_form,Вставь правильную форму,¿Vosotros ___ listos?,estáis,estáis,Готовность — estar.,active
g0044,ser_estar,fill_form,Вставь правильную форму,Mi jefe ___ exigente.,es,es,Характеристика — ser.,active
g0045,ser_estar,fill_form,Вставь правильную форму,Las llaves ___ aquí.,están,están,Местоположение — estar.,active
g0046,ser_estar,fill_form,Вставь правильную форму,Nosotros ___ de Argentina.,somos,somos,Происхождение — ser.,active
g0047,ser_estar,fill_form,Вставь правильную форму,La tienda ___ abierta.,está,está,Состояние — estar.,active
g0048,ser_estar,fill_form,Вставь правильную форму,Tú ___ inteligente.,eres,eres,Постоянное качество — ser.,active
g0049,ser_estar,fill_form,Вставь правильную форму,Yo ___ enfermo hoy.,estoy,estoy,Состояние здоровья — estar.,active
g0050,ser_estar,fill_form,Вставь правильную форму,Ellas ___ mis primas.,son,son,Идентификация — ser.,active
g0051,ser_estar,fix_error,Исправь ошибку,Corrige: Yo soy en casa.,Yo estoy en casa.,Yo estoy en casa.,Для местоположения нужно estar.,active
g0052,ser_estar,fix_error,Исправь ошибку,Corrige: Madrid está la capital de España.,Madrid es la capital de España.,Madrid es la capital de España.,Постоянный факт требует ser.,active
g0053,ser_estar,fix_error,Исправь ошибку,Corrige: Mi madre está médica.,Mi madre es médica.,Mi madre es médica.,Профессия требует ser.,active
g0054,ser_estar,fix_error,Исправь ошибку,Corrige: Nosotros somos cansados hoy.,Nosotros estamos cansados hoy.,Nosotros estamos cansados hoy.,Временное состояние — estar.,active
g0055,ser_estar,fix_error,Исправь ошибку,Corrige: La puerta es cerrada.,La puerta está cerrada.,La puerta está cerrada.,Состояние объекта — estar.,active
g0056,ser_estar,fix_error,Исправь ошибку,Corrige: Ana es en la oficina.,Ana está en la oficina.,Ana está en la oficina.,Место — estar.,active
g0057,ser_estar,fix_error,Исправь ошибку,Corrige: Ellos están de Chile.,Ellos son de Chile.,Ellos son de Chile.,Происхождение — ser.,active
g0058,ser_estar,fix_error,Исправь ошибку,Corrige: La sopa es caliente ahora.,La sopa está caliente ahora.,La sopa está caliente ahora.,Состояние еды сейчас — estar.,active
g0059,ser_estar,fix_error,Исправь ошибку,Corrige: Yo estoy ruso.,Yo soy ruso.,Yo soy ruso.,Национальность — ser.,active
g0060,ser_estar,fix_error,Исправь ошибку,Corrige: Los libros son sobre la mesa.,Los libros están sobre la mesa.,Los libros están sobre la mesa.,Расположение — estar.,active
g0061,ser_estar,fix_error,Исправь ошибку,Corrige: Mi hermano está simpático.,Mi hermano es simpático.,Mi hermano es simpático.,Черта характера — ser.,active
g0062,ser_estar,fix_error,Исправь ошибку,Corrige: Hoy Laura es triste.,Hoy Laura está triste.,Hoy Laura está triste.,Временное состояние — estar.,active
g0063,ser_estar,fix_error,Исправь ошибку,Corrige: Vosotros sois listos ahora.,Vosotros estáis listos ahora.,Vosotros estáis listos ahora.,Готовность — estar.,active
g0064,ser_estar,fix_error,Исправь ошибку,Corrige: Este edificio está alto.,Este edificio es alto.,Este edificio es alto.,Постоянное свойство — ser.,active
g0065,ser_estar,fix_error,Исправь ошибку,Corrige: La farmacia es al lado del banco.,La farmacia está al lado del banco.,La farmacia está al lado del banco.,Расположение — estar.,active
g0066,ser_estar,fix_error,Исправь ошибку,Corrige: Mi padre está profesor.,Mi padre es profesor.,Mi padre es profesor.,Профессия — ser.,active
g0067,ser_estar,fix_error,Исправь ошибку,Corrige: Nosotros somos en el cine.,Nosotros estamos en el cine.,Nosotros estamos en el cine.,Место — estar.,active
g0068,ser_estar,fix_error,Исправь ошибку,Corrige: La tarea está difícil.,La tarea es difícil.,La tarea es difícil.,Характеристика — ser.,active
g0069,ser_estar,fix_error,Исправь ошибку,Corrige: El supermercado es cerrado.,El supermercado está cerrado.,El supermercado está cerrado.,Состояние — estar.,active
g0070,ser_estar,fix_error,Исправь ошибку,Corrige: Tú estás honesto.,Tú eres honesto.,Tú eres honesto.,Черта человека — ser.,active
g0071,ser_estar,fix_error,Исправь ошибку,Corrige: Mis amigos son en casa.,Mis amigos están en casa.,Mis amigos están en casa.,Местоположение — estar.,active
g0072,ser_estar,fix_error,Исправь ошибку,Corrige: Yo soy enfermo hoy.,Yo estoy enfermo hoy.,Yo estoy enfermo hoy.,Состояние здоровья — estar.,active
g0073,ser_estar,fix_error,Исправь ошибку,Corrige: Ellas están mis hermanas.,Ellas son mis hermanas.,Ellas son mis hermanas.,Идентификация — ser.,active
g0074,ser_estar,fix_error,Исправь ошибку,Corrige: La cama es desordenada.,La cama está desordenada.,La cama está desordenada.,Состояние объекта — estar.,active
g0075,ser_estar,fix_error,Исправь ошибку,Corrige: Nosotros estamos españoles.,Nosotros somos españoles.,Nosotros somos españoles.,Национальность — ser.,active
g0076,ser_estar,translation,Переведи на испанский,Я сейчас дома.,Estoy en casa ahora.,Estoy en casa ahora.,Местоположение — estar.,active
g0077,ser_estar,translation,Переведи на испанский,Моя сестра врач.,Mi hermana es médica.,Mi hermana es médica.,Профессия — ser.,active
g0078,ser_estar,translation,Переведи на испанский,Сегодня мы очень уставшие.,Hoy estamos muy cansados.,Hoy estamos muy cansados.,Временное состояние — estar.,active
g0079,ser_estar,translation,Переведи на испанский,Мадрид — столица Испании.,Madrid es la capital de España.,Madrid es la capital de España.,Постоянный факт — ser.,active
g0080,ser_estar,translation,Переведи на испанский,Ключи на столе.,Las llaves están sobre la mesa.,Las llaves están sobre la mesa.,Расположение — estar.,active
g0081,ser_estar,translation,Переведи на испанский,Мой дедушка очень серьёзный.,Mi abuelo es muy serio.,Mi abuelo es muy serio.,Черта характера — ser.,active
g0082,ser_estar,translation,Переведи на испанский,Суп холодный.,La sopa está fría.,La sopa está fría.,Состояние еды — estar.,active
g0083,ser_estar,translation,Переведи на испанский,Мы из Аргентины.,Somos de Argentina.,Somos de Argentina.,Происхождение — ser.,active
g0084,ser_estar,translation,Переведи на испанский,Магазин открыт.,La tienda está abierta.,La tienda está abierta.,Состояние объекта — estar.,active
g0085,ser_estar,translation,Переведи на испанский,Ты очень добрый.,Eres muy amable.,Eres muy amable.,Характеристика — ser.,active
g0086,ser_estar,translation,Переведи на испанский,Они в парке.,Están en el parque.,Están en el parque.,Местоположение — estar.,active
g0087,ser_estar,translation,Переведи на испанский,Этот фильм интересный.,Esta película es interesante.,Esta película es interesante.,Характеристика — ser.,active
g0088,ser_estar,translation,Переведи на испанский,Сегодня она нервничает.,Hoy ella está nerviosa.,Hoy ella está nerviosa.,Временное состояние — estar.,active
g0089,ser_estar,translation,Переведи на испанский,Мы готовы выйти.,Estamos listos para salir.,Estamos listos para salir.,Готовность — estar.,active
g0090,ser_estar,translation,Переведи на испанский,Мой брат испанец.,Mi hermano es español.,Mi hermano es español.,Национальность — ser.,active
g0091,ser_estar,translation,Переведи на испанский,Окна закрыты.,Las ventanas están cerradas.,Las ventanas están cerradas.,Состояние предметов — estar.,active
g0092,ser_estar,translation,Переведи на испанский,Этот стол деревянный.,Esta mesa es de madera.,Esta mesa es de madera.,Материал — ser.,active
g0093,ser_estar,translation,Переведи на испанский,Мы в офисе.,Estamos en la oficina.,Estamos en la oficina.,Место — estar.,active
g0094,ser_estar,translation,Переведи на испанский,Моя мама учительница.,Mi madre es profesora.,Mi madre es profesora.,Профессия — ser.,active
g0095,ser_estar,translation,Переведи на испанский,Я сегодня болен.,Estoy enfermo hoy.,Estoy enfermo hoy.,Состояние здоровья — estar.,active
g0096,ser_estar,translation,Переведи на испанский,Они мои друзья.,Ellos son mis amigos.,Ellos son mis amigos.,Идентификация — ser.,active
g0097,ser_estar,translation,Переведи на испанский,Кофе очень горячий.,El café está muy caliente.,El café está muy caliente.,Состояние напитка — estar.,active
g0098,ser_estar,translation,Переведи на испанский,Мой начальник очень строгий.,Mi jefe es muy estricto.,Mi jefe es muy estricto.,Черта характера — ser.,active
g0099,ser_estar,translation,Переведи на испанский,Дети сейчас в школе.,Los niños están en la escuela ahora.,Los niños están en la escuela ahora.,Местоположение — estar.,active
g0100,ser_estar,translation,Переведи на испанский,Этот дом очень большой.,Esta casa es muy grande.,Esta casa es muy grande.,Характеристика — ser.,active
g0101,preterito_perfecto,multiple_choice,Выбери правильную форму,Hoy yo ___ mucho trabajo.,he hecho,he hecho,С yo используется he + participio.,active
g0102,preterito_perfecto,multiple_choice,Выбери правильную форму,Esta semana nosotros ___ al cine.,hemos ido,hemos ido,С nosotros используется hemos.,active
g0103,preterito_perfecto,multiple_choice,Выбери правильную форму,¿Tú ___ la película?,has visto,has visto,С tú используется has.,active
g0104,preterito_perfecto,multiple_choice,Выбери правильную форму,Ella ___ café hoy.,ha tomado,ha tomado,С ella используется ha.,active
g0105,preterito_perfecto,multiple_choice,Выбери правильную форму,Ustedes ___ temprano.,han llegado,han llegado,С ustedes используется han.,active
g0106,preterito_perfecto,multiple_choice,Выбери правильную форму,Yo nunca ___ sushi.,he probado,he probado,Опыт до настоящего момента.,active
g0107,preterito_perfecto,multiple_choice,Выбери правильную форму,Nosotros ya ___.,hemos comido,hemos comido,"Уже = ya, perfecto уместен.",active
g0108,preterito_perfecto,multiple_choice,Выбери правильную форму,Ellos ___ tres veces este mes.,han viajado,han viajado,Период ещё не закончился.,active
g0109,preterito_perfecto,multiple_choice,Выбери правильную форму,¿Vosotros ___ la tarea?,habéis terminado,habéis terminado,С vosotros используется habéis.,active
g0110,preterito_perfecto,multiple_choice,Выбери правильную форму,Mi madre ___ la carta.,ha escrito,ha escrito,С ella используется ha.,active
g0111,preterito_perfecto,multiple_choice,Выбери правильную форму,Yo ___ mucho esta mañana.,he trabajado,he trabajado,Период дня ещё продолжается.,active
g0112,preterito_perfecto,multiple_choice,Выбери правильную форму,Nosotras ___ la puerta.,hemos abierto,hemos abierto,hemos + participio.,active
g0113,preterito_perfecto,multiple_choice,Выбери правильную форму,Tú ___ muy bien hoy.,has estudiado,has estudiado,Perfecto подходит с hoy.,active
g0114,preterito_perfecto,multiple_choice,Выбери правильную форму,Él ___ tarde.,ha salido,ha salido,ha + participio.,active
g0115,preterito_perfecto,multiple_choice,Выбери правильную форму,Ellas ___ ya.,han vuelto,han vuelto,han + participio.,active
g0116,preterito_perfecto,multiple_choice,Выбери правильную форму,Yo ___ ese libro dos veces.,he leído,he leído,Опыт до настоящего момента.,active
g0117,preterito_perfecto,multiple_choice,Выбери правильную форму,Esta tarde nosotros ___ con Ana.,hemos hablado,hemos hablado,Текущий временной отрезок.,active
g0118,preterito_perfecto,multiple_choice,Выбери правильную форму,¿Usted ___ el correo?,ha recibido,ha recibido,С usted используется ha.,active
g0119,preterito_perfecto,multiple_choice,Выбери правильную форму,Mis amigos ___ aquí hoy.,han estado,han estado,Сегодня — perfecto.,active
g0120,preterito_perfecto,multiple_choice,Выбери правильную форму,Yo ___ las llaves.,he perdido,he perdido,Результат важен сейчас.,active
g0121,preterito_perfecto,multiple_choice,Выбери правильную форму,Tú ___ tarde otra vez.,has llegado,has llegado,Сегодня / сейчас — perfecto.,active
g0122,preterito_perfecto,multiple_choice,Выбери правильную форму,Ella ___ la verdad.,ha dicho,ha dicho,Неправильное participio: dicho.,active
g0123,preterito_perfecto,multiple_choice,Выбери правильную форму,Nosotros ___ muchas fotos.,hemos sacado,hemos sacado,hemos + participio.,active
g0124,preterito_perfecto,multiple_choice,Выбери правильную форму,Vosotros ___ demasiado.,habéis comido,habéis comido,habéis + participio.,active
g0125,preterito_perfecto,multiple_choice,Выбери правильную форму,Ellos ___ una decisión.,han tomado,han tomado,han + participio.,active
g0126,preterito_perfecto,fill_form,Вставь правильную форму,Yo ___ (leer) este libro.,he leído,he leído,he + participio.,active
g0127,preterito_perfecto,fill_form,Вставь правильную форму,Tú ___ (comer) ya.,has comido,has comido,has + participio.,active
g0128,preterito_perfecto,fill_form,Вставь правильную форму,Ella ___ (abrir) la puerta.,ha abierto,ha abierto,Неправильное participio: abierto.,active
g0129,preterito_perfecto,fill_form,Вставь правильную форму,Nosotros ___ (vivir) aquí muchos años.,hemos vivido,hemos vivido,hemos + participio.,active
g0130,preterito_perfecto,fill_form,Вставь правильную форму,Ellos ___ (volver).,han vuelto,han vuelto,Неправильное participio: vuelto.,active
g0131,preterito_perfecto,fill_form,Вставь правильную форму,Yo ___ (hacer) la tarea.,he hecho,he hecho,Неправильное participio: hecho.,active
g0132,preterito_perfecto,fill_form,Вставь правильную форму,Tú ___ (ver) la serie.,has visto,has visto,Неправильное participio: visto.,active
g0133,preterito_perfecto,fill_form,Вставь правильную форму,Ella ___ (escribir) un mensaje.,ha escrito,ha escrito,Неправильное participio: escrito.,active
g0134,preterito_perfecto,fill_form,Вставь правильную форму,Nosotras ___ (decir) la verdad.,hemos dicho,hemos dicho,Неправильное participio: dicho.,active
g0135,preterito_perfecto,fill_form,Вставь правильную форму,Ellos ___ (romper) el vaso.,han roto,han roto,Неправильное participio: roto.,active
g0136,preterito_perfecto,fill_form,Вставь правильную форму,Yo ___ (poner) la mesa.,he puesto,he puesto,Неправильное participio: puesto.,active
g0137,preterito_perfecto,fill_form,Вставь правильную форму,Tú ___ (resolver) el problema.,has resuelto,has resuelto,Неправильное participio: resuelto.,active
g0138,preterito_perfecto,fill_form,Вставь правильную форму,Ella ___ (volver) temprano.,ha vuelto,ha vuelto,ha + participio.,active
g0139,preterito_perfecto,fill_form,Вставь правильную форму,Nosotros ___ (ver) esta película.,hemos visto,hemos visto,hemos + participio.,active
g0140,preterito_perfecto,fill_form,Вставь правильную форму,Vosotros ___ (hacer) un buen trabajo.,habéis hecho,habéis hecho,habéis + participio.,active
g0141,preterito_perfecto,fill_form,Вставь правильную форму,Ustedes ___ (llegar) tarde.,han llegado,han llegado,han + participio.,active
g0142,preterito_perfecto,fill_form,Вставь правильную форму,Yo ___ (abrir) la ventana.,he abierto,he abierto,he + participio.,active
g0143,preterito_perfecto,fill_form,Вставь правильную форму,Tú ___ (perder) las llaves.,has perdido,has perdido,has + participio.,active
g0144,preterito_perfecto,fill_form,Вставь правильную форму,Ella ___ (descubrir) un error.,ha descubierto,ha descubierto,ha + participio.,active
g0145,preterito_perfecto,fill_form,Вставь правильную форму,Nosotras ___ (terminar) ya.,hemos terminado,hemos terminado,hemos + participio.,active
g0146,preterito_perfecto,fill_form,Вставь правильную форму,Ellos ___ (morir) en la historia.,han muerto,han muerto,Неправильное participio: muerto.,active
g0147,preterito_perfecto,fill_form,Вставь правильную форму,Yo ___ (decir) eso antes.,he dicho,he dicho,he + participio.,active
g0148,preterito_perfecto,fill_form,Вставь правильную форму,Tú ___ (romper) el papel.,has roto,has roto,has + participio.,active
g0149,preterito_perfecto,fill_form,Вставь правильную форму,Ella ___ (volver) a casa.,ha vuelto,ha vuelto,ha + participio.,active
g0150,preterito_perfecto,fill_form,Вставь правильную форму,Nosotros ___ (hacer) mucho hoy.,hemos hecho,hemos hecho,hemos + participio.,active
g0151,preterito_perfecto,fix_error,Исправь ошибку,Corrige: He comí.,He comido.,He comido.,После haber нужен participio.,active
g0152,preterito_perfecto,fix_error,Исправь ошибку,Corrige: Yo ha llegado.,Yo he llegado.,Yo he llegado.,С yo используется he.,active
g0153,preterito_perfecto,fix_error,Исправь ошибку,Corrige: Nosotros ha visto.,Nosotros hemos visto.,Nosotros hemos visto.,С nosotros используется hemos.,active
g0154,preterito_perfecto,fix_error,Исправь ошибку,Corrige: Ella ha escribido.,Ella ha escrito.,Ella ha escrito.,Неправильное participio: escrito.,active
g0155,preterito_perfecto,fix_error,Исправь ошибку,Corrige: Tú he hablado.,Tú has hablado.,Tú has hablado.,С tú используется has.,active
g0156,preterito_perfecto,fix_error,Исправь ошибку,Corrige: Vosotros han terminado.,Vosotros habéis terminado.,Vosotros habéis terminado.,С vosotros используется habéis.,active
g0157,preterito_perfecto,fix_error,Исправь ошибку,Corrige: Ustedes ha vuelto.,Ustedes han vuelto.,Ustedes han vuelto.,С ustedes используется han.,active
g0158,preterito_perfecto,fix_error,Исправь ошибку,Corrige: Yo he abrir la puerta.,Yo he abierto la puerta.,Yo he abierto la puerta.,"Нужен participio, а не инфинитив.",active
g0159,preterito_perfecto,fix_error,Исправь ошибку,Corrige: Ella ha visto ayer la película.,Ella ha visto la película hoy.,Ella ha visto la película hoy.,"Perfecto лучше сочетается с hoy/esta semana, а не ayer.",active
g0160,preterito_perfecto,fix_error,Исправь ошибку,Corrige: Nosotros hemos rompido el vaso.,Nosotros hemos roto el vaso.,Nosotros hemos roto el vaso.,Неправильное participio: roto.,active
g0161,preterito_perfecto,fix_error,Исправь ошибку,Corrige: Tú has hacer la cama.,Tú has hecho la cama.,Tú has hecho la cama.,После haber нужен participio hecho.,active
g0162,preterito_perfecto,fix_error,Исправь ошибку,Corrige: Yo han leído el libro.,Yo he leído el libro.,Yo he leído el libro.,С yo используется he.,active
g0163,preterito_perfecto,fix_error,Исправь ошибку,Corrige: Ella hemos dicho la verdad.,Ella ha dicho la verdad.,Ella ha dicho la verdad.,С ella используется ha.,active
g0164,preterito_perfecto,fix_error,Исправь ошибку,Corrige: Nosotros has abierto la ventana.,Nosotros hemos abierto la ventana.,Nosotros hemos abierto la ventana.,С nosotros используется hemos.,active
g0165,preterito_perfecto,fix_error,Исправь ошибку,Corrige: Vosotros habéis poner la mesa.,Vosotros habéis puesto la mesa.,Vosotros habéis puesto la mesa.,Неправильное participio: puesto.,active
g0166,preterito_perfecto,fix_error,Исправь ошибку,Corrige: Ustedes han escribido un correo.,Ustedes han escrito un correo.,Ustedes han escrito un correo.,Неправильное participio: escrito.,active
g0167,preterito_perfecto,fix_error,Исправь ошибку,Corrige: Yo he visto esta película ayer.,Yo he visto esta película hoy.,Yo he visto esta película hoy.,Perfecto лучше с текущим периодом.,active
g0168,preterito_perfecto,fix_error,Исправь ошибку,Corrige: Ella ha volvido temprano.,Ella ha vuelto temprano.,Ella ha vuelto temprano.,Неправильное participio: vuelto.,active
g0169,preterito_perfecto,fix_error,Исправь ошибку,Corrige: Nosotros hemos decir eso.,Nosotros hemos dicho eso.,Nosotros hemos dicho eso.,Нужно participio dicho.,active
g0170,preterito_perfecto,fix_error,Исправь ошибку,Corrige: Tú has rompido el papel.,Tú has roto el papel.,Tú has roto el papel.,Неправильное participio: roto.,active
g0171,preterito_perfecto,fix_error,Исправь ошибку,Corrige: Yo he muerto de hambre hoy.,Yo me he muerto de hambre hoy.,Yo me he muerto de hambre hoy.,С возвратным значением обычно me he muerto.,active
g0172,preterito_perfecto,fix_error,Исправь ошибку,Corrige: Ella ha hecho un error.,Ella ha cometido un error.,Ella ha cometido un error.,С ошибкой естественнее cometer un error.,active
g0173,preterito_perfecto,fix_error,Исправь ошибку,Corrige: Nosotros hemos estado aquí ayer.,Nosotros hemos estado aquí hoy.,Nosotros hemos estado aquí hoy.,Perfecto лучше сочетается с hoy.,active
g0174,preterito_perfecto,fix_error,Исправь ошибку,Corrige: Tú has descubrir la verdad.,Tú has descubierto la verdad.,Tú has descubierto la verdad.,После haber нужен participio.,active
g0175,preterito_perfecto,fix_error,Исправь ошибку,Corrige: Ellos han diciho la verdad.,Ellos han dicho la verdad.,Ellos han dicho la verdad.,Орфография participio: dicho.,active
g0176,preterito_perfecto,translation,Переведи на испанский,Я уже позавтракал.,He desayunado ya.,He desayunado ya.,Связь с настоящим моментом.,active
g0177,preterito_perfecto,translation,Переведи на испанский,Мы сегодня много работали.,Hemos trabajado mucho hoy.,Hemos trabajado mucho hoy.,Hoy часто требует perfecto.,active
g0178,preterito_perfecto,translation,Переведи на испанский,Ты видел этот фильм?,¿Has visto esta película?,¿Has visto esta película?,Вопрос в perfecto.,active
g0179,preterito_perfecto,translation,Переведи на испанский,Она открыла окно.,Ha abierto la ventana.,Ha abierto la ventana.,Результат важен сейчас.,active
g0180,preterito_perfecto,translation,Переведи на испанский,Они уже пришли.,Han llegado ya.,Han llegado ya.,Уже = ya.,active
g0181,preterito_perfecto,translation,Переведи на испанский,Я никогда не пробовал паэлью.,Nunca he probado la paella.,Nunca he probado la paella.,Опыт до настоящего момента.,active
g0182,preterito_perfecto,translation,Переведи на испанский,Мы уже сделали домашнее задание.,Ya hemos hecho la tarea.,Ya hemos hecho la tarea.,Perfecto уместен с ya.,active
g0183,preterito_perfecto,translation,Переведи на испанский,Ты сегодня говорил с Марией?,¿Has hablado con María hoy?,¿Has hablado con María hoy?,Сегодня — текущий период.,active
g0184,preterito_perfecto,translation,Переведи на испанский,Она написала письмо.,Ha escrito una carta.,Ha escrito una carta.,ha + participio.,active
g0185,preterito_perfecto,translation,Переведи на испанский,Мы посмотрели этот сериал.,Hemos visto esta serie.,Hemos visto esta serie.,hemos + participio.,active
g0186,preterito_perfecto,translation,Переведи на испанский,Я потерял ключи.,He perdido las llaves.,He perdido las llaves.,Результат актуален сейчас.,active
g0187,preterito_perfecto,translation,Переведи на испанский,Ты поставил чашку на стол.,Has puesto la taza sobre la mesa.,Has puesto la taza sobre la mesa.,has + participio.,active
g0188,preterito_perfecto,translation,Переведи на испанский,Он сказал правду.,Ha dicho la verdad.,Ha dicho la verdad.,Неправильное participio: dicho.,active
g0189,preterito_perfecto,translation,Переведи на испанский,Мы открыли дверь.,Hemos abierto la puerta.,Hemos abierto la puerta.,hemos + participio.,active
g0190,preterito_perfecto,translation,Переведи на испанский,Они вернулись поздно.,Han vuelto tarde.,Han vuelto tarde.,han + participio.,active
g0191,preterito_perfecto,translation,Переведи на испанский,Я прочитал эту статью.,He leído este artículo.,He leído este artículo.,he + participio.,active
g0192,preterito_perfecto,translation,Переведи на испанский,Мы сегодня были дома.,Hemos estado en casa hoy.,Hemos estado en casa hoy.,Сегодня — perfecto.,active
g0193,preterito_perfecto,translation,Переведи на испанский,Ты решил проблему?,¿Has resuelto el problema?,¿Has resuelto el problema?,Вопрос в perfecto.,active
g0194,preterito_perfecto,translation,Переведи на испанский,Она разбила стакан.,Ha roto el vaso.,Ha roto el vaso.,ha + participio.,active
g0195,preterito_perfecto,translation,Переведи на испанский,Мы закончили рано.,Hemos terminado temprano.,Hemos terminado temprano.,hemos + participio.,active
g0196,preterito_perfecto,translation,Переведи на испанский,Они обнаружили ошибку.,Han descubierto un error.,Han descubierto un error.,han + participio.,active
g0197,preterito_perfecto,translation,Переведи на испанский,Я сегодня выпил слишком много кофе.,He bebido demasiado café hoy.,He bebido demasiado café hoy.,Hoy — perfecto.,active
g0198,preterito_perfecto,translation,Переведи на испанский,Ты уже прочитал книгу?,¿Has leído ya el libro?,¿Has leído ya el libro?,Ya — perfecto.,active
g0199,preterito_perfecto,translation,Переведи на испанский,Мы жили здесь много лет.,Hemos vivido aquí muchos años.,Hemos vivido aquí muchos años.,Связь с настоящим.,active
g0200,preterito_perfecto,translation,Переведи на испанский,Они приняли решение.,Han tomado una decisión.,Han tomado una decisión.,han + participio.,active
g0201,preterito_indefinido,multiple_choice,Выбери правильную форму,Ayer yo ___ al cine.,fui,fui,Завершённое действие в прошлом — indefinido.,active
g0202,preterito_indefinido,multiple_choice,Выбери правильную форму,El año pasado nosotros ___ en Madrid.,estuvimos,estuvimos,Конкретный завершённый период в прошлом.,active
g0203,preterito_indefinido,multiple_choice,Выбери правильную форму,Tú ___ la carta anoche.,escribiste,escribiste,anoche тянет indefinido.,active
g0204,preterito_indefinido,multiple_choice,Выбери правильную форму,Ella ___ temprano ayer.,llegó,llegó,ayer — завершённое время.,active
g0205,preterito_indefinido,multiple_choice,Выбери правильную форму,Ellos ___ la verdad.,dijeron,dijeron,Индивидуальное завершённое действие.,active
g0206,preterito_indefinido,multiple_choice,Выбери правильную форму,Yo ___ mucho café esta mañana.,bebí,bebí,Закрытый период в прошлом.,active
g0207,preterito_indefinido,multiple_choice,Выбери правильную форму,Nosotros ___ el partido el domingo.,vimos,vimos,Конкретный день в прошлом.,active
g0208,preterito_indefinido,multiple_choice,Выбери правильную форму,Tú ___ las llaves en casa.,dejaste,dejaste,Один завершённый факт.,active
g0209,preterito_indefinido,multiple_choice,Выбери правильную форму,Ella ___ en 1998.,nació,nació,Год рождения — indefinido.,active
g0210,preterito_indefinido,multiple_choice,Выбери правильную форму,Ustedes ___ tarde.,salieron,salieron,Завершённое действие.,active
g0211,preterito_indefinido,multiple_choice,Выбери правильную форму,Yo ___ a Ana el lunes.,vi,vi,Конкретный день в прошлом.,active
g0212,preterito_indefinido,multiple_choice,Выбери правильную форму,Nosotros ___ mucho en vacaciones.,viajamos,viajamos,Завершённый период.,active
g0213,preterito_indefinido,multiple_choice,Выбери правильную форму,Tú ___ español en la universidad.,aprendiste,aprendiste,Завершённый факт в прошлом.,active
g0214,preterito_indefinido,multiple_choice,Выбери правильную форму,Él ___ una decisión difícil.,tomó,tomó,Завершённый факт.,active
g0215,preterito_indefinido,multiple_choice,Выбери правильную форму,Ellas ___ la puerta.,abrieron,abrieron,Один завершённый факт.,active
g0216,preterito_indefinido,multiple_choice,Выбери правильную форму,Yo ___ mis deberes ayer.,hice,hice,ayer — indefinido.,active
g0217,preterito_indefinido,multiple_choice,Выбери правильную форму,Nosotros ___ tarde a la fiesta.,llegamos,llegamos,Завершённый факт.,active
g0218,preterito_indefinido,multiple_choice,Выбери правильную форму,Tú ___ la verdad.,supiste,supiste,Однократное завершённое действие.,active
g0219,preterito_indefinido,multiple_choice,Выбери правильную форму,Ella ___ el vaso.,rompió,rompió,Завершённый факт.,active
g0220,preterito_indefinido,multiple_choice,Выбери правильную форму,Ellos ___ muy bien.,comieron,comieron,Завершённый приём пищи.,active
g0221,preterito_indefinido,multiple_choice,Выбери правильную форму,Yo ___ enfermo la semana pasada.,estuve,estuve,Состояние в завершённом периоде.,active
g0222,preterito_indefinido,multiple_choice,Выбери правильную форму,Nosotros ___ en Barcelona en 2022.,vivimos,vivimos,Завершённый период.,active
g0223,preterito_indefinido,multiple_choice,Выбери правильную форму,Tú ___ el problema solo.,resolviste,resolviste,Завершённое действие.,active
g0224,preterito_indefinido,multiple_choice,Выбери правильную форму,Ella ___ el libro en dos días.,leyó,leyó,Факт завершён.,active
g0225,preterito_indefinido,multiple_choice,Выбери правильную форму,Vosotros ___ ayer por la noche.,volvisteis,volvisteis,Завершённое действие.,active
g0226,preterito_indefinido,fill_form,Вставь правильную форму,Yo ___ (ir) al banco ayer.,fui,fui,Форма indefinido от ir.,active
g0227,preterito_indefinido,fill_form,Вставь правильную форму,Tú ___ (hacer) la tarea anoche.,hiciste,hiciste,Форма indefinido от hacer.,active
g0228,preterito_indefinido,fill_form,Вставь правильную форму,Ella ___ (tener) un problema.,tuvo,tuvo,Форма indefinido от tener.,active
g0229,preterito_indefinido,fill_form,Вставь правильную форму,Nosotros ___ (estar) en casa el domingo.,estuvimos,estuvimos,Форма indefinido от estar.,active
g0230,preterito_indefinido,fill_form,Вставь правильную форму,Ellos ___ (decir) la verdad.,dijeron,dijeron,Форма indefinido от decir.,active
g0231,preterito_indefinido,fill_form,Вставь правильную форму,Yo ___ (ver) a Marta ayer.,vi,vi,Форма indefinido от ver.,active
g0232,preterito_indefinido,fill_form,Вставь правильную форму,Tú ___ (poner) la mesa.,pusiste,pusiste,Форма indefinido от poner.,active
g0233,preterito_indefinido,fill_form,Вставь правильную форму,Ella ___ (venir) temprano.,vino,vino,Форма indefinido от venir.,active
g0234,preterito_indefinido,fill_form,Вставь правильную форму,Nosotros ___ (poder) entrar.,pudimos,pudimos,Форма indefinido от poder.,active
g0235,preterito_indefinido,fill_form,Вставь правильную форму,Ellos ___ (saber) la respuesta.,supieron,supieron,Форма indefinido от saber.,active
g0236,preterito_indefinido,fill_form,Вставь правильную форму,Yo ___ (querer) hablar contigo.,quise,quise,Форма indefinido от querer.,active
g0237,preterito_indefinido,fill_form,Вставь правильную форму,Tú ___ (leer) el libro.,leíste,leíste,Форма indefinido от leer.,active
g0238,preterito_indefinido,fill_form,Вставь правильную форму,Ella ___ (abrir) la ventana.,abrió,abrió,Правильная форма indefinido.,active
g0239,preterito_indefinido,fill_form,Вставь правильную форму,Nosotros ___ (romper) el vaso.,rompimos,rompimos,Правильная форма indefinido.,active
g0240,preterito_indefinido,fill_form,Вставь правильную форму,Ellos ___ (volver) tarde.,volvieron,volvieron,Правильная форма indefinido.,active
g0241,preterito_indefinido,fill_form,Вставь правильную форму,Yo ___ (nacer) en 1990.,nací,nací,Год рождения — indefinido.,active
g0242,preterito_indefinido,fill_form,Вставь правильную форму,Tú ___ (salir) muy tarde.,saliste,saliste,Правильная форма indefinido.,active
g0243,preterito_indefinido,fill_form,Вставь правильную форму,Ella ___ (traer) café.,trajo,trajo,Неправильная форма indefinido.,active
g0244,preterito_indefinido,fill_form,Вставь правильную форму,Nosotros ___ (andar) mucho.,anduvimos,anduvimos,Неправильная форма indefinido.,active
g0245,preterito_indefinido,fill_form,Вставь правильную форму,Ellos ___ (traducir) el texto.,tradujeron,tradujeron,Неправильная форма indefinido.,active
g0246,preterito_indefinido,fill_form,Вставь правильную форму,Yo ___ (comer) paella.,comí,comí,Правильная форма indefinido.,active
g0247,preterito_indefinido,fill_form,Вставь правильную форму,Tú ___ (beber) agua.,bebiste,bebiste,Правильная форма indefinido.,active
g0248,preterito_indefinido,fill_form,Вставь правильную форму,Ella ___ (escribir) una nota.,escribió,escribió,Правильная форма indefinido.,active
g0249,preterito_indefinido,fill_form,Вставь правильную форму,Nosotros ___ (vivir) allí.,vivimos,vivimos,Правильная форма indefinido.,active
g0250,preterito_indefinido,fill_form,Вставь правильную форму,Ellos ___ (llegar) tarde.,llegaron,llegaron,Правильная форма indefinido.,active
g0251,preterito_indefinido,fix_error,Исправь ошибку,Corrige: Ayer he ido al cine.,Ayer fui al cine.,Ayer fui al cine.,С ayer обычно используется indefinido.,active
g0252,preterito_indefinido,fix_error,Исправь ошибку,Corrige: Yo hacé la tarea anoche.,Yo hice la tarea anoche.,Yo hice la tarea anoche.,Неправильная форма: hice.,active
g0253,preterito_indefinido,fix_error,Исправь ошибку,Corrige: Ella ha llegado ayer.,Ella llegó ayer.,Ella llegó ayer.,Ayer требует indefinido.,active
g0254,preterito_indefinido,fix_error,Исправь ошибку,Corrige: Nosotros fuimos visto la película.,Nosotros vimos la película.,Nosotros vimos la película.,Нужна простая форма indefinido.,active
g0255,preterito_indefinido,fix_error,Исправь ошибку,Corrige: Él estuve en casa.,Él estuvo en casa.,Él estuvo en casa.,С él форма estuvo.,active
g0256,preterito_indefinido,fix_error,Исправь ошибку,Corrige: Tú dijiste la verdad ayer? -> usa perfecto,¿Dijiste la verdad ayer?,¿Dijiste la verdad ayer?,Ayer требует indefinido.,active
g0257,preterito_indefinido,fix_error,Исправь ошибку,Corrige: Yo sabí la respuesta.,Yo supe la respuesta.,Yo supe la respuesta.,Неправильная форма: supe.,active
g0258,preterito_indefinido,fix_error,Исправь ошибку,Corrige: Nosotros andamos mucho ayer. (значение caminar),Nosotros anduvimos mucho ayer.,Nosotros anduvimos mucho ayer.,В indefinido от andar — anduvimos.,active
g0259,preterito_indefinido,fix_error,Исправь ошибку,Corrige: Ella escribó una carta.,Ella escribió una carta.,Ella escribió una carta.,Неправильное окончание: escribió.,active
g0260,preterito_indefinido,fix_error,Исправь ошибку,Corrige: Ellos tenieron un problema.,Ellos tuvieron un problema.,Ellos tuvieron un problema.,Неправильная форма: tuvieron.,active
g0261,preterito_indefinido,fix_error,Исправь ошибку,Corrige: Yo he nacido en 1995.,Yo nací en 1995.,Yo nací en 1995.,Год рождения — indefinido.,active
g0262,preterito_indefinido,fix_error,Исправь ошибку,Corrige: Tú pudistemos entrar.,Nosotros pudimos entrar.,Nosotros pudimos entrar.,Неверное лицо и форма.,active
g0263,preterito_indefinido,fix_error,Исправь ошибку,Corrige: Ella traió café.,Ella trajo café.,Ella trajo café.,Неправильная форма: trajo.,active
g0264,preterito_indefinido,fix_error,Исправь ошибку,Corrige: Nosotros ponermos la mesa.,Nosotros pusimos la mesa.,Nosotros pusimos la mesa.,Неправильная форма: pusimos.,active
g0265,preterito_indefinido,fix_error,Исправь ошибку,Corrige: Ellos saliron tarde.,Ellos salieron tarde.,Ellos salieron tarde.,Неправильная форма: salieron.,active
g0266,preterito_indefinido,fix_error,Исправь ошибку,Corrige: Yo viní temprano.,Yo vine temprano.,Yo vine temprano.,Неправильная форма: vine.,active
g0267,preterito_indefinido,fix_error,Исправь ошибку,Corrige: Tú hizo la tarea.,Tú hiciste la tarea.,Tú hiciste la tarea.,С tú форма hiciste.,active
g0268,preterito_indefinido,fix_error,Исправь ошибку,Corrige: Él rompieron el vaso.,Él rompió el vaso.,Él rompió el vaso.,С él форма rompió.,active
g0269,preterito_indefinido,fix_error,Исправь ошибку,Corrige: Nosotros leímos el libro ayer. -> use perfect,Nosotros leímos el libro ayer.,Nosotros leímos el libro ayer.,Ayer требует indefinido.,active
g0270,preterito_indefinido,fix_error,Исправь ошибку,Corrige: Yo estuve enferma hoy. (для сегодня лучше perfecto),Hoy he estado enferma.,Hoy he estado enferma.,Сегодня часто требует perfecto.,active
g0271,preterito_indefinido,fix_error,Исправь ошибку,Corrige: Ella lleguó tarde.,Ella llegó tarde.,Ella llegó tarde.,Неправильное написание: llegó.,active
g0272,preterito_indefinido,fix_error,Исправь ошибку,Corrige: Nosotros decidimos ayer? -> use perfect,¿Decidimos ayer?,¿Decidimos ayer?,Ayer требует indefinido.,active
g0273,preterito_indefinido,fix_error,Исправь ошибку,Corrige: Yo bebi ayer demasiado café.,Yo bebí ayer demasiado café.,Yo bebí ayer demasiado café.,Нужен акцент: bebí.,active
g0274,preterito_indefinido,fix_error,Исправь ошибку,Corrige: Tú vivistemos allí.,Nosotros vivimos allí.,Nosotros vivimos allí.,Неверное лицо.,active
g0275,preterito_indefinido,fix_error,Исправь ошибку,Corrige: Ellos abrieron la puerta.,Ellos abrieron la puerta.,Ellos abrieron la puerta.,Правильная форма уже abrieron.,active
g0276,preterito_indefinido,translation,Переведи на испанский,Вчера я ходил в кино.,Ayer fui al cine.,Ayer fui al cine.,Ayer требует indefinido.,active
g0277,preterito_indefinido,translation,Переведи на испанский,Мы были в Мадриде в прошлом году.,Estuvimos en Madrid el año pasado.,Estuvimos en Madrid el año pasado.,Завершённый период в прошлом.,active
g0278,preterito_indefinido,translation,Переведи на испанский,Ты написал письмо вчера вечером.,Escribiste la carta anoche.,Escribiste la carta anoche.,anoche требует indefinido.,active
g0279,preterito_indefinido,translation,Переведи на испанский,Она пришла рано.,Llegó temprano.,Llegó temprano.,Завершённый факт.,active
g0280,preterito_indefinido,translation,Переведи на испанский,Они сказали правду.,Dijeron la verdad.,Dijeron la verdad.,Завершённый факт.,active
g0281,preterito_indefinido,translation,Переведи на испанский,Я сделал домашнее задание вчера.,Hice la tarea ayer.,Hice la tarea ayer.,ayer — indefinido.,active
g0282,preterito_indefinido,translation,Переведи на испанский,Мы посмотрели матч в воскресенье.,Vimos el partido el domingo.,Vimos el partido el domingo.,Конкретный день в прошлом.,active
g0283,preterito_indefinido,translation,Переведи на испанский,Ты оставил ключи дома.,Dejaste las llaves en casa.,Dejaste las llaves en casa.,Завершённый факт.,active
g0284,preterito_indefinido,translation,Переведи на испанский,Она родилась в 1998 году.,Nació en 1998.,Nació en 1998.,Год рождения — indefinido.,active
g0285,preterito_indefinido,translation,Переведи на испанский,Они вышли поздно.,Salieron tarde.,Salieron tarde.,Завершённый факт.,active
g0286,preterito_indefinido,translation,Переведи на испанский,Я увидел Ану в понедельник.,Vi a Ana el lunes.,Vi a Ana el lunes.,Конкретный день в прошлом.,active
g0287,preterito_indefinido,translation,Переведи на испанский,Мы много путешествовали летом.,Viajamos mucho en verano.,Viajamos mucho en verano.,Завершённый период.,active
g0288,preterito_indefinido,translation,Переведи на испанский,Ты выучил испанский в университете.,Aprendiste español en la universidad.,Aprendiste español en la universidad.,Завершённый факт в прошлом.,active
g0289,preterito_indefinido,translation,Переведи на испанский,Он принял трудное решение.,Tomó una decisión difícil.,Tomó una decisión difícil.,Завершённый факт.,active
g0290,preterito_indefinido,translation,Переведи на испанский,Они открыли дверь.,Abrieron la puerta.,Abrieron la puerta.,Завершённый факт.,active
g0291,preterito_indefinido,translation,Переведи на испанский,Я был болен на прошлой неделе.,Estuve enfermo la semana pasada.,Estuve enfermo la semana pasada.,Завершённый период.,active
g0292,preterito_indefinido,translation,Переведи на испанский,Мы жили в Барселоне в 2022 году.,Vivimos en Barcelona en 2022.,Vivimos en Barcelona en 2022.,Завершённый период.,active
g0293,preterito_indefinido,translation,Переведи на испанский,Ты решил проблему один.,Resolviste el problema solo.,Resolviste el problema solo.,Завершённый факт.,active
g0294,preterito_indefinido,translation,Переведи на испанский,Она прочитала книгу за два дня.,Leyó el libro en dos días.,Leyó el libro en dos días.,Завершённое действие.,active
g0295,preterito_indefinido,translation,Переведи на испанский,Вы вернулись вчера вечером.,Volvisteis ayer por la noche.,Volvisteis ayer por la noche.,Завершённый факт.,active
g0296,preterito_indefinido,translation,Переведи на испанский,Я поставил чашку на стол.,Puse la taza sobre la mesa.,Puse la taza sobre la mesa.,Завершённый факт.,active
g0297,preterito_indefinido,translation,Переведи на испанский,Ты принёс кофе.,Trajiste café.,Trajiste café.,Завершённый факт.,active
g0298,preterito_indefinido,translation,Переведи на испанский,Мы смогли войти.,Pudimos entrar.,Pudimos entrar.,Завершённый факт.,active
g0299,preterito_indefinido,translation,Переведи на испанский,Они знали ответ.,Supieron la respuesta.,Supieron la respuesta.,Завершённый факт.,active
g0300,preterito_indefinido,translation,Переведи на испанский,Я хотел поговорить с тобой.,Quise hablar contigo.,Quise hablar contigo.,Завершённый факт.,active
g0301,perfecto_vs_indefinido,multiple_choice,Выбери правильное время,Hoy yo ___ mucho. (trabajar),he trabajado,he trabajado,Hoy обычно требует perfecto.,active
g0302,perfecto_vs_indefinido,multiple_choice,Выбери правильное время,Ayer yo ___ mucho. (trabajar),trabajé,trabajé,Ayer требует indefinido.,active
g0303,perfecto_vs_indefinido,multiple_choice,Выбери правильное время,Esta semana nosotros ___ dos películas.,hemos visto,hemos visto,Текущая неделя ещё не закончилась.,active
g0304,perfecto_vs_indefinido,multiple_choice,Выбери правильное время,La semana pasada nosotros ___ dos películas.,vimos,vimos,Завершённая неделя — indefinido.,active
g0305,perfecto_vs_indefinido,multiple_choice,Выбери правильное время,¿Alguna vez ___ a Sevilla?,has ido,has ido,Жизненный опыт — perfecto.,active
g0306,perfecto_vs_indefinido,multiple_choice,Выбери правильное время,En 2019 ___ a Sevilla.,fui,fui,Конкретный год — indefinido.,active
g0307,perfecto_vs_indefinido,multiple_choice,Выбери правильное время,Hoy Marta ___ tarde.,ha llegado,ha llegado,Сегодня — perfecto.,active
g0308,perfecto_vs_indefinido,multiple_choice,Выбери правильное время,Marta ___ tarde ayer.,llegó,llegó,Ayer — indefinido.,active
g0309,perfecto_vs_indefinido,multiple_choice,Выбери правильное время,Este mes ellos ___ mucho.,han viajado,han viajado,Текущий месяц — perfecto.,active
g0310,perfecto_vs_indefinido,multiple_choice,Выбери правильное время,El mes pasado ellos ___ mucho.,viajaron,viajaron,Завершённый месяц — indefinido.,active
g0311,perfecto_vs_indefinido,multiple_choice,Выбери правильное время,¿Ya ___ la tarea hoy?,has hecho,has hecho,Hoy + ya — perfecto.,active
g0312,perfecto_vs_indefinido,multiple_choice,Выбери правильное время,¿___ la tarea anoche?,Hiciste,Hiciste,Anoche — indefinido.,active
g0313,perfecto_vs_indefinido,multiple_choice,Выбери правильное время,Nunca ___ sushi.,he probado,he probado,Жизненный опыт — perfecto.,active
g0314,perfecto_vs_indefinido,multiple_choice,Выбери правильное время,A los 10 años ___ sushi por primera vez.,probé,probé,Конкретный момент — indefinido.,active
g0315,perfecto_vs_indefinido,multiple_choice,Выбери правильное время,Esta mañana yo ___ café.,he tomado,he tomado,Текущий период дня.,active
g0316,perfecto_vs_indefinido,multiple_choice,Выбери правильное время,Ayer por la mañana yo ___ café.,tomé,tomé,Завершённый период.,active
g0317,perfecto_vs_indefinido,multiple_choice,Выбери правильное время,Hoy nosotros ___ en casa.,hemos estado,hemos estado,Сегодня — perfecto.,active
g0318,perfecto_vs_indefinido,multiple_choice,Выбери правильное время,El domingo nosotros ___ en casa.,estuvimos,estuvimos,Конкретный день — indefinido.,active
g0319,perfecto_vs_indefinido,multiple_choice,Выбери правильное время,¿Alguna vez ___ ese libro?,has leído,has leído,Опыт — perfecto.,active
g0320,perfecto_vs_indefinido,multiple_choice,Выбери правильное время,El verano pasado ___ ese libro.,leí,leí,Завершённый период — indefinido.,active
g0321,perfecto_vs_indefinido,multiple_choice,Выбери правильное время,Esta tarde ella ___ a su madre.,ha llamado,ha llamado,Текущий период.,active
g0322,perfecto_vs_indefinido,multiple_choice,Выбери правильное время,Ayer ella ___ a su madre.,llamó,llamó,Ayer — indefinido.,active
g0323,perfecto_vs_indefinido,multiple_choice,Выбери правильное время,Todavía no ___ la respuesta.,he encontrado,he encontrado,Todavía no часто требует perfecto.,active
g0324,perfecto_vs_indefinido,multiple_choice,Выбери правильное время,Anoche no ___ la respuesta.,encontré,encontré,Anoche — indefinido.,active
g0325,perfecto_vs_indefinido,multiple_choice,Выбери правильное время,Ya ___ todo hoy.,he terminado,he terminado,Hoy + ya — perfecto.,active
g0326,perfecto_vs_indefinido,fill_form,Вставь правильную форму,Hoy yo ___ (comer) muy poco.,he comido,he comido,Hoy — perfecto.,active
g0327,perfecto_vs_indefinido,fill_form,Вставь правильную форму,Ayer yo ___ (comer) muy poco.,comí,comí,Ayer — indefinido.,active
g0328,perfecto_vs_indefinido,fill_form,Вставь правильную форму,Esta semana nosotros ___ (ver) a Ana.,hemos visto,hemos visto,Текущая неделя.,active
g0329,perfecto_vs_indefinido,fill_form,Вставь правильную форму,La semana pasada nosotros ___ (ver) a Ana.,vimos,vimos,Завершённая неделя.,active
g0330,perfecto_vs_indefinido,fill_form,Вставь правильную форму,¿Alguna vez ___ (estar) en México?,has estado,has estado,Жизненный опыт.,active
g0331,perfecto_vs_indefinido,fill_form,Вставь правильную форму,En 2020 ___ (estar) en México.,estuve,estuve,Конкретный год.,active
g0332,perfecto_vs_indefinido,fill_form,Вставь правильную форму,Hoy Marta ___ (hacer) la compra.,ha hecho,ha hecho,Сегодня — perfecto.,active
g0333,perfecto_vs_indefinido,fill_form,Вставь правильную форму,Ayer Marta ___ (hacer) la compra.,hizo,hizo,Ayer — indefinido.,active
g0334,perfecto_vs_indefinido,fill_form,Вставь правильную форму,Este mes ellos ___ (leer) tres libros.,han leído,han leído,Текущий месяц.,active
g0335,perfecto_vs_indefinido,fill_form,Вставь правильную форму,El mes pasado ellos ___ (leer) tres libros.,leyeron,leyeron,Завершённый месяц.,active
g0336,perfecto_vs_indefinido,fill_form,Вставь правильную форму,Nunca ___ (probar) pulpo.,he probado,he probado,Опыт.,active
g0337,perfecto_vs_indefinido,fill_form,Вставь правильную форму,A los veinte años ___ (probar) pulpo.,probé,probé,Конкретный момент.,active
g0338,perfecto_vs_indefinido,fill_form,Вставь правильную форму,Hoy nosotros ___ (estar) ocupados.,hemos estado,hemos estado,Сегодня.,active
g0339,perfecto_vs_indefinido,fill_form,Вставь правильную форму,El domingo nosotros ___ (estar) ocupados.,estuvimos,estuvimos,Конкретный день.,active
g0340,perfecto_vs_indefinido,fill_form,Вставь правильную форму,Todavía no ___ (terminar).,he terminado,he terminado,Todavía no — perfecto.,active
g0341,perfecto_vs_indefinido,fill_form,Вставь правильную форму,Anoche no ___ (terminar).,terminé,terminé,Anoche — indefinido.,active
g0342,perfecto_vs_indefinido,fill_form,Вставь правильную форму,Esta mañana yo ___ (beber) café.,he bebido,he bebido,Текущий период дня.,active
g0343,perfecto_vs_indefinido,fill_form,Вставь правильную форму,Ayer por la mañana yo ___ (beber) café.,bebí,bebí,Завершённый период.,active
g0344,perfecto_vs_indefinido,fill_form,Вставь правильную форму,Hoy ella ___ (llamar) a su madre.,ha llamado,ha llamado,Сегодня.,active
g0345,perfecto_vs_indefinido,fill_form,Вставь правильную форму,Ayer ella ___ (llamar) a su madre.,llamó,llamó,Ayer.,active
g0346,perfecto_vs_indefinido,fill_form,Вставь правильную форму,¿Ya ___ (resolver) el problema hoy?,has resuelto,has resuelto,Hoy + ya.,active
g0347,perfecto_vs_indefinido,fill_form,Вставь правильную форму,¿___ (resolver) el problema ayer?,Resolviste,Resolviste,Ayer.,active
g0348,perfecto_vs_indefinido,fill_form,Вставь правильную форму,Este año nosotros ___ (viajar) mucho.,hemos viajado,hemos viajado,Текущий год.,active
g0349,perfecto_vs_indefinido,fill_form,Вставь правильную форму,El año pasado nosotros ___ (viajar) mucho.,viajamos,viajamos,Завершённый год.,active
g0350,perfecto_vs_indefinido,fill_form,Вставь правильную форму,Alguna vez ___ (decir) eso?,has dicho,has dicho,Опыт до настоящего момента.,active
g0351,perfecto_vs_indefinido,fix_error,Исправь ошибку,Corrige: Ayer he ido al banco.,Ayer fui al banco.,Ayer fui al banco.,Ayer требует indefinido.,active
g0352,perfecto_vs_indefinido,fix_error,Исправь ошибку,Corrige: Hoy fui al banco.,Hoy he ido al banco.,Hoy he ido al banco.,Hoy обычно требует perfecto.,active
g0353,perfecto_vs_indefinido,fix_error,Исправь ошибку,Corrige: La semana pasada hemos visto a Ana.,La semana pasada vimos a Ana.,La semana pasada vimos a Ana.,Завершённая неделя — indefinido.,active
g0354,perfecto_vs_indefinido,fix_error,Исправь ошибку,Corrige: Este mes viajamos mucho.,Este mes hemos viajado mucho.,Este mes hemos viajado mucho.,Текущий месяц — perfecto.,active
g0355,perfecto_vs_indefinido,fix_error,Исправь ошибку,Corrige: En 2018 he vivido en Madrid.,En 2018 viví en Madrid.,En 2018 viví en Madrid.,Конкретный год — indefinido.,active
g0356,perfecto_vs_indefinido,fix_error,Исправь ошибку,Corrige: Nunca fui a Perú.,Nunca he ido a Perú.,Nunca he ido a Perú.,Жизненный опыт — perfecto.,active
g0357,perfecto_vs_indefinido,fix_error,Исправь ошибку,Corrige: Hoy terminé la tarea.,Hoy he terminado la tarea.,Hoy he terminado la tarea.,Hoy — perfecto.,active
g0358,perfecto_vs_indefinido,fix_error,Исправь ошибку,Corrige: Ayer he terminado la tarea.,Ayer terminé la tarea.,Ayer terminé la tarea.,Ayer — indefinido.,active
g0359,perfecto_vs_indefinido,fix_error,Исправь ошибку,Corrige: Esta mañana bebí café. (утро ещё продолжается),Esta mañana he bebido café.,Esta mañana he bebido café.,Текущий период дня — perfecto.,active
g0360,perfecto_vs_indefinido,fix_error,Исправь ошибку,Corrige: El domingo hemos estado en casa.,El domingo estuvimos en casa.,El domingo estuvimos en casa.,Конкретный день — indefinido.,active
g0361,perfecto_vs_indefinido,fix_error,Исправь ошибку,Corrige: Ya terminé hoy.,Ya he terminado hoy.,Ya he terminado hoy.,Сегодня + ya — perfecto.,active
g0362,perfecto_vs_indefinido,fix_error,Исправь ошибку,Corrige: En mi vida vi esa película.,En mi vida he visto esa película.,En mi vida he visto esa película.,Жизненный опыт — perfecto.,active
g0363,perfecto_vs_indefinido,fix_error,Исправь ошибку,Corrige: El mes pasado han comprado un coche.,El mes pasado compraron un coche.,El mes pasado compraron un coche.,Завершённый месяц — indefinido.,active
g0364,perfecto_vs_indefinido,fix_error,Исправь ошибку,Corrige: Este año compramos un coche.,Este año hemos comprado un coche.,Este año hemos comprado un coche.,Текущий год — perfecto.,active
g0365,perfecto_vs_indefinido,fix_error,Исправь ошибку,Corrige: Alguna vez fuiste a Granada?,¿Alguna vez has ido a Granada?,¿Alguna vez has ido a Granada?,Жизненный опыт.,active
g0366,perfecto_vs_indefinido,fix_error,Исправь ошибку,Corrige: En 2021 he estudiado allí.,En 2021 estudié allí.,En 2021 estudié allí.,Конкретный год.,active
g0367,perfecto_vs_indefinido,fix_error,Исправь ошибку,Corrige: Hoy ella llamó a su madre.,Hoy ella ha llamado a su madre.,Hoy ella ha llamado a su madre.,Сегодня — perfecto.,active
g0368,perfecto_vs_indefinido,fix_error,Исправь ошибку,Corrige: Ayer ella ha llamado a su madre.,Ayer ella llamó a su madre.,Ayer ella llamó a su madre.,Ayer — indefinido.,active
g0369,perfecto_vs_indefinido,fix_error,Исправь ошибку,Corrige: Nunca probé paella.,Nunca he probado paella.,Nunca he probado paella.,Жизненный опыт.,active
g0370,perfecto_vs_indefinido,fix_error,Исправь ошибку,Corrige: Cuando tenía 12 años he probado paella.,Cuando tenía 12 años probé paella.,Cuando tenía 12 años probé paella.,Конкретный момент.,active
g0371,perfecto_vs_indefinido,fix_error,Исправь ошибку,Corrige: Esta semana vimos tres películas.,Esta semana hemos visto tres películas.,Esta semana hemos visto tres películas.,Текущая неделя.,active
g0372,perfecto_vs_indefinido,fix_error,Исправь ошибку,Corrige: La semana pasada hemos comido fuera.,La semana pasada comimos fuera.,La semana pasada comimos fuera.,Завершённая неделя.,active
g0373,perfecto_vs_indefinido,fix_error,Исправь ошибку,Corrige: Hoy estuve cansado.,Hoy he estado cansado.,Hoy he estado cansado.,Сегодня — perfecto.,active
g0374,perfecto_vs_indefinido,fix_error,Исправь ошибку,Corrige: El sábado he estado cansado.,El sábado estuve cansado.,El sábado estuve cansado.,Конкретный день.,active
g0375,perfecto_vs_indefinido,fix_error,Исправь ошибку,Corrige: Ya hice todo esta tarde. (вечер ещё продолжается),Ya he hecho todo esta tarde.,Ya he hecho todo esta tarde.,Текущий период — perfecto.,active
g0376,perfecto_vs_indefinido,translation,Переведи на испанский,Сегодня я много работал.,Hoy he trabajado mucho.,Hoy he trabajado mucho.,Hoy — perfecto.,active
g0377,perfecto_vs_indefinido,translation,Переведи на испанский,Вчера я много работал.,Ayer trabajé mucho.,Ayer trabajé mucho.,Ayer — indefinido.,active
g0378,perfecto_vs_indefinido,translation,Переведи на испанский,На этой неделе мы посмотрели два фильма.,Esta semana hemos visto dos películas.,Esta semana hemos visto dos películas.,Текущая неделя — perfecto.,active
g0379,perfecto_vs_indefinido,translation,Переведи на испанский,На прошлой неделе мы посмотрели два фильма.,La semana pasada vimos dos películas.,La semana pasada vimos dos películas.,Завершённая неделя — indefinido.,active
g0380,perfecto_vs_indefinido,translation,Переведи на испанский,Ты когда-нибудь был в Севилье?,¿Alguna vez has estado en Sevilla?,¿Alguna vez has estado en Sevilla?,Жизненный опыт — perfecto.,active
g0381,perfecto_vs_indefinido,translation,Переведи на испанский,В 2019 году я был в Севилье.,En 2019 estuve en Sevilla.,En 2019 estuve en Sevilla.,Конкретный год — indefinido.,active
g0382,perfecto_vs_indefinido,translation,Переведи на испанский,Сегодня Марта пришла поздно.,Hoy Marta ha llegado tarde.,Hoy Marta ha llegado tarde.,Сегодня — perfecto.,active
g0383,perfecto_vs_indefinido,translation,Переведи на испанский,Вчера Марта пришла поздно.,Ayer Marta llegó tarde.,Ayer Marta llegó tarde.,Ayer — indefinido.,active
g0384,perfecto_vs_indefinido,translation,Переведи на испанский,В этом месяце они много путешествовали.,Este mes han viajado mucho.,Este mes han viajado mucho.,Текущий месяц — perfecto.,active
g0385,perfecto_vs_indefinido,translation,Переведи на испанский,В прошлом месяце они много путешествовали.,El mes pasado viajaron mucho.,El mes pasado viajaron mucho.,Завершённый месяц — indefinido.,active
g0386,perfecto_vs_indefinido,translation,Переведи на испанский,Ты уже сделал домашнее задание сегодня?,¿Ya has hecho la tarea hoy?,¿Ya has hecho la tarea hoy?,Hoy + ya — perfecto.,active
g0387,perfecto_vs_indefinido,translation,Переведи на испанский,Ты сделал домашнее задание вчера вечером?,¿Hiciste la tarea anoche?,¿Hiciste la tarea anoche?,Anoche — indefinido.,active
g0388,perfecto_vs_indefinido,translation,Переведи на испанский,Я никогда не пробовал осьминога.,Nunca he probado pulpo.,Nunca he probado pulpo.,Жизненный опыт — perfecto.,active
g0389,perfecto_vs_indefinido,translation,Переведи на испанский,В двадцать лет я впервые попробовал осьминога.,A los veinte años probé pulpo por primera vez.,A los veinte años probé pulpo por primera vez.,Конкретный момент — indefinido.,active
g0390,perfecto_vs_indefinido,translation,Переведи на испанский,Сегодня утром я пил кофе.,Esta mañana he bebido café.,Esta mañana he bebido café.,Текущий период дня.,active
g0391,perfecto_vs_indefinido,translation,Переведи на испанский,Вчера утром я пил кофе.,Ayer por la mañana bebí café.,Ayer por la mañana bebí café.,Завершённый период.,active
g0392,perfecto_vs_indefinido,translation,Переведи на испанский,Сегодня мы были дома.,Hoy hemos estado en casa.,Hoy hemos estado en casa.,Сегодня — perfecto.,active
g0393,perfecto_vs_indefinido,translation,Переведи на испанский,В воскресенье мы были дома.,El domingo estuvimos en casa.,El domingo estuvimos en casa.,Конкретный день.,active
g0394,perfecto_vs_indefinido,translation,Переведи на испанский,Ты уже нашёл ответ?,¿Ya has encontrado la respuesta?,¿Ya has encontrado la respuesta?,Связь с настоящим.,active
g0395,perfecto_vs_indefinido,translation,Переведи на испанский,Вчера вечером я нашёл ответ.,Ayer por la noche encontré la respuesta.,Ayer por la noche encontré la respuesta.,Завершённое действие.,active
g0396,perfecto_vs_indefinido,translation,Переведи на испанский,В этом году мы много путешествовали.,Este año hemos viajado mucho.,Este año hemos viajado mucho.,Текущий год.,active
g0397,perfecto_vs_indefinido,translation,Переведи на испанский,В прошлом году мы много путешествовали.,El año pasado viajamos mucho.,El año pasado viajamos mucho.,Завершённый год.,active
g0398,perfecto_vs_indefinido,translation,Переведи на испанский,Она сегодня звонила матери.,Hoy ha llamado a su madre.,Hoy ha llamado a su madre.,Сегодня — perfecto.,active
g0399,perfecto_vs_indefinido,translation,Переведи на испанский,Она вчера звонила матери.,Ayer llamó a su madre.,Ayer llamó a su madre.,Ayer — indefinido.,active
g0400,perfecto_vs_indefinido,translation,Переведи на испанский,Ты когда-нибудь читал эту книгу?,¿Alguna vez has leído este libro?,¿Alguna vez has leído este libro?,Жизненный опыт.,active
g0401,pronombres,multiple_choice,Выбери правильное местоимение,Yo ___ veo todos los días. (a Juan),lo,lo,a Juan → masculino singular directo → lo.,active
g0402,pronombres,multiple_choice,Выбери правильное местоимение,Yo ___ escribo una carta. (a María),le,le,a María → indirecto → le.,active
g0403,pronombres,multiple_choice,Выбери правильное местоимение,Nosotros ___ invitamos. (a Ana),la,la,Ana → directo femenino singular → la.,active
g0404,pronombres,multiple_choice,Выбери правильное местоимение,¿Tú ___ das el libro? (a ellos),les,les,a ellos → indirecto plural → les.,active
g0405,pronombres,multiple_choice,Выбери правильное местоимение,Ella ___ llama hoy. (a mí),me,me,a mí → me.,active
g0406,pronombres,multiple_choice,Выбери правильное местоимение,Yo ___ explico la tarea. (a ti),te,te,a ti → te.,active
g0407,pronombres,multiple_choice,Выбери правильное местоимение,Él ___ compra. (los zapatos),los,los,los zapatos → directo plural masculino.,active
g0408,pronombres,multiple_choice,Выбери правильное местоимение,Nosotras ___ escribimos. (a nuestras amigas),les,les,Indirecto plural → les.,active
g0409,pronombres,multiple_choice,Выбери правильное местоимение,¿Tú ___ conoces? (a Laura),la,la,Laura → directo femenino singular.,active
g0410,pronombres,multiple_choice,Выбери правильное местоимение,Yo ___ digo la verdad. (a usted),le,le,a usted → indirecto singular le.,active
g0411,pronombres,multiple_choice,Выбери правильное местоимение,Ella ___ ve. (a nosotros),nos,nos,a nosotros → nos.,active
g0412,pronombres,multiple_choice,Выбери правильное местоимение,Yo ___ mando un mensaje. (a vosotros),os,os,a vosotros → os.,active
g0413,pronombres,multiple_choice,Выбери правильное местоимение,Él ___ escucha. (la canción),la,la,la canción → directo femenino singular.,active
g0414,pronombres,multiple_choice,Выбери правильное местоимение,Nosotros ___ regalamos flores. (a nuestra madre),le,le,a nuestra madre → indirecto singular.,active
g0415,pronombres,multiple_choice,Выбери правильное местоимение,Yo ___ necesito. (a ti),te,te,a ti → te.,active
g0416,pronombres,multiple_choice,Выбери правильное местоимение,Tú ___ miras. (a mí),me,me,a mí → me.,active
g0417,pronombres,multiple_choice,Выбери правильное местоимение,Ellos ___ llaman. (a vosotros),os,os,a vosotros → os.,active
g0418,pronombres,multiple_choice,Выбери правильное местоимение,Yo ___ compro. (las entradas),las,las,las entradas → directo femenino plural.,active
g0419,pronombres,multiple_choice,Выбери правильное местоимение,Ella ___ presta dinero. (a mí),me,me,a mí → me.,active
g0420,pronombres,multiple_choice,Выбери правильное местоимение,Nosotros ___ conocemos. (a ellos),los,los,a ellos как прямое дополнение → los.,active
g0421,pronombres,multiple_choice,Выбери правильное местоимение,Yo ___ doy las llaves. (a Juan),le,le,Непрямое дополнение → le.,active
g0422,pronombres,multiple_choice,Выбери правильное местоимение,Ella ___ abraza. (a su hija),la,la,Прямое дополнение → la.,active
g0423,pronombres,multiple_choice,Выбери правильное местоимение,Nosotros ___ decimos la verdad. (a ellos),les,les,Непрямое дополнение мн. число.,active
g0424,pronombres,multiple_choice,Выбери правильное местоимение,Yo ___ busco. (a mis amigos),los,los,Прямое дополнение мн. число.,active
g0425,pronombres,multiple_choice,Выбери правильное местоимение,Tú ___ escribes. (a mí),me,me,Адресат — me.,active
g0426,pronombres,fill_form,Вставь правильное местоимение,Yo ___ veo. (a María),la,la,"Прямое дополнение, fem. sing.",active
g0427,pronombres,fill_form,Вставь правильное местоимение,Yo ___ doy el libro. (a Juan),le,le,"Непрямое дополнение, sing.",active
g0428,pronombres,fill_form,Вставь правильное местоимение,Ella ___ llama. (a nosotros),nos,nos,a nosotros → nos.,active
g0429,pronombres,fill_form,Вставь правильное местоимение,Nosotros ___ escribimos. (a ti),te,te,a ti → te.,active
g0430,pronombres,fill_form,Вставь правильное местоимение,Tú ___ compras. (los zapatos),los,los,"Прямое дополнение, masc. pl.",active
g0431,pronombres,fill_form,Вставь правильное местоимение,Yo ___ explico la lección. (a vosotros),os,os,a vosotros → os.,active
g0432,pronombres,fill_form,Вставь правильное местоимение,Él ___ escucha. (la canción),la,la,Прямое дополнение.,active
g0433,pronombres,fill_form,Вставь правильное местоимение,Nosotras ___ damos una respuesta. (a ellos),les,les,Непрямое дополнение plural.,active
g0434,pronombres,fill_form,Вставь правильное местоимение,Yo ___ conozco. (a Laura),la,la,Laura → la.,active
g0435,pronombres,fill_form,Вставь правильное местоимение,Ella ___ escribe una carta. (a mí),me,me,a mí → me.,active
g0436,pronombres,fill_form,Вставь правильное местоимение,Nosotros ___ miramos. (a ti),te,te,a ti → te.,active
g0437,pronombres,fill_form,Вставь правильное местоимение,Yo ___ compro. (las flores),las,las,Прямое дополнение plural.,active
g0438,pronombres,fill_form,Вставь правильное местоимение,Él ___ manda un mensaje. (a ella),le,le,Непрямое дополнение singular.,active
g0439,pronombres,fill_form,Вставь правильное местоимение,Vosotros ___ ayudáis. (a nosotros),nos,nos,a nosotros → nos.,active
g0440,pronombres,fill_form,Вставь правильное местоимение,Yo ___ necesito. (a ustedes),los,los,Прямое дополнение plural.,active
g0441,pronombres,fill_form,Вставь правильное местоимение,Ella ___ dice la verdad. (a ti),te,te,Непрямое дополнение sing.,active
g0442,pronombres,fill_form,Вставь правильное местоимение,Nosotros ___ invitamos. (a Marta),la,la,Marta → la.,active
g0443,pronombres,fill_form,Вставь правильное местоимение,Yo ___ presto mi coche. (a mi amigo),le,le,Непрямое дополнение.,active
g0444,pronombres,fill_form,Вставь правильное местоимение,Tú ___ ves. (a mí),me,me,a mí → me.,active
g0445,pronombres,fill_form,Вставь правильное местоимение,Ellos ___ llaman. (a Juan y Pedro),los,los,Прямое дополнение masc. plural.,active
g0446,pronombres,fill_form,Вставь правильное местоимение,Yo ___ escribo. (a mis padres),les,les,Непрямое дополнение plural.,active
g0447,pronombres,fill_form,Вставь правильное местоимение,Ella ___ abraza. (a su madre),la,la,Прямое дополнение fem. sing.,active
g0448,pronombres,fill_form,Вставь правильное местоимение,Nosotros ___ mandamos fotos. (a vosotros),os,os,a vosotros → os.,active
g0449,pronombres,fill_form,Вставь правильное местоимение,Yo ___ escucho. (las noticias),las,las,Прямое дополнение fem. plural.,active
g0450,pronombres,fill_form,Вставь правильное местоимение,Tú ___ compras un regalo. (a mí),me,me,Непрямое дополнение.,active
g0451,pronombres,fix_error,Исправь ошибку,Corrige: Yo la doy el libro a Juan.,Yo le doy el libro a Juan.,Yo le doy el libro a Juan.,Непрямое дополнение требует le.,active
g0452,pronombres,fix_error,Исправь ошибку,Corrige: Yo le veo todos los días. (a Pedro),Yo lo veo todos los días.,Yo lo veo todos los días.,Прямое дополнение masc. sing. → lo.,active
g0453,pronombres,fix_error,Исправь ошибку,Corrige: Nosotros les invitamos. (a Ana),Nosotros la invitamos.,Nosotros la invitamos.,Прямое дополнение fem. sing. → la.,active
g0454,pronombres,fix_error,Исправь ошибку,Corrige: Ella la escribe una carta a mí.,Ella me escribe una carta.,Ella me escribe una carta.,Адресат письма — me.,active
g0455,pronombres,fix_error,Исправь ошибку,Corrige: Yo los explico la tarea a vosotros.,Yo os explico la tarea.,Yo os explico la tarea.,Непрямое дополнение a vosotros → os.,active
g0456,pronombres,fix_error,Исправь ошибку,Corrige: Él le escucha. (la canción),Él la escucha.,Él la escucha.,la canción — прямое дополнение.,active
g0457,pronombres,fix_error,Исправь ошибку,Corrige: Yo la digo la verdad a ti.,Yo te digo la verdad.,Yo te digo la verdad.,Получатель информации — te.,active
g0458,pronombres,fix_error,Исправь ошибку,Corrige: Nosotros lo damos flores a nuestra madre.,Nosotros le damos flores a nuestra madre.,Nosotros le damos flores a nuestra madre.,Непрямое дополнение singular → le.,active
g0459,pronombres,fix_error,Исправь ошибку,Corrige: Tú les miras. (a mí),Tú me miras.,Tú me miras.,a mí → me.,active
g0460,pronombres,fix_error,Исправь ошибку,Corrige: Ella lo abraza. (a su hija),Ella la abraza.,Ella la abraza.,su hija → la.,active
g0461,pronombres,fix_error,Исправь ошибку,Corrige: Yo le compro. (las entradas),Yo las compro.,Yo las compro.,las entradas — прямое дополнение.,active
g0462,pronombres,fix_error,Исправь ошибку,Corrige: Nosotros las escribimos. (a ellos),Nosotros les escribimos.,Nosotros les escribimos.,a ellos как адресат → les.,active
g0463,pronombres,fix_error,Исправь ошибку,Corrige: Tú le conoces. (a Laura),Tú la conoces.,Tú la conoces.,Laura как прямое дополнение → la.,active
g0464,pronombres,fix_error,Исправь ошибку,Corrige: Yo os veo. (a nosotros),Yo nos veo.,Yo nos veo.,a nosotros → nos.,active
g0465,pronombres,fix_error,Исправь ошибку,Corrige: Ella me presta dinero a yo.,Ella me presta dinero.,Ella me presta dinero.,Нужна форма me без a yo.,active
g0466,pronombres,fix_error,Исправь ошибку,Corrige: Yo la mando un mensaje a usted.,Yo le mando un mensaje a usted.,Yo le mando un mensaje a usted.,Адресат → le.,active
g0467,pronombres,fix_error,Исправь ошибку,Corrige: Tú nos compras. (el pan),Tú lo compras.,Tú lo compras.,el pan — прямое дополнение masc. sing.,active
g0468,pronombres,fix_error,Исправь ошибку,Corrige: Ellos les llaman. (a vosotros),Ellos os llaman.,Ellos os llaman.,a vosotros → os.,active
g0469,pronombres,fix_error,Исправь ошибку,Corrige: Yo las explico la respuesta a Juan.,Yo le explico la respuesta a Juan.,Yo le explico la respuesta a Juan.,Непрямое дополнение → le.,active
g0470,pronombres,fix_error,Исправь ошибку,Corrige: Ella lo escucha a sus amigas.,Ella las escucha.,Ella las escucha.,sus amigas → las.,active
g0471,pronombres,fix_error,Исправь ошибку,Corrige: Nosotros la escribimos. (a nuestros padres),Nosotros les escribimos.,Nosotros les escribimos.,Адресат plural → les.,active
g0472,pronombres,fix_error,Исправь ошибку,Corrige: Yo les veo. (a Ana y Marta),Yo las veo.,Yo las veo.,Прямое дополнение fem. plural → las.,active
g0473,pronombres,fix_error,Исправь ошибку,Corrige: Tú lo dices la verdad a mí.,Tú me dices la verdad.,Tú me dices la verdad.,Получатель информации → me.,active
g0474,pronombres,fix_error,Исправь ошибку,Corrige: Yo le busco. (a mis amigos),Yo los busco.,Yo los busco.,Прямое дополнение masc. plural → los.,active
g0475,pronombres,fix_error,Исправь ошибку,Corrige: Nosotros los damos el libro a ella.,Nosotros le damos el libro a ella.,Nosotros le damos el libro a ella.,Непрямое дополнение → le.,active
g0476,pronombres,translation,Переведи на испанский,Я вижу его каждый день.,Lo veo todos los días.,Lo veo todos los días.,Прямое дополнение masc. sing. → lo.,active
g0477,pronombres,translation,Переведи на испанский,Я даю ей книгу.,Le doy el libro.,Le doy el libro.,Непрямое дополнение sing. → le.,active
g0478,pronombres,translation,Переведи на испанский,Мы приглашаем её.,La invitamos.,La invitamos.,Прямое дополнение fem. sing. → la.,active
g0479,pronombres,translation,Переведи на испанский,Ты даёшь им книгу?,¿Les das el libro?,¿Les das el libro?,Непрямое дополнение plural → les.,active
g0480,pronombres,translation,Переведи на испанский,Она звонит мне сегодня.,Me llama hoy.,Me llama hoy.,a mí → me.,active
g0481,pronombres,translation,Переведи на испанский,Я объясняю тебе задание.,Te explico la tarea.,Te explico la tarea.,a ti → te.,active
g0482,pronombres,translation,Переведи на испанский,Он покупает их. (туфли),Los compra.,Los compra.,Прямое дополнение masc. plural.,active
g0483,pronombres,translation,Переведи на испанский,Мы пишем им.,Les escribimos.,Les escribimos.,Адресат plural → les.,active
g0484,pronombres,translation,Переведи на испанский,Ты знаешь её? (Лауру),¿La conoces?,¿La conoces?,Laura → la.,active
g0485,pronombres,translation,Переведи на испанский,Я говорю вам правду.,Les digo la verdad.,Les digo la verdad.,Непрямое дополнение plural / formal.,active
g0486,pronombres,translation,Переведи на испанский,Она видит нас.,Nos ve.,Nos ve.,a nosotros → nos.,active
g0487,pronombres,translation,Переведи на испанский,Я отправляю вам сообщение. (vosotros),Os mando un mensaje.,Os mando un mensaje.,a vosotros → os.,active
g0488,pronombres,translation,Переведи на испанский,Он слушает её. (песню),La escucha.,La escucha.,la canción → la.,active
g0489,pronombres,translation,Переведи на испанский,Мы дарим ей цветы.,Le regalamos flores.,Le regalamos flores.,Непрямое дополнение sing. → le.,active
g0490,pronombres,translation,Переведи на испанский,Я нуждаюсь в тебе.,Te necesito.,Te necesito.,С necesitar обычно te.,active
g0491,pronombres,translation,Переведи на испанский,Ты смотришь на меня.,Me miras.,Me miras.,a mí → me.,active
g0492,pronombres,translation,Переведи на испанский,Они звонят вам. (vosotros),Os llaman.,Os llaman.,a vosotros → os.,active
g0493,pronombres,translation,Переведи на испанский,Я покупаю их. (билеты),Las compro.,Las compro.,las entradas → las.,active
g0494,pronombres,translation,Переведи на испанский,Она одалживает мне деньги.,Me presta dinero.,Me presta dinero.,a mí → me.,active
g0495,pronombres,translation,Переведи на испанский,"Мы знаем их. (их, группа мужчин)",Los conocemos.,Los conocemos.,Прямое дополнение masc. plural.,active
g0496,pronombres,translation,Переведи на испанский,Я даю ему ключи.,Le doy las llaves.,Le doy las llaves.,Непрямое дополнение sing. → le.,active
g0497,pronombres,translation,Переведи на испанский,Она обнимает её дочь.,La abraza.,La abraza.,su hija → la.,active
g0498,pronombres,translation,Переведи на испанский,Мы говорим им правду.,Les decimos la verdad.,Les decimos la verdad.,Непрямое дополнение plural.,active
g0499,pronombres,translation,Переведи на испанский,Я ищу их. (моих друзей),Los busco.,Los busco.,Прямое дополнение masc. plural.,active
g0500,pronombres,translation,Переведи на испанский,Ты пишешь мне?,¿Me escribes?,¿Me escribes?,a mí → me.,active
g0501,por_para,multiple_choice,Выбери por или para,Este regalo es ___ ti.,para,para,Получатель / адресат — para.,active
g0502,por_para,multiple_choice,Выбери por или para,Gracias ___ venir.,por,por,Причина / благодарность — por.,active
g0503,por_para,multiple_choice,Выбери por или para,Trabajo ___ mi familia.,por,por,"Ради кого-то, мотив — por.",active
g0504,por_para,multiple_choice,Выбери por или para,Salgo ___ Madrid mañana.,para,para,Направление — para.,active
g0505,por_para,multiple_choice,Выбери por или para,Lo hice ___ aprender más.,para,para,Цель — para.,active
g0506,por_para,multiple_choice,Выбери por или para,Caminamos ___ el parque.,por,por,Движение через / по месту — por.,active
g0507,por_para,multiple_choice,Выбери por или para,Estudio español ___ viajar.,para,para,Цель — para.,active
g0508,por_para,multiple_choice,Выбери por или para,Te llamo ___ la tarde.,por,por,Часть дня — por.,active
g0509,por_para,multiple_choice,Выбери por или para,Lo cambié ___ otro libro.,por,por,Обмен — por.,active
g0510,por_para,multiple_choice,Выбери por или para,La tarea es ___ mañana.,para,para,Срок — para.,active
g0511,por_para,multiple_choice,Выбери por или para,Lo hice ___ ti.,por,por,Ради кого-то — por.,active
g0512,por_para,multiple_choice,Выбери por или para,Este tren va ___ Valencia.,para,para,Направление — para.,active
g0513,por_para,multiple_choice,Выбери por или para,Pagó diez euros ___ el café.,por,por,Цена — por.,active
g0514,por_para,multiple_choice,Выбери por или para,Necesito el informe ___ el viernes.,para,para,Срок — para.,active
g0515,por_para,multiple_choice,Выбери por или para,Hablamos ___ teléfono.,por,por,Средство связи — por.,active
g0516,por_para,multiple_choice,Выбери por или para,Lo compré ___ mi madre.,para,para,Получатель подарка — para.,active
g0517,por_para,multiple_choice,Выбери por или para,Voy ___ el centro.,por,por,Движение по / через место — por.,active
g0518,por_para,multiple_choice,Выбери por или para,Corro ___ mantenerme sano.,para,para,Цель — para.,active
g0519,por_para,multiple_choice,Выбери por или para,Lo sé ___ experiencia.,por,por,Причина / основание — por.,active
g0520,por_para,multiple_choice,Выбери por или para,Salimos ___ la puerta principal.,por,por,Через какую дверь — por.,active
g0521,por_para,multiple_choice,Выбери por или para,Este libro es ___ estudiantes.,para,para,Предназначение — para.,active
g0522,por_para,multiple_choice,Выбери por или para,Viajamos ___ tren.,por,por,Средство передвижения — por.,active
g0523,por_para,multiple_choice,Выбери por или para,Te doy esto ___ que lo leas.,para,para,Цель — para.,active
g0524,por_para,multiple_choice,Выбери por или para,Lo hice ___ error.,por,por,По ошибке — por.,active
g0525,por_para,multiple_choice,Выбери por или para,Estoy aquí ___ ayudarte.,para,para,Цель — para.,active
g0526,por_para,fill_form,Вставь por или para,Este regalo es ___ ti.,para,para,Адресат — para.,active
g0527,por_para,fill_form,Вставь por или para,Gracias ___ tu ayuda.,por,por,Причина благодарности — por.,active
g0528,por_para,fill_form,Вставь por или para,Trabajo ___ ganar dinero.,para,para,Цель — para.,active
g0529,por_para,fill_form,Вставь por или para,Pasamos ___ el museo.,por,por,Движение через место — por.,active
g0530,por_para,fill_form,Вставь por или para,La reunión es ___ mañana.,para,para,Срок — para.,active
g0531,por_para,fill_form,Вставь por или para,Lo hice ___ amor.,por,por,Причина / мотив — por.,active
g0532,por_para,fill_form,Вставь por или para,Salgo ___ Barcelona.,para,para,Направление — para.,active
g0533,por_para,fill_form,Вставь por или para,Hablamos ___ internet.,por,por,Средство — por.,active
g0534,por_para,fill_form,Вставь por или para,Este libro es ___ niños.,para,para,Предназначение — para.,active
g0535,por_para,fill_form,Вставь por или para,Pagó mucho ___ ese coche.,por,por,Цена — por.,active
g0536,por_para,fill_form,Вставь por или para,Estudio ___ ser médico.,para,para,Цель — para.,active
g0537,por_para,fill_form,Вставь por или para,Voy ___ el aeropuerto.,para,para,Направление — para.,active
g0538,por_para,fill_form,Вставь por или para,Lo cambié ___ otro.,por,por,Обмен — por.,active
g0539,por_para,fill_form,Вставь por или para,Necesito terminarlo ___ el lunes.,para,para,Срок — para.,active
g0540,por_para,fill_form,Вставь por или para,Lo hago ___ ti.,por,por,Ради кого-то — por.,active
g0541,por_para,fill_form,Вставь por или para,Camino ___ el centro.,por,por,Маршрут / по месту — por.,active
g0542,por_para,fill_form,Вставь por или para,Compré flores ___ mi madre.,para,para,Получатель — para.,active
g0543,por_para,fill_form,Вставь por или para,Te llamo ___ la noche.,por,por,Часть дня — por.,active
g0544,por_para,fill_form,Вставь por или para,Lo sé ___ experiencia propia.,por,por,Основание — por.,active
g0545,por_para,fill_form,Вставь por или para,Estoy aquí ___ estudiar.,para,para,Цель — para.,active
g0546,por_para,fill_form,Вставь por или para,Entramos ___ la ventana.,por,por,Через что — por.,active
g0547,por_para,fill_form,Вставь por или para,Ese curso es ___ principiantes.,para,para,Предназначение — para.,active
g0548,por_para,fill_form,Вставь por или para,Lo hizo ___ obligación.,por,por,Причина — por.,active
g0549,por_para,fill_form,Вставь por или para,Te doy esto ___ que practiques.,para,para,Цель — para.,active
g0550,por_para,fill_form,Вставь por или para,Viajo ___ trabajo.,por,por,Причина — por.,active
g0551,por_para,fix_error,Исправь ошибку,Corrige: Este regalo es por ti.,Este regalo es para ti.,Este regalo es para ti.,Адресат / получатель — para.,active
g0552,por_para,fix_error,Исправь ошибку,Corrige: Gracias para venir.,Gracias por venir.,Gracias por venir.,Причина благодарности — por.,active
g0553,por_para,fix_error,Исправь ошибку,Corrige: Estudio español por viajar.,Estudio español para viajar.,Estudio español para viajar.,Цель — para.,active
g0554,por_para,fix_error,Исправь ошибку,Corrige: Caminamos para el parque. (через парк),Caminamos por el parque.,Caminamos por el parque.,Движение через место — por.,active
g0555,por_para,fix_error,Исправь ошибку,Corrige: La tarea es por mañana.,La tarea es para mañana.,La tarea es para mañana.,Срок — para.,active
g0556,por_para,fix_error,Исправь ошибку,Corrige: Lo hice para ti. (в значении ради тебя),Lo hice por ti.,Lo hice por ti.,Ради кого-то — por.,active
g0557,por_para,fix_error,Исправь ошибку,Corrige: Salgo por Madrid mañana. (направление),Salgo para Madrid mañana.,Salgo para Madrid mañana.,Направление — para.,active
g0558,por_para,fix_error,Исправь ошибку,Corrige: Pagó veinte euros para el libro.,Pagó veinte euros por el libro.,Pagó veinte euros por el libro.,Цена — por.,active
g0559,por_para,fix_error,Исправь ошибку,Corrige: Hablamos para teléfono.,Hablamos por teléfono.,Hablamos por teléfono.,Средство связи — por.,active
g0560,por_para,fix_error,Исправь ошибку,Corrige: Este manual es por estudiantes.,Este manual es para estudiantes.,Este manual es para estudiantes.,Предназначение — para.,active
g0561,por_para,fix_error,Исправь ошибку,Corrige: Lo cambié para otro libro.,Lo cambié por otro libro.,Lo cambié por otro libro.,Обмен — por.,active
g0562,por_para,fix_error,Исправь ошибку,Corrige: Necesito el informe por el viernes.,Necesito el informe para el viernes.,Necesito el informe para el viernes.,Срок — para.,active
g0563,por_para,fix_error,Исправь ошибку,Corrige: Estoy aquí por ayudarte.,Estoy aquí para ayudarte.,Estoy aquí para ayudarte.,Цель — para.,active
g0564,por_para,fix_error,Исправь ошибку,Corrige: Lo sé para experiencia.,Lo sé por experiencia.,Lo sé por experiencia.,Основание — por.,active
g0565,por_para,fix_error,Исправь ошибку,Corrige: Entramos para la puerta principal.,Entramos por la puerta principal.,Entramos por la puerta principal.,Через что — por.,active
g0566,por_para,fix_error,Исправь ошибку,Corrige: Trabajo para mi familia. (в значении ради семьи),Trabajo por mi familia.,Trabajo por mi familia.,Ради кого-то — por.,active
g0567,por_para,fix_error,Исправь ошибку,Corrige: Este café es por ti. (адресат),Este café es para ti.,Este café es para ti.,Получатель — para.,active
g0568,por_para,fix_error,Исправь ошибку,Corrige: Corro por mantenerme sano.,Corro para mantenerme sano.,Corro para mantenerme sano.,Цель — para.,active
g0569,por_para,fix_error,Исправь ошибку,Corrige: Viajamos para tren.,Viajamos por tren.,Viajamos por tren.,Средство — por.,active
g0570,por_para,fix_error,Исправь ошибку,Corrige: Lo hice para error.,Lo hice por error.,Lo hice por error.,По ошибке — por.,active
g0571,por_para,fix_error,Исправь ошибку,Corrige: Este curso es por principiantes.,Este curso es para principiantes.,Este curso es para principiantes.,Предназначение — para.,active
g0572,por_para,fix_error,Исправь ошибку,Corrige: Te llamo para la tarde.,Te llamo por la tarde.,Te llamo por la tarde.,Часть дня — por.,active
g0573,por_para,fix_error,Исправь ошибку,Corrige: Salimos para la ventana.,Salimos por la ventana.,Salimos por la ventana.,Через что — por.,active
g0574,por_para,fix_error,Исправь ошибку,Corrige: Lo compré por mi madre. (получатель),Lo compré para mi madre.,Lo compré para mi madre.,Получатель — para.,active
g0575,por_para,fix_error,Исправь ошибку,Corrige: Estudio para obligación.,Estudio por obligación.,Estudio por obligación.,Причина — por.,active
g0576,por_para,translation,Переведи на испанский,Этот подарок для тебя.,Este regalo es para ti.,Este regalo es para ti.,Адресат — para.,active
g0577,por_para,translation,Переведи на испанский,Спасибо за помощь.,Gracias por tu ayuda.,Gracias por tu ayuda.,Причина благодарности — por.,active
g0578,por_para,translation,Переведи на испанский,"Я учу испанский, чтобы путешествовать.",Estudio español para viajar.,Estudio español para viajar.,Цель — para.,active
g0579,por_para,translation,Переведи на испанский,Мы гуляли по парку.,Caminamos por el parque.,Caminamos por el parque.,Движение через / по месту — por.,active
g0580,por_para,translation,Переведи на испанский,Задание на завтра.,La tarea es para mañana.,La tarea es para mañana.,Срок — para.,active
g0581,por_para,translation,Переведи на испанский,Я сделал это ради тебя.,Lo hice por ti.,Lo hice por ti.,Ради кого-то — por.,active
g0582,por_para,translation,Переведи на испанский,Я уезжаю в Мадрид завтра.,Salgo para Madrid mañana.,Salgo para Madrid mañana.,Направление — para.,active
g0583,por_para,translation,Переведи на испанский,Он заплатил десять евро за кофе.,Pagó diez euros por el café.,Pagó diez euros por el café.,Цена — por.,active
g0584,por_para,translation,Переведи на испанский,Мы говорили по телефону.,Hablamos por teléfono.,Hablamos por teléfono.,Средство связи — por.,active
g0585,por_para,translation,Переведи на испанский,Эта книга для студентов.,Este libro es para estudiantes.,Este libro es para estudiantes.,Предназначение — para.,active
g0586,por_para,translation,Переведи на испанский,Я поменял это на другую книгу.,Lo cambié por otro libro.,Lo cambié por otro libro.,Обмен — por.,active
g0587,por_para,translation,Переведи на испанский,Мне нужен отчёт к пятнице.,Necesito el informe para el viernes.,Necesito el informe para el viernes.,Срок — para.,active
g0588,por_para,translation,Переведи на испанский,"Я здесь, чтобы помочь тебе.",Estoy aquí para ayudarte.,Estoy aquí para ayudarte.,Цель — para.,active
g0589,por_para,translation,Переведи на испанский,Я знаю это по опыту.,Lo sé por experiencia.,Lo sé por experiencia.,Основание — por.,active
g0590,por_para,translation,Переведи на испанский,Мы вошли через главную дверь.,Entramos por la puerta principal.,Entramos por la puerta principal.,Через что — por.,active
g0591,por_para,translation,Переведи на испанский,Я работаю ради семьи.,Trabajo por mi familia.,Trabajo por mi familia.,Ради кого-то — por.,active
g0592,por_para,translation,Переведи на испанский,Этот кофе для тебя.,Este café es para ti.,Este café es para ti.,Получатель — para.,active
g0593,por_para,translation,Переведи на испанский,"Я бегаю, чтобы быть здоровым.",Corro para mantenerme sano.,Corro para mantenerme sano.,Цель — para.,active
g0594,por_para,translation,Переведи на испанский,Мы путешествуем на поезде.,Viajamos por tren.,Viajamos por tren.,Средство — por.,active
g0595,por_para,translation,Переведи на испанский,Я сделал это по ошибке.,Lo hice por error.,Lo hice por error.,По ошибке — por.,active
g0596,por_para,translation,Переведи на испанский,Этот курс для начинающих.,Este curso es para principiantes.,Este curso es para principiantes.,Предназначение — para.,active
g0597,por_para,translation,Переведи на испанский,Я позвоню тебе днём.,Te llamo por la tarde.,Te llamo por la tarde.,Часть дня — por.,active
g0598,por_para,translation,Переведи на испанский,Мы вышли через окно.,Salimos por la ventana.,Salimos por la ventana.,Через что — por.,active
g0599,por_para,translation,Переведи на испанский,Я купил это для мамы.,Lo compré para mi madre.,Lo compré para mi madre.,Получатель — para.,active
g0600,por_para,translation,Переведи на испанский,Он сделал это по обязанности.,Lo hizo por obligación.,Lo hizo por obligación.,Причина — por.,active
g0601,numerales,multiple_choice,Выбери правильную форму,21 libros,veintiún libros,veintiún libros,Перед существительным мужского рода используется veintiún.,active
g0602,numerales,multiple_choice,Выбери правильную форму,31 chicas,treinta y una chicas,treinta y una chicas,Перед существительным женского рода — una.,active
g0603,numerales,multiple_choice,Выбери правильную форму,el 3º piso,el tercer piso,el tercer piso,Перед существительным tercero сокращается до tercer.,active
g0604,numerales,multiple_choice,Выбери правильную форму,100 euros,cien euros,cien euros,Перед существительным — cien.,active
g0605,numerales,multiple_choice,Выбери правильную форму,101 páginas,ciento una páginas,ciento una páginas,После ciento + fem. noun — una.,active
g0606,numerales,multiple_choice,Выбери правильную форму,500 personas,quinientas personas,quinientas personas,Женский род — quinientas.,active
g0607,numerales,multiple_choice,Выбери правильную форму,700 libros,setecientos libros,setecientos libros,Мужской род — setecientos.,active
g0608,numerales,multiple_choice,Выбери правильную форму,el 1º día,el primer día,el primer día,Перед существительным primero сокращается до primer.,active
g0609,numerales,multiple_choice,Выбери правильную форму,22 coches,veintidós coches,veintidós coches,Правильная форма veintidós.,active
g0610,numerales,multiple_choice,Выбери правильную форму,16 casas,dieciséis casas,dieciséis casas,Правильная форма dieciséis.,active
g0611,numerales,multiple_choice,Выбери правильную форму,200 mesas,doscientas mesas,doscientas mesas,Женский род — doscientas.,active
g0612,numerales,multiple_choice,Выбери правильную форму,900 libros,novecientos libros,novecientos libros,Мужской род — novecientos.,active
g0613,numerales,multiple_choice,Выбери правильную форму,el 7º capítulo,el séptimo capítulo,el séptimo capítulo,Порядковое числительное.,active
g0614,numerales,multiple_choice,Выбери правильную форму,40 minutos,cuarenta minutos,cuarenta minutos,Правильная форма cuarenta.,active
g0615,numerales,multiple_choice,Выбери правильную форму,15 alumnos,quince alumnos,quince alumnos,Правильная форма quince.,active
g0616,numerales,fill_form,Впиши правильную форму числительного,21 libros,veintiún libros,veintiún libros,Перед masc. noun — veintiún.,active
g0617,numerales,fill_form,Впиши правильную форму числительного,31 mesas,treinta y una mesas,treinta y una mesas,Перед fem. noun — una.,active
g0618,numerales,fill_form,Впиши правильную форму числительного,1er día,primer día,primer día,Перед существительным — primer.,active
g0619,numerales,fill_form,Впиши правильную форму числительного,100 euros,cien euros,cien euros,Перед существительным — cien.,active
g0620,numerales,fill_form,Впиши правильную форму числительного,500 personas,quinientas personas,quinientas personas,Женский род — quinientas.,active
g0621,numerales,fill_form,Впиши правильную форму числительного,700 libros,setecientos libros,setecientos libros,Мужской род — setecientos.,active
g0622,numerales,fill_form,Впиши правильную форму числительного,22 coches,veintidós coches,veintidós coches,Правильная форма.,active
g0623,numerales,fill_form,Впиши правильную форму числительного,16 casas,dieciséis casas,dieciséis casas,Правильная форма.,active
g0624,numerales,fill_form,Впиши правильную форму числительного,200 mesas,doscientas mesas,doscientas mesas,Женский род.,active
g0625,numerales,fill_form,Впиши правильную форму числительного,900 libros,novecientos libros,novecientos libros,Мужской род.,active
g0626,numerales,fill_form,Впиши правильную форму числительного,séptimo capítulo,séptimo capítulo,séptimo capítulo,Порядковое числительное.,active
g0627,numerales,fill_form,Впиши правильную форму числительного,40 minutos,cuarenta minutos,cuarenta minutos,Правильная форма.,active
g0628,numerales,fill_form,Впиши правильную форму числительного,15 alumnos,quince alumnos,quince alumnos,Правильная форма.,active
g0629,numerales,fill_form,Впиши правильную форму числительного,101 páginas,ciento una páginas,ciento una páginas,Женский род.,active
g0630,numerales,fill_form,Впиши правильную форму числительного,300 coches,trescientos coches,trescientos coches,Мужской род.,active
g0631,numerales,fix_error,Исправь ошибку,Corrige: veintiuno libros,veintiún libros,veintiún libros,Перед masc. noun — veintiún.,active
g0632,numerales,fix_error,Исправь ошибку,Corrige: treinta y uno mesas,treinta y una mesas,treinta y una mesas,Перед fem. noun — una.,active
g0633,numerales,fix_error,Исправь ошибку,Corrige: primero día,primer día,primer día,Перед существительным primero → primer.,active
g0634,numerales,fix_error,Исправь ошибку,Corrige: ciento euros,cien euros,cien euros,Перед существительным — cien.,active
g0635,numerales,fix_error,Исправь ошибку,Corrige: quinientos personas,quinientas personas,quinientas personas,Женский род — quinientas.,active
g0636,numerales,fix_error,Исправь ошибку,Corrige: setecientas libros,setecientos libros,setecientos libros,Мужской род — setecientos.,active
g0637,numerales,fix_error,Исправь ошибку,Corrige: ventidós coches,veintidós coches,veintidós coches,Орфография: veintidós.,active
g0638,numerales,fix_error,Исправь ошибку,Corrige: dieciseis casas,dieciséis casas,dieciséis casas,Нужен акцент: dieciséis.,active
g0639,numerales,fix_error,Исправь ошибку,Corrige: doscientos mesas,doscientas mesas,doscientas mesas,Женский род — doscientas.,active
g0640,numerales,fix_error,Исправь ошибку,Corrige: novecientas libros,novecientos libros,novecientos libros,Мужской род — novecientos.,active
g0641,numerales,fix_error,Исправь ошибку,Corrige: el tercero capítulo,el tercer capítulo,el tercer capítulo,Перед существительным tercero → tercer.,active
g0642,numerales,fix_error,Исправь ошибку,Corrige: quarenta minutos,cuarenta minutos,cuarenta minutos,Орфография: cuarenta.,active
g0643,numerales,fix_error,Исправь ошибку,Corrige: quize alumnos,quince alumnos,quince alumnos,Орфография: quince.,active
g0644,numerales,fix_error,Исправь ошибку,Corrige: ciento uno páginas,ciento una páginas,ciento una páginas,Женский род — una.,active
g0645,numerales,fix_error,Исправь ошибку,Corrige: trecientas coches,trescientos coches,trescientos coches,Правильная форма: trescientos.,active
g0646,numerales,translation,Переведи на испанский,Двадцать одна книга.,Veintiún libros.,Veintiún libros.,Перед masc. noun — veintiún.,active
g0647,numerales,translation,Переведи на испанский,Тридцать одна девушка.,Treinta y una chicas.,Treinta y una chicas.,Перед fem. noun — una.,active
g0648,numerales,translation,Переведи на испанский,Первый день.,Primer día.,Primer día.,Перед существительным primero → primer.,active
g0649,numerales,translation,Переведи на испанский,Сто евро.,Cien euros.,Cien euros.,Перед существительным — cien.,active
g0650,numerales,translation,Переведи на испанский,Пятьсот человек.,Quinientas personas.,Quinientas personas.,Женский род — quinientas.,active
g0651,numerales,translation,Переведи на испанский,Семьсот книг.,Setecientos libros.,Setecientos libros.,Мужской род — setecientos.,active
g0652,numerales,translation,Переведи на испанский,Двадцать две машины.,Veintidós coches.,Veintidós coches.,Правильная форма veintidós.,active
g0653,numerales,translation,Переведи на испанский,Шестнадцать домов.,Dieciséis casas.,Dieciséis casas.,Правильная форма dieciséis.,active
g0654,numerales,translation,Переведи на испанский,Двести столов.,Doscientas mesas.,Doscientas mesas.,Женский род — doscientas.,active
g0655,numerales,translation,Переведи на испанский,Девятьсот книг.,Novecientos libros.,Novecientos libros.,Мужской род — novecientos.,active
g0656,numerales,translation,Переведи на испанский,Третий этаж.,Tercer piso.,Tercer piso.,Перед существительным tercero → tercer.,active
g0657,numerales,translation,Переведи на испанский,Сорок минут.,Cuarenta minutos.,Cuarenta minutos.,Правильная форма cuarenta.,active
g0658,numerales,translation,Переведи на испанский,Пятнадцать учеников.,Quince alumnos.,Quince alumnos.,Правильная форма quince.,active
g0659,numerales,translation,Переведи на испанский,Сто одна страница.,Ciento una páginas.,Ciento una páginas.,Женский род.,active
g0660,numerales,translation,Переведи на испанский,Триста машин.,Trescientos coches.,Trescientos coches.,Мужской род.,active
reflexivos_0001,pronombres_reflexivos,multiple_choice,Выбери возвратное местоимение,Yo ___ levanto a las siete.,me,me,С yo → me.,active
reflexivos_0002,pronombres_reflexivos,multiple_choice,Выбери возвратное местоимение,Tú ___ llamas Pedro.,te,te,С tú → te.,active
reflexivos_0003,pronombres_reflexivos,multiple_choice,Выбери возвратное местоимение,Ella ___ despierta temprano.,se,se,3 лицо → se.,active
reflexivos_0004,pronombres_reflexivos,multiple_choice,Выбери возвратное местоимение,Nosotros ___ acostamos tarde.,nos,nos,Nosotros → nos.,active
reflexivos_0005,pronombres_reflexivos,multiple_choice,Выбери возвратное местоимение,Vosotros ___ ducháis rápido.,os,os,Vosotros → os.,active
reflexivos_0006,pronombres_reflexivos,multiple_choice,Выбери возвратное местоимение,Ellos ___ visten rápido.,se,se,Ellos → se.,active
reflexivos_0007,pronombres_reflexivos,multiple_choice,Выбери возвратное местоимение,Yo ___ siento aquí.,me,me,,active
reflexivos_0008,pronombres_reflexivos,multiple_choice,Выбери возвратное местоимение,Tú ___ lavas las manos.,te,te,,active
reflexivos_0009,pronombres_reflexivos,multiple_choice,Выбери возвратное местоимение,María ___ maquilla.,se,se,,active
reflexivos_0010,pronombres_reflexivos,multiple_choice,Выбери возвратное местоимение,Nosotras ___ peinamos.,nos,nos,,active
reflexivos_0011,pronombres_reflexivos,multiple_choice,Выбери возвратное местоимение,Vosotros ___ despertáis temprano.,os,os,,active
reflexivos_0012,pronombres_reflexivos,multiple_choice,Выбери возвратное местоимение,Los niños ___ acuestan.,se,se,,active
reflexivos_0013,pronombres_reflexivos,multiple_choice,Выбери возвратное местоимение,Yo ___ visto de negro.,me,me,,active
reflexivos_0014,pronombres_reflexivos,multiple_choice,Выбери возвратное местоимение,Tú ___ afeitas cada mañana.,te,te,,active
reflexivos_0015,pronombres_reflexivos,multiple_choice,Выбери возвратное местоимение,Él ___ lava la cara.,se,se,,active
reflexivos_0016,pronombres_reflexivos,multiple_choice,Выбери возвратное местоимение,Nosotros ___ relajamos.,nos,nos,,active
reflexivos_0017,pronombres_reflexivos,multiple_choice,Выбери возвратное местоимение,Vosotras ___ preparáis.,os,os,,active
reflexivos_0018,pronombres_reflexivos,multiple_choice,Выбери возвратное местоимение,Ellas ___ llaman Ana.,se,se,,active
reflexivos_0019,pronombres_reflexivos,multiple_choice,Выбери возвратное местоимение,Yo ___ pongo el abrigo.,me,me,,active
reflexivos_0020,pronombres_reflexivos,multiple_choice,Выбери возвратное местоимение,Tú ___ sientas aquí.,te,te,,active
reflexivos_0021,pronombres_reflexivos,multiple_choice,Выбери возвратное местоимение,Él ___ duerme enseguida.,se,se,,active
reflexivos_0022,pronombres_reflexivos,multiple_choice,Выбери возвратное местоимение,Nosotros ___ divertimos.,nos,nos,,active
reflexivos_0023,pronombres_reflexivos,multiple_choice,Выбери возвратное местоимение,Vosotros ___ quedáis en casa.,os,os,,active
reflexivos_0024,pronombres_reflexivos,multiple_choice,Выбери возвратное местоимение,Ellos ___ van temprano.,se,se,,active
reflexivos_0025,pronombres_reflexivos,multiple_choice,Выбери возвратное местоимение,Yo ___ acuerdo.,me,me,Me acuerdo.,active
reflexivos_0026,pronombres_reflexivos,fill_form,Вставь возвратное местоимение,Yo _____ levanto a las siete.,me,me,С yo → me.,active
reflexivos_0027,pronombres_reflexivos,fill_form,Вставь возвратное местоимение,Tú _____ llamas Pedro.,te,te,С tú → te.,active
reflexivos_0028,pronombres_reflexivos,fill_form,Вставь возвратное местоимение,Ella _____ despierta temprano.,se,se,3 лицо → se.,active
reflexivos_0029,pronombres_reflexivos,fill_form,Вставь возвратное местоимение,Nosotros _____ acostamos tarde.,nos,nos,Nosotros → nos.,active
reflexivos_0030,pronombres_reflexivos,fill_form,Вставь возвратное местоимение,Vosotros _____ ducháis rápido.,os,os,Vosotros → os.,active
reflexivos_0031,pronombres_reflexivos,fill_form,Вставь возвратное местоимение,Ellos _____ visten rápido.,se,se,Ellos → se.,active
reflexivos_0032,pronombres_reflexivos,fill_form,Вставь возвратное местоимение,Yo _____ siento aquí.,me,me,,active
reflexivos_0033,pronombres_reflexivos,fill_form,Вставь возвратное местоимение,Tú _____ lavas las manos.,te,te,,active
reflexivos_0034,pronombres_reflexivos,fill_form,Вставь возвратное местоимение,María _____ maquilla.,se,se,,active
reflexivos_0035,pronombres_reflexivos,fill_form,Вставь возвратное местоимение,Nosotras _____ peinamos.,nos,nos,,active
reflexivos_0036,pronombres_reflexivos,fill_form,Вставь возвратное местоимение,Vosotros _____ despertáis temprano.,os,os,,active
reflexivos_0037,pronombres_reflexivos,fill_form,Вставь возвратное местоимение,Los niños _____ acuestan.,se,se,,active
reflexivos_0038,pronombres_reflexivos,fill_form,Вставь возвратное местоимение,Yo _____ visto de negro.,me,me,,active
reflexivos_0039,pronombres_reflexivos,fill_form,Вставь возвратное местоимение,Tú _____ afeitas cada mañana.,te,te,,active
reflexivos_0040,pronombres_reflexivos,fill_form,Вставь возвратное местоимение,Él _____ lava la cara.,se,se,,active
reflexivos_0041,pronombres_reflexivos,fill_form,Вставь возвратное местоимение,Nosotros _____ relajamos.,nos,nos,,active
reflexivos_0042,pronombres_reflexivos,fill_form,Вставь возвратное местоимение,Vosotras _____ preparáis.,os,os,,active
reflexivos_0043,pronombres_reflexivos,fill_form,Вставь возвратное местоимение,Ellas _____ llaman Ana.,se,se,,active
reflexivos_0044,pronombres_reflexivos,fill_form,Вставь возвратное местоимение,Yo _____ pongo el abrigo.,me,me,,active
reflexivos_0045,pronombres_reflexivos,fill_form,Вставь возвратное местоимение,Tú _____ sientas aquí.,te,te,,active
reflexivos_0046,pronombres_reflexivos,fill_form,Вставь возвратное местоимение,Él _____ duerme enseguida.,se,se,,active
reflexivos_0047,pronombres_reflexivos,fill_form,Вставь возвратное местоимение,Nosotros _____ divertimos.,nos,nos,,active
reflexivos_0048,pronombres_reflexivos,fill_form,Вставь возвратное местоимение,Vosotros _____ quedáis en casa.,os,os,,active
reflexivos_0049,pronombres_reflexivos,fill_form,Вставь возвратное местоимение,Ellos _____ van temprano.,se,se,,active
reflexivos_0050,pronombres_reflexivos,fill_form,Вставь возвратное местоимение,Yo _____ acuerdo.,me,me,Me acuerdo.,active
reflexivos_0051,pronombres_reflexivos,fix_error,Исправь ошибку,Corrige: Yo te levanto a las siete.,Yo me levanto a las siete.,Yo me levanto a las siete.,Используй правильное возвратное местоимение.,active
reflexivos_0052,pronombres_reflexivos,fix_error,Исправь ошибку,Corrige: Tú se llamas Pedro.,Tú te llamas Pedro.,Tú te llamas Pedro.,Используй правильное возвратное местоимение.,active
reflexivos_0053,pronombres_reflexivos,fix_error,Исправь ошибку,Corrige: Ella me despierta temprano.,Ella se despierta temprano.,Ella se despierta temprano.,Используй правильное возвратное местоимение.,active
reflexivos_0054,pronombres_reflexivos,fix_error,Исправь ошибку,Corrige: Nosotros os acostamos tarde.,Nosotros nos acostamos tarde.,Nosotros nos acostamos tarde.,Используй правильное возвратное местоимение.,active
reflexivos_0055,pronombres_reflexivos,fix_error,Исправь ошибку,Corrige: Vosotros nos ducháis rápido.,Vosotros os ducháis rápido.,Vosotros os ducháis rápido.,Используй правильное возвратное местоимение.,active
reflexivos_0056,pronombres_reflexivos,fix_error,Исправь ошибку,Corrige: Ellos me visten rápido.,Ellos se visten rápido.,Ellos se visten rápido.,Используй правильное возвратное местоимение.,active
reflexivos_0057,pronombres_reflexivos,fix_error,Исправь ошибку,Corrige: Yo te siento aquí.,Yo me siento aquí.,Yo me siento aquí.,Используй правильное возвратное местоимение.,active
reflexivos_0058,pronombres_reflexivos,fix_error,Исправь ошибку,Corrige: Tú se lavas las manos.,Tú te lavas las manos.,Tú te lavas las manos.,Используй правильное возвратное местоимение.,active
reflexivos_0059,pronombres_reflexivos,fix_error,Исправь ошибку,Corrige: María me maquilla.,María se maquilla.,María se maquilla.,Используй правильное возвратное местоимение.,active
reflexivos_0060,pronombres_reflexivos,fix_error,Исправь ошибку,Corrige: Nosotras os peinamos.,Nosotras nos peinamos.,Nosotras nos peinamos.,Используй правильное возвратное местоимение.,active
reflexivos_0061,pronombres_reflexivos,fix_error,Исправь ошибку,Corrige: Vosotros nos despertáis temprano.,Vosotros os despertáis temprano.,Vosotros os despertáis temprano.,Используй правильное возвратное местоимение.,active
reflexivos_0062,pronombres_reflexivos,fix_error,Исправь ошибку,Corrige: Los niños me acuestan.,Los niños se acuestan.,Los niños se acuestan.,Используй правильное возвратное местоимение.,active
reflexivos_0063,pronombres_reflexivos,fix_error,Исправь ошибку,Corrige: Yo te visto de negro.,Yo me visto de negro.,Yo me visto de negro.,Используй правильное возвратное местоимение.,active
reflexivos_0064,pronombres_reflexivos,fix_error,Исправь ошибку,Corrige: Tú se afeitas cada mañana.,Tú te afeitas cada mañana.,Tú te afeitas cada mañana.,Используй правильное возвратное местоимение.,active
reflexivos_0065,pronombres_reflexivos,fix_error,Исправь ошибку,Corrige: Él me lava la cara.,Él se lava la cara.,Él se lava la cara.,Используй правильное возвратное местоимение.,active
reflexivos_0066,pronombres_reflexivos,fix_error,Исправь ошибку,Corrige: Nosotros os relajamos.,Nosotros nos relajamos.,Nosotros nos relajamos.,Используй правильное возвратное местоимение.,active
reflexivos_0067,pronombres_reflexivos,fix_error,Исправь ошибку,Corrige: Vosotras nos preparáis.,Vosotras os preparáis.,Vosotras os preparáis.,Используй правильное возвратное местоимение.,active
reflexivos_0068,pronombres_reflexivos,fix_error,Исправь ошибку,Corrige: Ellas me llaman Ana.,Ellas se llaman Ana.,Ellas se llaman Ana.,Используй правильное возвратное местоимение.,active
reflexivos_0069,pronombres_reflexivos,fix_error,Исправь ошибку,Corrige: Yo te pongo el abrigo.,Yo me pongo el abrigo.,Yo me pongo el abrigo.,Используй правильное возвратное местоимение.,active
reflexivos_0070,pronombres_reflexivos,fix_error,Исправь ошибку,Corrige: Tú se sientas aquí.,Tú te sientas aquí.,Tú te sientas aquí.,Используй правильное возвратное местоимение.,active
reflexivos_0071,pronombres_reflexivos,fix_error,Исправь ошибку,Corrige: Él me duerme enseguida.,Él se duerme enseguida.,Él se duerme enseguida.,Используй правильное возвратное местоимение.,active
reflexivos_0072,pronombres_reflexivos,fix_error,Исправь ошибку,Corrige: Nosotros os divertimos.,Nosotros nos divertimos.,Nosotros nos divertimos.,Используй правильное возвратное местоимение.,active
reflexivos_0073,pronombres_reflexivos,fix_error,Исправь ошибку,Corrige: Vosotros nos quedáis en casa.,Vosotros os quedáis en casa.,Vosotros os quedáis en casa.,Используй правильное возвратное местоимение.,active
reflexivos_0074,pronombres_reflexivos,fix_error,Исправь ошибку,Corrige: Ellos me van temprano.,Ellos se van temprano.,Ellos se van temprano.,Используй правильное возвратное местоимение.,active
reflexivos_0075,pronombres_reflexivos,fix_error,Исправь ошибку,Corrige: Yo te acuerdo.,Yo me acuerdo.,Yo me acuerdo.,Используй правильное возвратное местоимение.,active
reflexivos_0076,pronombres_reflexivos,translation,Переведи на испанский,Я встаю в семь.,Me levanto a las siete.,Me levanto a las siete.,Возвратный глагол.,active
reflexivos_0077,pronombres_reflexivos,translation,Переведи на испанский,Ты зовёшься Педро.,Te llamas Pedro.,Te llamas Pedro.,Возвратный глагол.,active
reflexivos_0078,pronombres_reflexivos,translation,Переведи на испанский,Она просыпается рано.,Ella se despierta temprano.,Ella se despierta temprano.,Возвратный глагол.,active
reflexivos_0079,pronombres_reflexivos,translation,Переведи на испанский,Мы поздно ложимся.,Nos acostamos tarde.,Nos acostamos tarde.,Возвратный глагол.,active
reflexivos_0080,pronombres_reflexivos,translation,Переведи на испанский,Вы быстро принимаете душ. (vosotros),Os ducháis rápido.,Os ducháis rápido.,Возвратный глагол.,active
reflexivos_0081,pronombres_reflexivos,translation,Переведи на испанский,Они быстро одеваются.,Se visten rápido.,Se visten rápido.,Возвратный глагол.,active
reflexivos_0082,pronombres_reflexivos,translation,Переведи на испанский,Я сажусь здесь.,Me siento aquí.,Me siento aquí.,Возвратный глагол.,active
reflexivos_0083,pronombres_reflexivos,translation,Переведи на испанский,Ты моешь руки.,Te lavas las manos.,Te lavas las manos.,Возвратный глагол.,active
reflexivos_0084,pronombres_reflexivos,translation,Переведи на испанский,Мария красится.,María se maquilla.,María se maquilla.,Возвратный глагол.,active
reflexivos_0085,pronombres_reflexivos,translation,Переведи на испанский,Мы причёсываемся.,Nos peinamos.,Nos peinamos.,Возвратный глагол.,active
reflexivos_0086,pronombres_reflexivos,translation,Переведи на испанский,Вы рано просыпаетесь.,Os despertáis temprano.,Os despertáis temprano.,Возвратный глагол.,active
reflexivos_0087,pronombres_reflexivos,translation,Переведи на испанский,Дети ложатся спать.,Los niños se acuestan.,Los niños se acuestan.,Возвратный глагол.,active
reflexivos_0088,pronombres_reflexivos,translation,Переведи на испанский,Я одеваюсь в чёрное.,Me visto de negro.,Me visto de negro.,Возвратный глагол.,active
reflexivos_0089,pronombres_reflexivos,translation,Переведи на испанский,Ты бреешься каждое утро.,Te afeitas cada mañana.,Te afeitas cada mañana.,Возвратный глагол.,active
reflexivos_0090,pronombres_reflexivos,translation,Переведи на испанский,Он умывает лицо.,Él se lava la cara.,Él se lava la cara.,Возвратный глагол.,active
reflexivos_0091,pronombres_reflexivos,translation,Переведи на испанский,Мы отдыхаем.,Nos relajamos.,Nos relajamos.,Возвратный глагол.,active
reflexivos_0092,pronombres_reflexivos,translation,Переведи на испанский,Вы готовитесь.,Os preparáis.,Os preparáis.,Возвратный глагол.,active
reflexivos_0093,pronombres_reflexivos,translation,Переведи на испанский,Их зовут Ана.,Ellas se llaman Ana.,Ellas se llaman Ana.,Возвратный глагол.,active
reflexivos_0094,pronombres_reflexivos,translation,Переведи на испанский,Я надеваю пальто.,Me pongo el abrigo.,Me pongo el abrigo.,Возвратный глагол.,active
reflexivos_0095,pronombres_reflexivos,translation,Переведи на испанский,Ты садишься здесь.,Te sientas aquí.,Te sientas aquí.,Возвратный глагол.,active
reflexivos_0096,pronombres_reflexivos,translation,Переведи на испанский,Он сразу засыпает.,Él se duerme enseguida.,Él se duerme enseguida.,Возвратный глагол.,active
reflexivos_0097,pronombres_reflexivos,translation,Переведи на испанский,Мы веселимся.,Nos divertimos.,Nos divertimos.,Возвратный глагол.,active
reflexivos_0098,pronombres_reflexivos,translation,Переведи на испанский,Вы остаётесь дома.,Os quedáis en casa.,Os quedáis en casa.,Возвратный глагол.,active
reflexivos_0099,pronombres_reflexivos,translation,Переведи на испанский,Они уходят рано.,Se van temprano.,Se van temprano.,Возвратный глагол.,active
reflexivos_0100,pronombres_reflexivos,translation,Переведи на испанский,Я помню.,Me acuerdo.,Me acuerdo.,Возвратный глагол.,active
objeto_0001,pronombres_objeto,multiple_choice,Выбери местоимение,Yo veo a María. Yo ___ veo.,la,la,Используй прямое или косвенное дополнение.,active
objeto_0002,pronombres_objeto,multiple_choice,Выбери местоимение,Veo a Juan. ___ veo.,Lo,Lo,Используй прямое или косвенное дополнение.,active
objeto_0003,pronombres_objeto,multiple_choice,Выбери местоимение,Conozco a Ana y Marta. ___ conozco.,Las,Las,Используй прямое или косвенное дополнение.,active
objeto_0004,pronombres_objeto,multiple_choice,Выбери местоимение,Llamo a Pedro. ___ llamo.,Lo,Lo,Используй прямое или косвенное дополнение.,active
objeto_0005,pronombres_objeto,multiple_choice,Выбери местоимение,Escribo a mi madre. ___ escribo.,Le,Le,Используй прямое или косвенное дополнение.,active
objeto_0006,pronombres_objeto,multiple_choice,Выбери местоимение,Doy el libro a Juan. ___ doy el libro.,Le,Le,Используй прямое или косвенное дополнение.,active
objeto_0007,pronombres_objeto,multiple_choice,Выбери местоимение,Compramos flores para Ana. ___ compramos flores.,Le,Le,Используй прямое или косвенное дополнение.,active
objeto_0008,pronombres_objeto,multiple_choice,Выбери местоимение,Veo a mis amigos. ___ veo.,Los,Los,Используй прямое или косвенное дополнение.,active
objeto_0009,pronombres_objeto,multiple_choice,Выбери местоимение,Escucho la canción. ___ escucho.,La,La,Используй прямое или косвенное дополнение.,active
objeto_0010,pronombres_objeto,multiple_choice,Выбери местоимение,Leo el periódico. ___ leo.,Lo,Lo,Используй прямое или косвенное дополнение.,active
objeto_0011,pronombres_objeto,multiple_choice,Выбери местоимение,Escribimos a nuestros amigos. ___ escribimos.,Les,Les,Используй прямое или косвенное дополнение.,active
objeto_0012,pronombres_objeto,multiple_choice,Выбери местоимение,Explico la tarea a vosotros. ___ explico la tarea.,Os,Os,Используй прямое или косвенное дополнение.,active
objeto_0013,pronombres_objeto,multiple_choice,Выбери местоимение,Te llamo mañana. ___ llamo mañana.,Te,Te,Используй прямое или косвенное дополнение.,active
objeto_0014,pronombres_objeto,multiple_choice,Выбери местоимение,Nos ayuda el profesor. ___ ayuda.,Nos,Nos,Используй прямое или косвенное дополнение.,active
objeto_0015,pronombres_objeto,multiple_choice,Выбери местоимение,Ellos miran a mí. ___ miran.,Me,Me,Используй прямое или косвенное дополнение.,active
objeto_0016,pronombres_objeto,multiple_choice,Выбери местоимение,Preparo la comida. ___ preparo.,La,La,Используй прямое или косвенное дополнение.,active
objeto_0017,pronombres_objeto,multiple_choice,Выбери местоимение,Regalo un coche a mis padres. ___ regalo un coche.,Les,Les,Используй прямое или косвенное дополнение.,active
objeto_0018,pronombres_objeto,multiple_choice,Выбери местоимение,Busco a Laura. ___ busco.,La,La,Используй прямое или косвенное дополнение.,active
objeto_0019,pronombres_objeto,multiple_choice,Выбери местоимение,Invitamos a Carlos. ___ invitamos.,Lo,Lo,Используй прямое или косвенное дополнение.,active
objeto_0020,pronombres_objeto,multiple_choice,Выбери местоимение,Respondo a la profesora. ___ respondo.,Le,Le,Используй прямое или косвенное дополнение.,active
objeto_0021,pronombres_objeto,multiple_choice,Выбери местоимение,Ayudo a mis hijos. ___ ayudo.,Los,Los,Используй прямое или косвенное дополнение.,active
objeto_0022,pronombres_objeto,multiple_choice,Выбери местоимение,Enseño español a ellos. ___ enseño español.,Les,Les,Используй прямое или косвенное дополнение.,active
objeto_0023,pronombres_objeto,multiple_choice,Выбери местоимение,Miro las fotos. ___ miro.,Las,Las,Используй прямое или косвенное дополнение.,active
objeto_0024,pronombres_objeto,multiple_choice,Выбери местоимение,Escribo una carta. ___ escribo.,La,La,Используй прямое или косвенное дополнение.,active
objeto_0025,pronombres_objeto,multiple_choice,Выбери местоимение,Pregunto a María. ___ pregunto.,Le,Le,Используй прямое или косвенное дополнение.,active
objeto_0026,pronombres_objeto,fill_form,Вставь местоимение,Yo veo a María. Yo _____ veo.,la,la,,active
objeto_0027,pronombres_objeto,fill_form,Вставь местоимение,Veo a Juan. _____ veo.,Lo,Lo,,active
objeto_0028,pronombres_objeto,fill_form,Вставь местоимение,Conozco a Ana y Marta. _____ conozco.,Las,Las,,active
objeto_0029,pronombres_objeto,fill_form,Вставь местоимение,Llamo a Pedro. _____ llamo.,Lo,Lo,,active
objeto_0030,pronombres_objeto,fill_form,Вставь местоимение,Escribo a mi madre. _____ escribo.,Le,Le,,active
objeto_0031,pronombres_objeto,fill_form,Вставь местоимение,Doy el libro a Juan. _____ doy el libro.,Le,Le,,active
objeto_0032,pronombres_objeto,fill_form,Вставь местоимение,Compramos flores para Ana. _____ compramos flores.,Le,Le,,active
objeto_0033,pronombres_objeto,fill_form,Вставь местоимение,Veo a mis amigos. _____ veo.,Los,Los,,active
objeto_0034,pronombres_objeto,fill_form,Вставь местоимение,Escucho la canción. _____ escucho.,La,La,,active
objeto_0035,pronombres_objeto,fill_form,Вставь местоимение,Leo el periódico. _____ leo.,Lo,Lo,,active
objeto_0036,pronombres_objeto,fill_form,Вставь местоимение,Escribimos a nuestros amigos. _____ escribimos.,Les,Les,,active
objeto_0037,pronombres_objeto,fill_form,Вставь местоимение,Explico la tarea a vosotros. _____ explico la tarea.,Os,Os,,active
objeto_0038,pronombres_objeto,fill_form,Вставь местоимение,Te llamo mañana. _____ llamo mañana.,Te,Te,,active
objeto_0039,pronombres_objeto,fill_form,Вставь местоимение,Nos ayuda el profesor. _____ ayuda.,Nos,Nos,,active
objeto_0040,pronombres_objeto,fill_form,Вставь местоимение,Ellos miran a mí. _____ miran.,Me,Me,,active
objeto_0041,pronombres_objeto,fill_form,Вставь местоимение,Preparo la comida. _____ preparo.,La,La,,active
objeto_0042,pronombres_objeto,fill_form,Вставь местоимение,Regalo un coche a mis padres. _____ regalo un coche.,Les,Les,,active
objeto_0043,pronombres_objeto,fill_form,Вставь местоимение,Busco a Laura. _____ busco.,La,La,,active
objeto_0044,pronombres_objeto,fill_form,Вставь местоимение,Invitamos a Carlos. _____ invitamos.,Lo,Lo,,active
objeto_0045,pronombres_objeto,fill_form,Вставь местоимение,Respondo a la profesora. _____ respondo.,Le,Le,,active
objeto_0046,pronombres_objeto,fill_form,Вставь местоимение,Ayudo a mis hijos. _____ ayudo.,Los,Los,,active
objeto_0047,pronombres_objeto,fill_form,Вставь местоимение,Enseño español a ellos. _____ enseño español.,Les,Les,,active
objeto_0048,pronombres_objeto,fill_form,Вставь местоимение,Miro las fotos. _____ miro.,Las,Las,,active
objeto_0049,pronombres_objeto,fill_form,Вставь местоимение,Escribo una carta. _____ escribo.,La,La,,active
objeto_0050,pronombres_objeto,fill_form,Вставь местоимение,Pregunto a María. _____ pregunto.,Le,Le,,active
objeto_0051,pronombres_objeto,fix_error,Исправь ошибку,Corrige: Yo veo a María. Yo lo veo.,Yo veo a María. Yo la veo.,Yo veo a María. Yo la veo.,Используй правильное местоимение.,active
objeto_0052,pronombres_objeto,fix_error,Исправь ошибку,Corrige: Veo a Juan. le veo.,Veo a Juan. Lo veo.,Veo a Juan. Lo veo.,Используй правильное местоимение.,active
objeto_0053,pronombres_objeto,fix_error,Исправь ошибку,Corrige: Conozco a Ana y Marta. lo conozco.,Conozco a Ana y Marta. Las conozco.,Conozco a Ana y Marta. Las conozco.,Используй правильное местоимение.,active
objeto_0054,pronombres_objeto,fix_error,Исправь ошибку,Corrige: Llamo a Pedro. le llamo.,Llamo a Pedro. Lo llamo.,Llamo a Pedro. Lo llamo.,Используй правильное местоимение.,active
objeto_0055,pronombres_objeto,fix_error,Исправь ошибку,Corrige: Escribo a mi madre. lo escribo.,Escribo a mi madre. Le escribo.,Escribo a mi madre. Le escribo.,Используй правильное местоимение.,active
objeto_0056,pronombres_objeto,fix_error,Исправь ошибку,Corrige: Doy el libro a Juan. lo doy el libro.,Doy el libro a Juan. Le doy el libro.,Doy el libro a Juan. Le doy el libro.,Используй правильное местоимение.,active
objeto_0057,pronombres_objeto,fix_error,Исправь ошибку,Corrige: Compramos flores para Ana. lo compramos flores.,Compramos flores para Ana. Le compramos flores.,Compramos flores para Ana. Le compramos flores.,Используй правильное местоимение.,active
objeto_0058,pronombres_objeto,fix_error,Исправь ошибку,Corrige: Veo a mis amigos. lo veo.,Veo a mis amigos. Los veo.,Veo a mis amigos. Los veo.,Используй правильное местоимение.,active
objeto_0059,pronombres_objeto,fix_error,Исправь ошибку,Corrige: Escucho la canción. lo escucho.,Escucho la canción. La escucho.,Escucho la canción. La escucho.,Используй правильное местоимение.,active
objeto_0060,pronombres_objeto,fix_error,Исправь ошибку,Corrige: Leo el periódico. le leo.,Leo el periódico. Lo leo.,Leo el periódico. Lo leo.,Используй правильное местоимение.,active
objeto_0061,pronombres_objeto,fix_error,Исправь ошибку,Corrige: Escribimos a nuestros amigos. lo escribimos.,Escribimos a nuestros amigos. Les escribimos.,Escribimos a nuestros amigos. Les escribimos.,Используй правильное местоимение.,active
objeto_0062,pronombres_objeto,fix_error,Исправь ошибку,Corrige: Explico la tarea a vosotros. lo explico la tarea.,Explico la tarea a vosotros. Os explico la tarea.,Explico la tarea a vosotros. Os explico la tarea.,Используй правильное местоимение.,active
objeto_0063,pronombres_objeto,fix_error,Исправь ошибку,Corrige: Te llamo mañana. lo llamo mañana.,Te llamo mañana. Te llamo mañana.,Te llamo mañana. Te llamo mañana.,Используй правильное местоимение.,active
objeto_0064,pronombres_objeto,fix_error,Исправь ошибку,Corrige: Nos ayuda el profesor. lo ayuda.,Nos ayuda el profesor. Nos ayuda.,Nos ayuda el profesor. Nos ayuda.,Используй правильное местоимение.,active
objeto_0065,pronombres_objeto,fix_error,Исправь ошибку,Corrige: Ellos miran a mí. lo miran.,Ellos miran a mí. Me miran.,Ellos miran a mí. Me miran.,Используй правильное местоимение.,active
objeto_0066,pronombres_objeto,fix_error,Исправь ошибку,Corrige: Preparo la comida. lo preparo.,Preparo la comida. La preparo.,Preparo la comida. La preparo.,Используй правильное местоимение.,active
objeto_0067,pronombres_objeto,fix_error,Исправь ошибку,Corrige: Regalo un coche a mis padres. lo regalo un coche.,Regalo un coche a mis padres. Les regalo un coche.,Regalo un coche a mis padres. Les regalo un coche.,Используй правильное местоимение.,active
objeto_0068,pronombres_objeto,fix_error,Исправь ошибку,Corrige: Busco a Laura. lo busco.,Busco a Laura. La busco.,Busco a Laura. La busco.,Используй правильное местоимение.,active
objeto_0069,pronombres_objeto,fix_error,Исправь ошибку,Corrige: Invitamos a Carlos. le invitamos.,Invitamos a Carlos. Lo invitamos.,Invitamos a Carlos. Lo invitamos.,Используй правильное местоимение.,active
objeto_0070,pronombres_objeto,fix_error,Исправь ошибку,Corrige: Respondo a la profesora. lo respondo.,Respondo a la profesora. Le respondo.,Respondo a la profesora. Le respondo.,Используй правильное местоимение.,active
objeto_0071,pronombres_objeto,fix_error,Исправь ошибку,Corrige: Ayudo a mis hijos. lo ayudo.,Ayudo a mis hijos. Los ayudo.,Ayudo a mis hijos. Los ayudo.,Используй правильное местоимение.,active
objeto_0072,pronombres_objeto,fix_error,Исправь ошибку,Corrige: Enseño español a ellos. lo enseño español.,Enseño español a ellos. Les enseño español.,Enseño español a ellos. Les enseño español.,Используй правильное местоимение.,active
objeto_0073,pronombres_objeto,fix_error,Исправь ошибку,Corrige: Miro las fotos. lo miro.,Miro las fotos. Las miro.,Miro las fotos. Las miro.,Используй правильное местоимение.,active
objeto_0074,pronombres_objeto,fix_error,Исправь ошибку,Corrige: Escribo una carta. lo escribo.,Escribo una carta. La escribo.,Escribo una carta. La escribo.,Используй правильное местоимение.,active
objeto_0075,pronombres_objeto,fix_error,Исправь ошибку,Corrige: Pregunto a María. lo pregunto.,Pregunto a María. Le pregunto.,Pregunto a María. Le pregunto.,Используй правильное местоимение.,active
objeto_0076,pronombres_objeto,translation,Переведи на испанский,Я вижу Марию.,La veo.,La veo.,,active
objeto_0077,pronombres_objeto,translation,Переведи на испанский,Я вижу Хуана.,Lo veo.,Lo veo.,,active
objeto_0078,pronombres_objeto,translation,Переведи на испанский,Я знаю Ану и Марту.,Las conozco.,Las conozco.,,active
objeto_0079,pronombres_objeto,translation,Переведи на испанский,Я звоню Педро.,Lo llamo.,Lo llamo.,,active
objeto_0080,pronombres_objeto,translation,Переведи на испанский,Я пишу маме.,Le escribo.,Le escribo.,,active
objeto_0081,pronombres_objeto,translation,Переведи на испанский,Я даю книгу Хуану.,Le doy el libro.,Le doy el libro.,,active
objeto_0082,pronombres_objeto,translation,Переведи на испанский,Мы покупаем цветы Ане.,Le compramos flores.,Le compramos flores.,,active
objeto_0083,pronombres_objeto,translation,Переведи на испанский,Я вижу своих друзей.,Los veo.,Los veo.,,active
objeto_0084,pronombres_objeto,translation,Переведи на испанский,Я слушаю песню.,La escucho.,La escucho.,,active
objeto_0085,pronombres_objeto,translation,Переведи на испанский,Я читаю газету.,La leo.,La leo.,,active
objeto_0086,pronombres_objeto,translation,Переведи на испанский,Мы пишем нашим друзьям.,Les escribimos.,Les escribimos.,,active
objeto_0087,pronombres_objeto,translation,Переведи на испанский,Я объясняю вам задание. (vosotros),Os explico la tarea.,Os explico la tarea.,,active
objeto_0088,pronombres_objeto,translation,Переведи на испанский,Я позвоню тебе завтра.,Te llamo mañana.,Te llamo mañana.,,active
objeto_0089,pronombres_objeto,translation,Переведи на испанский,Учитель помогает нам.,Nos ayuda el profesor.,Nos ayuda el profesor.,,active
objeto_0090,pronombres_objeto,translation,Переведи на испанский,Они смотрят на меня.,Me miran.,Me miran.,,active
objeto_0091,pronombres_objeto,translation,Переведи на испанский,Я готовлю еду.,La preparo.,La preparo.,,active
objeto_0092,pronombres_objeto,translation,Переведи на испанский,Я дарю машину родителям.,Les regalo un coche.,Les regalo un coche.,,active
objeto_0093,pronombres_objeto,translation,Переведи на испанский,Я ищу Лауру.,La busco.,La busco.,,active
objeto_0094,pronombres_objeto,translation,Переведи на испанский,Мы приглашаем Карлоса.,Lo invitamos.,Lo invitamos.,,active
objeto_0095,pronombres_objeto,translation,Переведи на испанский,Я отвечаю преподавателю.,Le respondo.,Le respondo.,,active
objeto_0096,pronombres_objeto,translation,Переведи на испанский,Я помогаю детям.,Los ayudo.,Los ayudo.,,active
objeto_0097,pronombres_objeto,translation,Переведи на испанский,Я преподаю им испанский.,Les enseño español.,Les enseño español.,,active
objeto_0098,pronombres_objeto,translation,Переведи на испанский,Я смотрю фотографии.,Las miro.,Las miro.,,active
objeto_0099,pronombres_objeto,translation,Переведи на испанский,Я пишу письмо.,La escribo.,La escribo.,,active
objeto_0100,pronombres_objeto,translation,Переведи на испанский,Я задаю вопрос Марии.,Le pregunto.,Le pregunto.,,active
presente_0001,presente_indicativo,multiple_choice,Выбери правильный вариант,Yo ___ español todos los días.,estudio,estudio,С yo у глаголов на -ar окончание -o.,active
presente_0002,presente_indicativo,multiple_choice,Выбери правильный вариант,Tú ___ en Madrid.,vives,vives,С tú у vivir форма vives.,active
presente_0003,presente_indicativo,multiple_choice,Выбери правильный вариант,Ella ___ café por la mañana.,bebe,bebe,С ella у beber форма bebe.,active
presente_0004,presente_indicativo,multiple_choice,Выбери правильный вариант,Nosotros ___ mucho los fines de semana.,trabajamos,trabajamos,С nosotros у -ar окончание -amos.,active
presente_0005,presente_indicativo,multiple_choice,Выбери правильный вариант,Vosotros ___ muy rápido.,coméis,coméis,С vosotros у comer форма coméis.,active
presente_0006,presente_indicativo,multiple_choice,Выбери правильный вариант,Ellos ___ en una oficina.,trabajan,trabajan,С ellos у -ar окончание -an.,active
presente_0007,presente_indicativo,multiple_choice,Выбери правильный вариант,Yo ___ un libro interesante.,leo,leo,Leer в yo: leo.,active
presente_0008,presente_indicativo,multiple_choice,Выбери правильный вариант,Tú ___ la puerta.,abres,abres,Abrir в tú: abres.,active
presente_0009,presente_indicativo,multiple_choice,Выбери правильный вариант,Mi hermana ___ en Barcelona.,vive,vive,С tercera persona singular форма vive.,active
presente_0010,presente_indicativo,multiple_choice,Выбери правильный вариант,Nosotras ___ agua durante la clase.,bebemos,bebemos,С nosotras у beber форма bebemos.,active
presente_0011,presente_indicativo,multiple_choice,Выбери правильный вариант,Yo ___ estudiante.,soy,soy,Ser в yo: soy.,active
presente_0012,presente_indicativo,multiple_choice,Выбери правильный вариант,Tú ___ muy cansado hoy.,estás,estás,Estar в tú: estás.,active
presente_0013,presente_indicativo,multiple_choice,Выбери правильный вариант,Él ___ muchos amigos.,tiene,tiene,Tener в él: tiene.,active
presente_0014,presente_indicativo,multiple_choice,Выбери правильный вариант,Nosotros ___ al gimnasio los lunes.,vamos,vamos,Ir в nosotros: vamos.,active
presente_0015,presente_indicativo,multiple_choice,Выбери правильный вариант,Ellos ___ de Argentina.,son,son,Ser в ellos: son.,active
presente_0016,presente_indicativo,multiple_choice,Выбери правильный вариант,Yo ___ la tarea por la noche.,hago,hago,Hacer в yo: hago.,active
presente_0017,presente_indicativo,multiple_choice,Выбери правильный вариант,Tú ___ la verdad.,dices,dices,Decir в tú: dices.,active
presente_0018,presente_indicativo,multiple_choice,Выбери правильный вариант,Ella ___ tarde a casa.,viene,viene,Venir в ella: viene.,active
presente_0019,presente_indicativo,multiple_choice,Выбери правильный вариант,Nosotros ___ salir temprano.,podemos,podemos,Poder в nosotros: podemos.,active
presente_0020,presente_indicativo,multiple_choice,Выбери правильный вариант,Ellos ___ una respuesta.,saben,saben,Saber в ellos: saben.,active
presente_0021,presente_indicativo,multiple_choice,Выбери правильный вариант,Yo ___ dormir ocho horas.,quiero,quiero,Querer меняет e → ie: quiero.,active
presente_0022,presente_indicativo,multiple_choice,Выбери правильный вариант,Tú ___ jugar al fútbol.,puedes,puedes,Poder меняет o → ue: puedes.,active
presente_0023,presente_indicativo,multiple_choice,Выбери правильный вариант,Él ___ a las once.,duerme,duerme,Dormir меняет o → ue: duerme.,active
presente_0024,presente_indicativo,multiple_choice,Выбери правильный вариант,Nosotros ___ ayuda.,pedimos,pedimos,Pedir в nosotros без смены корня: pedimos.,active
presente_0025,presente_indicativo,multiple_choice,Выбери правильный вариант,Ellas ___ empezar ahora.,quieren,quieren,Querer в ellas: quieren.,active
presente_0026,presente_indicativo,fill_form,Вставь правильную форму,Yo ___ (hablar) con mi profesor.,hablo,hablo,Hablar в yo: hablo.,active
presente_0027,presente_indicativo,fill_form,Вставь правильную форму,Tú ___ (comer) en casa.,comes,comes,Comer в tú: comes.,active
presente_0028,presente_indicativo,fill_form,Вставь правильную форму,Ella ___ (vivir) cerca del centro.,vive,vive,Vivir в ella: vive.,active
presente_0029,presente_indicativo,fill_form,Вставь правильную форму,Nosotros ___ (estudiar) por la noche.,estudiamos,estudiamos,Estudiar в nosotros: estudiamos.,active
presente_0030,presente_indicativo,fill_form,Вставь правильную форму,Vosotros ___ (abrir) las ventanas.,abrís,abrís,Abrir в vosotros: abrís.,active
presente_0031,presente_indicativo,fill_form,Вставь правильную форму,Ellos ___ (trabajar) mucho.,trabajan,trabajan,Trabajar в ellos: trabajan.,active
presente_0032,presente_indicativo,fill_form,Вставь правильную форму,Yo ___ (leer) el periódico.,leo,leo,Leer в yo: leo.,active
presente_0033,presente_indicativo,fill_form,Вставь правильную форму,Tú ___ (beber) agua.,bebes,bebes,Beber в tú: bebes.,active
presente_0034,presente_indicativo,fill_form,Вставь правильную форму,Ella ___ (escribir) mensajes.,escribe,escribe,Escribir в ella: escribe.,active
presente_0035,presente_indicativo,fill_form,Вставь правильную форму,Nosotras ___ (aprender) español.,aprendemos,aprendemos,Aprender в nosotras: aprendemos.,active
presente_0036,presente_indicativo,fill_form,Вставь правильную форму,Yo ___ (ser) de Rusia.,soy,soy,Ser в yo: soy.,active
presente_0037,presente_indicativo,fill_form,Вставь правильную форму,Tú ___ (estar) en casa.,estás,estás,Estar в tú: estás.,active
presente_0038,presente_indicativo,fill_form,Вставь правильную форму,Él ___ (tener) una pregunta.,tiene,tiene,Tener в él: tiene.,active
presente_0039,presente_indicativo,fill_form,Вставь правильную форму,Nosotros ___ (ir) al parque.,vamos,vamos,Ir в nosotros: vamos.,active
presente_0040,presente_indicativo,fill_form,Вставь правильную форму,Ellas ___ (ser) mis amigas.,son,son,Ser в ellas: son.,active
presente_0041,presente_indicativo,fill_form,Вставь правильную форму,Yo ___ (hacer) deporte.,hago,hago,Hacer в yo: hago.,active
presente_0042,presente_indicativo,fill_form,Вставь правильную форму,Tú ___ (decir) la verdad.,dices,dices,Decir в tú: dices.,active
presente_0043,presente_indicativo,fill_form,Вставь правильную форму,Ella ___ (venir) a clase.,viene,viene,Venir в ella: viene.,active
presente_0044,presente_indicativo,fill_form,Вставь правильную форму,Nosotros ___ (poder) ayudar.,podemos,podemos,Poder в nosotros: podemos.,active
presente_0045,presente_indicativo,fill_form,Вставь правильную форму,Ellos ___ (saber) la respuesta.,saben,saben,Saber в ellos: saben.,active
presente_0046,presente_indicativo,fill_form,Вставь правильную форму,Yo ___ (querer) un café.,quiero,quiero,Querer меняет e → ie: quiero.,active
presente_0047,presente_indicativo,fill_form,Вставь правильную форму,Tú ___ (poder) entrar.,puedes,puedes,Poder меняет o → ue: puedes.,active
presente_0048,presente_indicativo,fill_form,Вставь правильную форму,Él ___ (dormir) poco.,duerme,duerme,Dormir меняет o → ue: duerme.,active
presente_0049,presente_indicativo,fill_form,Вставь правильную форму,Nosotros ___ (pedir) la cuenta.,pedimos,pedimos,Pedir в nosotros: pedimos.,active
presente_0050,presente_indicativo,fill_form,Вставь правильную форму,Ellas ___ (empezar) a trabajar.,empiezan,empiezan,Empezar меняет e → ie: empiezan.,active
presente_0051,presente_indicativo,fix_error,Исправь ошибку,Corrige: Yo hablas español.,Yo hablo español.,Yo hablo español.,С yo нужна форма hablo.,active
presente_0052,presente_indicativo,fix_error,Исправь ошибку,Corrige: Tú vive en Madrid.,Tú vives en Madrid.,Tú vives en Madrid.,С tú нужна форма vives.,active
presente_0053,presente_indicativo,fix_error,Исправь ошибку,Corrige: Ella bebo café.,Ella bebe café.,Ella bebe café.,С ella нужна форма bebe.,active
presente_0054,presente_indicativo,fix_error,Исправь ошибку,Corrige: Nosotros trabaja mucho.,Nosotros trabajamos mucho.,Nosotros trabajamos mucho.,С nosotros нужна форма trabajamos.,active
presente_0055,presente_indicativo,fix_error,Исправь ошибку,Corrige: Vosotros comen pizza.,Vosotros coméis pizza.,Vosotros coméis pizza.,С vosotros нужна форма coméis.,active
presente_0056,presente_indicativo,fix_error,Исправь ошибку,Corrige: Ellos estudia por la noche.,Ellos estudian por la noche.,Ellos estudian por la noche.,С ellos нужна форма estudian.,active
presente_0057,presente_indicativo,fix_error,Исправь ошибку,Corrige: Yo lee un libro.,Yo leo un libro.,Yo leo un libro.,Leer в yo: leo.,active
presente_0058,presente_indicativo,fix_error,Исправь ошибку,Corrige: Tú abro la puerta.,Tú abres la puerta.,Tú abres la puerta.,Abrir в tú: abres.,active
presente_0059,presente_indicativo,fix_error,Исправь ошибку,Corrige: Mi hermana viven en Barcelona.,Mi hermana vive en Barcelona.,Mi hermana vive en Barcelona.,С singular нужна форма vive.,active
presente_0060,presente_indicativo,fix_error,Исправь ошибку,Corrige: Nosotras bebe agua.,Nosotras bebemos agua.,Nosotras bebemos agua.,С nosotras нужна форма bebemos.,active
presente_0061,presente_indicativo,fix_error,Исправь ошибку,Corrige: Yo es estudiante.,Yo soy estudiante.,Yo soy estudiante.,Ser в yo: soy.,active
presente_0062,presente_indicativo,fix_error,Исправь ошибку,Corrige: Tú está en casa.,Tú estás en casa.,Tú estás en casa.,Estar в tú: estás.,active
presente_0063,presente_indicativo,fix_error,Исправь ошибку,Corrige: Él tengo una pregunta.,Él tiene una pregunta.,Él tiene una pregunta.,Tener в él: tiene.,active
presente_0064,presente_indicativo,fix_error,Исправь ошибку,Corrige: Nosotros van al gimnasio.,Nosotros vamos al gimnasio.,Nosotros vamos al gimnasio.,Ir в nosotros: vamos.,active
presente_0065,presente_indicativo,fix_error,Исправь ошибку,Corrige: Ellos es de Argentina.,Ellos son de Argentina.,Ellos son de Argentina.,Ser в plural: son.,active
presente_0066,presente_indicativo,fix_error,Исправь ошибку,Corrige: Yo hace la tarea.,Yo hago la tarea.,Yo hago la tarea.,Hacer в yo: hago.,active
presente_0067,presente_indicativo,fix_error,Исправь ошибку,Corrige: Tú dice la verdad.,Tú dices la verdad.,Tú dices la verdad.,Decir в tú: dices.,active
presente_0068,presente_indicativo,fix_error,Исправь ошибку,Corrige: Ella vienes tarde.,Ella viene tarde.,Ella viene tarde.,Venir в ella: viene.,active
presente_0069,presente_indicativo,fix_error,Исправь ошибку,Corrige: Nosotros pueden salir.,Nosotros podemos salir.,Nosotros podemos salir.,Poder в nosotros: podemos.,active
presente_0070,presente_indicativo,fix_error,Исправь ошибку,Corrige: Ellos sabe la respuesta.,Ellos saben la respuesta.,Ellos saben la respuesta.,Saber в ellos: saben.,active
presente_0071,presente_indicativo,fix_error,Исправь ошибку,Corrige: Yo quero dormir.,Yo quiero dormir.,Yo quiero dormir.,Querer меняет e → ie: quiero.,active
presente_0072,presente_indicativo,fix_error,Исправь ошибку,Corrige: Tú podes entrar.,Tú puedes entrar.,Tú puedes entrar.,Poder меняет o → ue: puedes.,active
presente_0073,presente_indicativo,fix_error,Исправь ошибку,Corrige: Él dorme poco.,Él duerme poco.,Él duerme poco.,Dormir меняет o → ue: duerme.,active
presente_0074,presente_indicativo,fix_error,Исправь ошибку,Corrige: Nosotros piedimos ayuda.,Nosotros pedimos ayuda.,Nosotros pedimos ayuda.,В nosotros у pedir форма pedimos.,active
presente_0075,presente_indicativo,fix_error,Исправь ошибку,Corrige: Ellas empezan ahora.,Ellas empiezan ahora.,Ellas empiezan ahora.,Empezar меняет e → ie: empiezan.,active
presente_0076,presente_indicativo,translation,Переведи на испанский,Я говорю по-испански каждый день.,Hablo español todos los días.,Hablo español todos los días.,С yo форма hablar — hablo.,active
presente_0077,presente_indicativo,translation,Переведи на испанский,Ты живёшь в Мадриде.,Vives en Madrid.,Vives en Madrid.,С tú форма vivir — vives.,active
presente_0078,presente_indicativo,translation,Переведи на испанский,Она пьёт кофе утром.,Ella bebe café por la mañana.,Ella bebe café por la mañana.,С ella форма beber — bebe.,active
presente_0079,presente_indicativo,translation,Переведи на испанский,Мы работаем много.,Trabajamos mucho.,Trabajamos mucho.,С nosotros форма trabajar — trabajamos.,active
presente_0080,presente_indicativo,translation,Переведи на испанский,Вы едите пиццу. (vosotros),Coméis pizza.,Coméis pizza.,С vosotros форма comer — coméis.,active
presente_0081,presente_indicativo,translation,Переведи на испанский,Они учатся ночью.,Estudian por la noche.,Estudian por la noche.,С ellos форма estudiar — estudian.,active
presente_0082,presente_indicativo,translation,Переведи на испанский,Я читаю интересную книгу.,Leo un libro interesante.,Leo un libro interesante.,Leer в yo: leo.,active
presente_0083,presente_indicativo,translation,Переведи на испанский,Ты открываешь дверь.,Abres la puerta.,Abres la puerta.,Abrir в tú: abres.,active
presente_0084,presente_indicativo,translation,Переведи на испанский,Моя сестра живёт в Барселоне.,Mi hermana vive en Barcelona.,Mi hermana vive en Barcelona.,С singular форма vive.,active
presente_0085,presente_indicativo,translation,Переведи на испанский,Мы пьём воду на занятии.,Bebemos agua en clase.,Bebemos agua en clase.,С nosotros форма beber — bebemos.,active
presente_0086,presente_indicativo,translation,Переведи на испанский,Я студент.,Soy estudiante.,Soy estudiante.,Ser в yo: soy.,active
presente_0087,presente_indicativo,translation,Переведи на испанский,Ты дома.,Estás en casa.,Estás en casa.,Estar в tú: estás.,active
presente_0088,presente_indicativo,translation,Переведи на испанский,У него есть вопрос.,Él tiene una pregunta.,Él tiene una pregunta.,Tener в él: tiene.,active
presente_0089,presente_indicativo,translation,Переведи на испанский,Мы идём в парк.,Vamos al parque.,Vamos al parque.,Ir в nosotros: vamos.,active
presente_0090,presente_indicativo,translation,Переведи на испанский,Они мои друзья.,Ellos son mis amigos.,Ellos son mis amigos.,Ser в plural: son.,active
presente_0091,presente_indicativo,translation,Переведи на испанский,Я делаю домашнее задание.,Hago la tarea.,Hago la tarea.,Hacer в yo: hago.,active
presente_0092,presente_indicativo,translation,Переведи на испанский,Ты говоришь правду.,Dices la verdad.,Dices la verdad.,Decir в tú: dices.,active
presente_0093,presente_indicativo,translation,Переведи на испанский,Она приходит на занятие.,Ella viene a clase.,Ella viene a clase.,Venir в ella: viene.,active
presente_0094,presente_indicativo,translation,Переведи на испанский,Мы можем помочь.,Podemos ayudar.,Podemos ayudar.,Poder в nosotros: podemos.,active
presente_0095,presente_indicativo,translation,Переведи на испанский,Они знают ответ.,Saben la respuesta.,Saben la respuesta.,Saber в ellos: saben.,active
presente_0096,presente_indicativo,translation,Переведи на испанский,Я хочу кофе.,Quiero un café.,Quiero un café.,Querer меняет e → ie: quiero.,active
presente_0097,presente_indicativo,translation,Переведи на испанский,Ты можешь войти.,Puedes entrar.,Puedes entrar.,Poder меняет o → ue: puedes.,active
presente_0098,presente_indicativo,translation,Переведи на испанский,Он мало спит.,Él duerme poco.,Él duerme poco.,Dormir меняет o → ue: duerme.,active
presente_0099,presente_indicativo,translation,Переведи на испанский,Мы просим счёт.,Pedimos la cuenta.,Pedimos la cuenta.,Pedir в nosotros: pedimos.,active
presente_0100,presente_indicativo,translation,Переведи на испанский,Они начинают работать.,Empiezan a trabajar.,Empiezan a trabajar.,Empezar меняет e → ie: empiezan.,active
preposiciones_0001,preposiciones,multiple_choice,Выбери правильный вариант,"Voy ___ Madrid mañana.
Варианты: a / en / de / por",a,a,Выберите подходящий предлог по смыслу.,active
preposiciones_0002,preposiciones,multiple_choice,Выбери правильный вариант,"El libro está ___ la mesa.
Варианты: en / a / de / con",en,en,Выберите подходящий предлог по смыслу.,active
preposiciones_0003,preposiciones,multiple_choice,Выбери правильный вариант,"Vengo ___ España.
Варианты: de / desde / a / por",de,de,Выберите подходящий предлог по смыслу.,active
preposiciones_0004,preposiciones,multiple_choice,Выбери правильный вариант,"Salgo ___ mis amigos.
Варианты: con / sin / para / entre",con,con,Выберите подходящий предлог по смыслу.,active
preposiciones_0005,preposiciones,multiple_choice,Выбери правильный вариант,"Este regalo es ___ ti.
Варианты: para / por / de / a",para,para,Выберите подходящий предлог по смыслу.,active
preposiciones_0006,preposiciones,multiple_choice,Выбери правильный вариант,"Voy ___ Madrid mañana.
Варианты: a / en / de / por",a,a,Выберите подходящий предлог по смыслу.,active
preposiciones_0007,preposiciones,multiple_choice,Выбери правильный вариант,"El libro está ___ la mesa.
Варианты: en / a / de / con",en,en,Выберите подходящий предлог по смыслу.,active
preposiciones_0008,preposiciones,multiple_choice,Выбери правильный вариант,"Vengo ___ España.
Варианты: de / desde / a / por",de,de,Выберите подходящий предлог по смыслу.,active
preposiciones_0009,preposiciones,multiple_choice,Выбери правильный вариант,"Salgo ___ mis amigos.
Варианты: con / sin / para / entre",con,con,Выберите подходящий предлог по смыслу.,active
preposiciones_0010,preposiciones,multiple_choice,Выбери правильный вариант,"Este regalo es ___ ti.
Варианты: para / por / de / a",para,para,Выберите подходящий предлог по смыслу.,active
preposiciones_0011,preposiciones,multiple_choice,Выбери правильный вариант,"Voy ___ Madrid mañana.
Варианты: a / en / de / por",a,a,Выберите подходящий предлог по смыслу.,active
preposiciones_0012,preposiciones,multiple_choice,Выбери правильный вариант,"El libro está ___ la mesa.
Варианты: en / a / de / con",en,en,Выберите подходящий предлог по смыслу.,active
preposiciones_0013,preposiciones,multiple_choice,Выбери правильный вариант,"Vengo ___ España.
Варианты: de / desde / a / por",de,de,Выберите подходящий предлог по смыслу.,active
preposiciones_0014,preposiciones,multiple_choice,Выбери правильный вариант,"Salgo ___ mis amigos.
Варианты: con / sin / para / entre",con,con,Выберите подходящий предлог по смыслу.,active
preposiciones_0015,preposiciones,multiple_choice,Выбери правильный вариант,"Este regalo es ___ ti.
Варианты: para / por / de / a",para,para,Выберите подходящий предлог по смыслу.,active
preposiciones_0016,preposiciones,multiple_choice,Выбери правильный вариант,"Voy ___ Madrid mañana.
Варианты: a / en / de / por",a,a,Выберите подходящий предлог по смыслу.,active
preposiciones_0017,preposiciones,multiple_choice,Выбери правильный вариант,"El libro está ___ la mesa.
Варианты: en / a / de / con",en,en,Выберите подходящий предлог по смыслу.,active
preposiciones_0018,preposiciones,multiple_choice,Выбери правильный вариант,"Vengo ___ España.
Варианты: de / desde / a / por",de,de,Выберите подходящий предлог по смыслу.,active
preposiciones_0019,preposiciones,multiple_choice,Выбери правильный вариант,"Salgo ___ mis amigos.
Варианты: con / sin / para / entre",con,con,Выберите подходящий предлог по смыслу.,active
preposiciones_0020,preposiciones,multiple_choice,Выбери правильный вариант,"Este regalo es ___ ti.
Варианты: para / por / de / a",para,para,Выберите подходящий предлог по смыслу.,active
preposiciones_0021,preposiciones,multiple_choice,Выбери правильный вариант,"Voy ___ Madrid mañana.
Варианты: a / en / de / por",a,a,Выберите подходящий предлог по смыслу.,active
preposiciones_0022,preposiciones,multiple_choice,Выбери правильный вариант,"El libro está ___ la mesa.
Варианты: en / a / de / con",en,en,Выберите подходящий предлог по смыслу.,active
preposiciones_0023,preposiciones,multiple_choice,Выбери правильный вариант,"Vengo ___ España.
Варианты: de / desde / a / por",de,de,Выберите подходящий предлог по смыслу.,active
preposiciones_0024,preposiciones,multiple_choice,Выбери правильный вариант,"Salgo ___ mis amigos.
Варианты: con / sin / para / entre",con,con,Выберите подходящий предлог по смыслу.,active
preposiciones_0025,preposiciones,multiple_choice,Выбери правильный вариант,"Este regalo es ___ ti.
Варианты: para / por / de / a",para,para,Выберите подходящий предлог по смыслу.,active
preposiciones_0026,preposiciones,fill_blank,Вставь пропущенное слово,Completa: Vivo ___ Moscú.,en,en,,active
preposiciones_0027,preposiciones,fill_blank,Вставь пропущенное слово,Completa: Trabajo ___ una empresa internacional.,en,en,,active
preposiciones_0028,preposiciones,fill_blank,Вставь пропущенное слово,Completa: Caminamos ___ el parque.,por,por,,active
preposiciones_0029,preposiciones,fill_blank,Вставь пропущенное слово,Completa: Estudio español ___ viajar.,para,para,,active
preposiciones_0030,preposiciones,fill_blank,Вставь пропущенное слово,Completa: El tren viene ___ Barcelona.,de,de,,active
preposiciones_0031,preposiciones,fill_blank,Вставь пропущенное слово,Completa: Vivo ___ Moscú.,en,en,,active
preposiciones_0032,preposiciones,fill_blank,Вставь пропущенное слово,Completa: Trabajo ___ una empresa internacional.,en,en,,active
preposiciones_0033,preposiciones,fill_blank,Вставь пропущенное слово,Completa: Caminamos ___ el parque.,por,por,,active
preposiciones_0034,preposiciones,fill_blank,Вставь пропущенное слово,Completa: Estudio español ___ viajar.,para,para,,active
preposiciones_0035,preposiciones,fill_blank,Вставь пропущенное слово,Completa: El tren viene ___ Barcelona.,de,de,,active
preposiciones_0036,preposiciones,fill_blank,Вставь пропущенное слово,Completa: Vivo ___ Moscú.,en,en,,active
preposiciones_0037,preposiciones,fill_blank,Вставь пропущенное слово,Completa: Trabajo ___ una empresa internacional.,en,en,,active
preposiciones_0038,preposiciones,fill_blank,Вставь пропущенное слово,Completa: Caminamos ___ el parque.,por,por,,active
preposiciones_0039,preposiciones,fill_blank,Вставь пропущенное слово,Completa: Estudio español ___ viajar.,para,para,,active
preposiciones_0040,preposiciones,fill_blank,Вставь пропущенное слово,Completa: El tren viene ___ Barcelona.,de,de,,active
preposiciones_0041,preposiciones,fill_blank,Вставь пропущенное слово,Completa: Vivo ___ Moscú.,en,en,,active
preposiciones_0042,preposiciones,fill_blank,Вставь пропущенное слово,Completa: Trabajo ___ una empresa internacional.,en,en,,active
preposiciones_0043,preposiciones,fill_blank,Вставь пропущенное слово,Completa: Caminamos ___ el parque.,por,por,,active
preposiciones_0044,preposiciones,fill_blank,Вставь пропущенное слово,Completa: Estudio español ___ viajar.,para,para,,active
preposiciones_0045,preposiciones,fill_blank,Вставь пропущенное слово,Completa: El tren viene ___ Barcelona.,de,de,,active
preposiciones_0046,preposiciones,fill_blank,Вставь пропущенное слово,Completa: Vivo ___ Moscú.,en,en,,active
preposiciones_0047,preposiciones,fill_blank,Вставь пропущенное слово,Completa: Trabajo ___ una empresa internacional.,en,en,,active
preposiciones_0048,preposiciones,fill_blank,Вставь пропущенное слово,Completa: Caminamos ___ el parque.,por,por,,active
preposiciones_0049,preposiciones,fill_blank,Вставь пропущенное слово,Completa: Estudio español ___ viajar.,para,para,,active
preposiciones_0050,preposiciones,fill_blank,Вставь пропущенное слово,Completa: El tren viene ___ Barcelona.,de,de,,active
preposiciones_0051,preposiciones,correct_mistake,Исправь ошибку,Voy en Madrid.,Voy a Madrid.,Voy a Madrid.,Исправьте неверный предлог.,active
preposiciones_0052,preposiciones,correct_mistake,Исправь ошибку,El vaso está a la mesa.,El vaso está en la mesa.,El vaso está en la mesa.,Исправьте неверный предлог.,active
preposiciones_0053,preposiciones,correct_mistake,Исправь ошибку,Este regalo es por ti. (цель),Este regalo es para ti.,Este regalo es para ti.,Исправьте неверный предлог.,active
preposiciones_0054,preposiciones,correct_mistake,Исправь ошибку,Vivo de España.,Vivo en España.,Vivo en España.,Исправьте неверный предлог.,active
preposiciones_0055,preposiciones,correct_mistake,Исправь ошибку,Estudio español por trabajar en España.,Estudio español para trabajar en España.,Estudio español para trabajar en España.,Исправьте неверный предлог.,active
preposiciones_0056,preposiciones,correct_mistake,Исправь ошибку,Voy en Madrid.,Voy a Madrid.,Voy a Madrid.,Исправьте неверный предлог.,active
preposiciones_0057,preposiciones,correct_mistake,Исправь ошибку,El vaso está a la mesa.,El vaso está en la mesa.,El vaso está en la mesa.,Исправьте неверный предлог.,active
preposiciones_0058,preposiciones,correct_mistake,Исправь ошибку,Este regalo es por ti. (цель),Este regalo es para ti.,Este regalo es para ti.,Исправьте неверный предлог.,active
preposiciones_0059,preposiciones,correct_mistake,Исправь ошибку,Vivo de España.,Vivo en España.,Vivo en España.,Исправьте неверный предлог.,active
preposiciones_0060,preposiciones,correct_mistake,Исправь ошибку,Estudio español por trabajar en España.,Estudio español para trabajar en España.,Estudio español para trabajar en España.,Исправьте неверный предлог.,active
preposiciones_0061,preposiciones,correct_mistake,Исправь ошибку,Voy en Madrid.,Voy a Madrid.,Voy a Madrid.,Исправьте неверный предлог.,active
preposiciones_0062,preposiciones,correct_mistake,Исправь ошибку,El vaso está a la mesa.,El vaso está en la mesa.,El vaso está en la mesa.,Исправьте неверный предлог.,active
preposiciones_0063,preposiciones,correct_mistake,Исправь ошибку,Este regalo es por ti. (цель),Este regalo es para ti.,Este regalo es para ti.,Исправьте неверный предлог.,active
preposiciones_0064,preposiciones,correct_mistake,Исправь ошибку,Vivo de España.,Vivo en España.,Vivo en España.,Исправьте неверный предлог.,active
preposiciones_0065,preposiciones,correct_mistake,Исправь ошибку,Estudio español por trabajar en España.,Estudio español para trabajar en España.,Estudio español para trabajar en España.,Исправьте неверный предлог.,active
preposiciones_0066,preposiciones,correct_mistake,Исправь ошибку,Voy en Madrid.,Voy a Madrid.,Voy a Madrid.,Исправьте неверный предлог.,active
preposiciones_0067,preposiciones,correct_mistake,Исправь ошибку,El vaso está a la mesa.,El vaso está en la mesa.,El vaso está en la mesa.,Исправьте неверный предлог.,active
preposiciones_0068,preposiciones,correct_mistake,Исправь ошибку,Este regalo es por ti. (цель),Este regalo es para ti.,Este regalo es para ti.,Исправьте неверный предлог.,active
preposiciones_0069,preposiciones,correct_mistake,Исправь ошибку,Vivo de España.,Vivo en España.,Vivo en España.,Исправьте неверный предлог.,active
preposiciones_0070,preposiciones,correct_mistake,Исправь ошибку,Estudio español por trabajar en España.,Estudio español para trabajar en España.,Estudio español para trabajar en España.,Исправьте неверный предлог.,active
preposiciones_0071,preposiciones,correct_mistake,Исправь ошибку,Voy en Madrid.,Voy a Madrid.,Voy a Madrid.,Исправьте неверный предлог.,active
preposiciones_0072,preposiciones,correct_mistake,Исправь ошибку,El vaso está a la mesa.,El vaso está en la mesa.,El vaso está en la mesa.,Исправьте неверный предлог.,active
preposiciones_0073,preposiciones,correct_mistake,Исправь ошибку,Este regalo es por ti. (цель),Este regalo es para ti.,Este regalo es para ti.,Исправьте неверный предлог.,active
preposiciones_0074,preposiciones,correct_mistake,Исправь ошибку,Vivo de España.,Vivo en España.,Vivo en España.,Исправьте неверный предлог.,active
preposiciones_0075,preposiciones,correct_mistake,Исправь ошибку,Estudio español por trabajar en España.,Estudio español para trabajar en España.,Estudio español para trabajar en España.,Исправьте неверный предлог.,active
preposiciones_0076,preposiciones,translation,Переведи на испанский,Я иду в школу.,Voy a la escuela.,Voy a la escuela.,,active
preposiciones_0077,preposiciones,translation,Переведи на испанский,Мы живём в Испании.,Vivimos en España.,Vivimos en España.,,active
preposiciones_0078,preposiciones,translation,Переведи на испанский,Я приехал из Мексики.,Vengo de México.,Vengo de México.,,active
preposiciones_0079,preposiciones,translation,Переведи на испанский,Она гуляет с друзьями.,Ella pasea con sus amigos.,Ella pasea con sus amigos.,,active
preposiciones_0080,preposiciones,translation,Переведи на испанский,Я изучаю испанский для работы.,Estudio español para trabajar.,Estudio español para trabajar.,,active
preposiciones_0081,preposiciones,translation,Переведи на испанский,Я иду в школу.,Voy a la escuela.,Voy a la escuela.,,active
preposiciones_0082,preposiciones,translation,Переведи на испанский,Мы живём в Испании.,Vivimos en España.,Vivimos en España.,,active
preposiciones_0083,preposiciones,translation,Переведи на испанский,Я приехал из Мексики.,Vengo de México.,Vengo de México.,,active
preposiciones_0084,preposiciones,translation,Переведи на испанский,Она гуляет с друзьями.,Ella pasea con sus amigos.,Ella pasea con sus amigos.,,active
preposiciones_0085,preposiciones,translation,Переведи на испанский,Я изучаю испанский для работы.,Estudio español para trabajar.,Estudio español para trabajar.,,active
preposiciones_0086,preposiciones,translation,Переведи на испанский,Я иду в школу.,Voy a la escuela.,Voy a la escuela.,,active
preposiciones_0087,preposiciones,translation,Переведи на испанский,Мы живём в Испании.,Vivimos en España.,Vivimos en España.,,active
preposiciones_0088,preposiciones,translation,Переведи на испанский,Я приехал из Мексики.,Vengo de México.,Vengo de México.,,active
preposiciones_0089,preposiciones,translation,Переведи на испанский,Она гуляет с друзьями.,Ella pasea con sus amigos.,Ella pasea con sus amigos.,,active
preposiciones_0090,preposiciones,translation,Переведи на испанский,Я изучаю испанский для работы.,Estudio español para trabajar.,Estudio español para trabajar.,,active
preposiciones_0091,preposiciones,translation,Переведи на испанский,Я иду в школу.,Voy a la escuela.,Voy a la escuela.,,active
preposiciones_0092,preposiciones,translation,Переведи на испанский,Мы живём в Испании.,Vivimos en España.,Vivimos en España.,,active
preposiciones_0093,preposiciones,translation,Переведи на испанский,Я приехал из Мексики.,Vengo de México.,Vengo de México.,,active
preposiciones_0094,preposiciones,translation,Переведи на испанский,Она гуляет с друзьями.,Ella pasea con sus amigos.,Ella pasea con sus amigos.,,active
preposiciones_0095,preposiciones,translation,Переведи на испанский,Я изучаю испанский для работы.,Estudio español para trabajar.,Estudio español para trabajar.,,active
preposiciones_0096,preposiciones,translation,Переведи на испанский,Я иду в школу.,Voy a la escuela.,Voy a la escuela.,,active
preposiciones_0097,preposiciones,translation,Переведи на испанский,Мы живём в Испании.,Vivimos en España.,Vivimos en España.,,active
preposiciones_0098,preposiciones,translation,Переведи на испанский,Я приехал из Мексики.,Vengo de México.,Vengo de México.,,active
preposiciones_0099,preposiciones,translation,Переведи на испанский,Она гуляет с друзьями.,Ella pasea con sus amigos.,Ella pasea con sus amigos.,,active
preposiciones_0100,preposiciones,translation,Переведи на испанский,Я изучаю испанский для работы.,Estudio español para trabajar.,Estudio español para trabajar.,,active
posesivos_0001,posesivos,multiple_choice,Выбери правильный вариант,"_____ libro es interesante. (мой)
Варианты: Mi / Mis / Mío / Mía",Mi,Mi,Различайте притяжательные прилагательные и местоимения.,active
posesivos_0002,posesivos,multiple_choice,Выбери правильный вариант,"¿Es _____ casa? (твоя)
Варианты: tu / tus / tuya / tuyo",tu,tu,Различайте притяжательные прилагательные и местоимения.,active
posesivos_0003,posesivos,multiple_choice,Выбери правильный вариант,"Los zapatos son _____. (наши)
Варианты: nuestro / nuestras / nuestros / nuestros",nuestros,nuestros,Различайте притяжательные прилагательные и местоимения.,active
posesivos_0004,posesivos,multiple_choice,Выбери правильный вариант,"Ese coche es _____. (его)
Варианты: suyo / su / sus / suya",suyo,suyo,Различайте притяжательные прилагательные и местоимения.,active
posesivos_0005,posesivos,multiple_choice,Выбери правильный вариант,"_____ amigos viven aquí. (ваши)
Варианты: Vuestros / Vuestro / Vuestras / Vuestra",Vuestros,Vuestros,Различайте притяжательные прилагательные и местоимения.,active
posesivos_0006,posesivos,multiple_choice,Выбери правильный вариант,"_____ libro es interesante. (мой)
Варианты: Mi / Mis / Mío / Mía",Mi,Mi,Различайте притяжательные прилагательные и местоимения.,active
posesivos_0007,posesivos,multiple_choice,Выбери правильный вариант,"¿Es _____ casa? (твоя)
Варианты: tu / tus / tuya / tuyo",tu,tu,Различайте притяжательные прилагательные и местоимения.,active
posesivos_0008,posesivos,multiple_choice,Выбери правильный вариант,"Los zapatos son _____. (наши)
Варианты: nuestro / nuestras / nuestros / nuestros",nuestros,nuestros,Различайте притяжательные прилагательные и местоимения.,active
posesivos_0009,posesivos,multiple_choice,Выбери правильный вариант,"Ese coche es _____. (его)
Варианты: suyo / su / sus / suya",suyo,suyo,Различайте притяжательные прилагательные и местоимения.,active
posesivos_0010,posesivos,multiple_choice,Выбери правильный вариант,"_____ amigos viven aquí. (ваши)
Варианты: Vuestros / Vuestro / Vuestras / Vuestra",Vuestros,Vuestros,Различайте притяжательные прилагательные и местоимения.,active
posesivos_0011,posesivos,multiple_choice,Выбери правильный вариант,"_____ libro es interesante. (мой)
Варианты: Mi / Mis / Mío / Mía",Mi,Mi,Различайте притяжательные прилагательные и местоимения.,active
posesivos_0012,posesivos,multiple_choice,Выбери правильный вариант,"¿Es _____ casa? (твоя)
Варианты: tu / tus / tuya / tuyo",tu,tu,Различайте притяжательные прилагательные и местоимения.,active
posesivos_0013,posesivos,multiple_choice,Выбери правильный вариант,"Los zapatos son _____. (наши)
Варианты: nuestro / nuestras / nuestros / nuestros",nuestros,nuestros,Различайте притяжательные прилагательные и местоимения.,active
posesivos_0014,posesivos,multiple_choice,Выбери правильный вариант,"Ese coche es _____. (его)
Варианты: suyo / su / sus / suya",suyo,suyo,Различайте притяжательные прилагательные и местоимения.,active
posesivos_0015,posesivos,multiple_choice,Выбери правильный вариант,"_____ amigos viven aquí. (ваши)
Варианты: Vuestros / Vuestro / Vuestras / Vuestra",Vuestros,Vuestros,Различайте притяжательные прилагательные и местоимения.,active
posesivos_0016,posesivos,multiple_choice,Выбери правильный вариант,"_____ libro es interesante. (мой)
Варианты: Mi / Mis / Mío / Mía",Mi,Mi,Различайте притяжательные прилагательные и местоимения.,active
posesivos_0017,posesivos,multiple_choice,Выбери правильный вариант,"¿Es _____ casa? (твоя)
Варианты: tu / tus / tuya / tuyo",tu,tu,Различайте притяжательные прилагательные и местоимения.,active
posesivos_0018,posesivos,multiple_choice,Выбери правильный вариант,"Los zapatos son _____. (наши)
Варианты: nuestro / nuestras / nuestros / nuestros",nuestros,nuestros,Различайте притяжательные прилагательные и местоимения.,active
posesivos_0019,posesivos,multiple_choice,Выбери правильный вариант,"Ese coche es _____. (его)
Варианты: suyo / su / sus / suya",suyo,suyo,Различайте притяжательные прилагательные и местоимения.,active
posesivos_0020,posesivos,multiple_choice,Выбери правильный вариант,"_____ amigos viven aquí. (ваши)
Варианты: Vuestros / Vuestro / Vuestras / Vuestra",Vuestros,Vuestros,Различайте притяжательные прилагательные и местоимения.,active
posesivos_0021,posesivos,multiple_choice,Выбери правильный вариант,"_____ libro es interesante. (мой)
Варианты: Mi / Mis / Mío / Mía",Mi,Mi,Различайте притяжательные прилагательные и местоимения.,active
posesivos_0022,posesivos,multiple_choice,Выбери правильный вариант,"¿Es _____ casa? (твоя)
Варианты: tu / tus / tuya / tuyo",tu,tu,Различайте притяжательные прилагательные и местоимения.,active
posesivos_0023,posesivos,multiple_choice,Выбери правильный вариант,"Los zapatos son _____. (наши)
Варианты: nuestro / nuestras / nuestros / nuestros",nuestros,nuestros,Различайте притяжательные прилагательные и местоимения.,active
posesivos_0024,posesivos,multiple_choice,Выбери правильный вариант,"Ese coche es _____. (его)
Варианты: suyo / su / sus / suya",suyo,suyo,Различайте притяжательные прилагательные и местоимения.,active
posesivos_0025,posesivos,multiple_choice,Выбери правильный вариант,"_____ amigos viven aquí. (ваши)
Варианты: Vuestros / Vuestro / Vuestras / Vuestra",Vuestros,Vuestros,Различайте притяжательные прилагательные и местоимения.,active
posesivos_0026,posesivos,fill_blank,Вставь пропущенное слово,Completa: ____ hermano estudia medicina. (mi),Mi,Mi,,active
posesivos_0027,posesivos,fill_blank,Вставь пропущенное слово,Completa: Estas llaves son _____. (mías),mías,mías,,active
posesivos_0028,posesivos,fill_blank,Вставь пропущенное слово,Completa: ¿Dónde está ____ mochila? (tu),tu,tu,,active
posesivos_0029,posesivos,fill_blank,Вставь пропущенное слово,Completa: El coche es _____. (nuestro),nuestro,nuestro,,active
posesivos_0030,posesivos,fill_blank,Вставь пропущенное слово,Completa: Ellos venden ____ casa. (su),su,su,,active
posesivos_0031,posesivos,fill_blank,Вставь пропущенное слово,Completa: ____ hermano estudia medicina. (mi),Mi,Mi,,active
posesivos_0032,posesivos,fill_blank,Вставь пропущенное слово,Completa: Estas llaves son _____. (mías),mías,mías,,active
posesivos_0033,posesivos,fill_blank,Вставь пропущенное слово,Completa: ¿Dónde está ____ mochila? (tu),tu,tu,,active
posesivos_0034,posesivos,fill_blank,Вставь пропущенное слово,Completa: El coche es _____. (nuestro),nuestro,nuestro,,active
posesivos_0035,posesivos,fill_blank,Вставь пропущенное слово,Completa: Ellos venden ____ casa. (su),su,su,,active
posesivos_0036,posesivos,fill_blank,Вставь пропущенное слово,Completa: ____ hermano estudia medicina. (mi),Mi,Mi,,active
posesivos_0037,posesivos,fill_blank,Вставь пропущенное слово,Completa: Estas llaves son _____. (mías),mías,mías,,active
posesivos_0038,posesivos,fill_blank,Вставь пропущенное слово,Completa: ¿Dónde está ____ mochila? (tu),tu,tu,,active
posesivos_0039,posesivos,fill_blank,Вставь пропущенное слово,Completa: El coche es _____. (nuestro),nuestro,nuestro,,active
posesivos_0040,posesivos,fill_blank,Вставь пропущенное слово,Completa: Ellos venden ____ casa. (su),su,su,,active
posesivos_0041,posesivos,fill_blank,Вставь пропущенное слово,Completa: ____ hermano estudia medicina. (mi),Mi,Mi,,active
posesivos_0042,posesivos,fill_blank,Вставь пропущенное слово,Completa: Estas llaves son _____. (mías),mías,mías,,active
posesivos_0043,posesivos,fill_blank,Вставь пропущенное слово,Completa: ¿Dónde está ____ mochila? (tu),tu,tu,,active
posesivos_0044,posesivos,fill_blank,Вставь пропущенное слово,Completa: El coche es _____. (nuestro),nuestro,nuestro,,active
posesivos_0045,posesivos,fill_blank,Вставь пропущенное слово,Completa: Ellos venden ____ casa. (su),su,su,,active
posesivos_0046,posesivos,fill_blank,Вставь пропущенное слово,Completa: ____ hermano estudia medicina. (mi),Mi,Mi,,active
posesivos_0047,posesivos,fill_blank,Вставь пропущенное слово,Completa: Estas llaves son _____. (mías),mías,mías,,active
posesivos_0048,posesivos,fill_blank,Вставь пропущенное слово,Completa: ¿Dónde está ____ mochila? (tu),tu,tu,,active
posesivos_0049,posesivos,fill_blank,Вставь пропущенное слово,Completa: El coche es _____. (nuestro),nuestro,nuestro,,active
posesivos_0050,posesivos,fill_blank,Вставь пропущенное слово,Completa: Ellos venden ____ casa. (su),su,su,,active
posesivos_0051,posesivos,correct_mistake,Исправь ошибку,Mío libro está aquí.,Mi libro está aquí.,Mi libro está aquí.,Исправьте форму притяжательного слова.,active
posesivos_0052,posesivos,correct_mistake,Исправь ошибку,Esta casa es mi.,Esta casa es mía.,Esta casa es mía.,Исправьте форму притяжательного слова.,active
posesivos_0053,posesivos,correct_mistake,Исправь ошибку,Nuestros es grande.,El nuestro es grande.,El nuestro es grande.,Исправьте форму притяжательного слова.,active
posesivos_0054,posesivos,correct_mistake,Исправь ошибку,Sus coche es rojo.,Su coche es rojo.,Su coche es rojo.,Исправьте форму притяжательного слова.,active
posesivos_0055,posesivos,correct_mistake,Исправь ошибку,La mochila es tu.,La mochila es tuya.,La mochila es tuya.,Исправьте форму притяжательного слова.,active
posesivos_0056,posesivos,correct_mistake,Исправь ошибку,Mío libro está aquí.,Mi libro está aquí.,Mi libro está aquí.,Исправьте форму притяжательного слова.,active
posesivos_0057,posesivos,correct_mistake,Исправь ошибку,Esta casa es mi.,Esta casa es mía.,Esta casa es mía.,Исправьте форму притяжательного слова.,active
posesivos_0058,posesivos,correct_mistake,Исправь ошибку,Nuestros es grande.,El nuestro es grande.,El nuestro es grande.,Исправьте форму притяжательного слова.,active
posesivos_0059,posesivos,correct_mistake,Исправь ошибку,Sus coche es rojo.,Su coche es rojo.,Su coche es rojo.,Исправьте форму притяжательного слова.,active
posesivos_0060,posesivos,correct_mistake,Исправь ошибку,La mochila es tu.,La mochila es tuya.,La mochila es tuya.,Исправьте форму притяжательного слова.,active
posesivos_0061,posesivos,correct_mistake,Исправь ошибку,Mío libro está aquí.,Mi libro está aquí.,Mi libro está aquí.,Исправьте форму притяжательного слова.,active
posesivos_0062,posesivos,correct_mistake,Исправь ошибку,Esta casa es mi.,Esta casa es mía.,Esta casa es mía.,Исправьте форму притяжательного слова.,active
posesivos_0063,posesivos,correct_mistake,Исправь ошибку,Nuestros es grande.,El nuestro es grande.,El nuestro es grande.,Исправьте форму притяжательного слова.,active
posesivos_0064,posesivos,correct_mistake,Исправь ошибку,Sus coche es rojo.,Su coche es rojo.,Su coche es rojo.,Исправьте форму притяжательного слова.,active
posesivos_0065,posesivos,correct_mistake,Исправь ошибку,La mochila es tu.,La mochila es tuya.,La mochila es tuya.,Исправьте форму притяжательного слова.,active
posesivos_0066,posesivos,correct_mistake,Исправь ошибку,Mío libro está aquí.,Mi libro está aquí.,Mi libro está aquí.,Исправьте форму притяжательного слова.,active
posesivos_0067,posesivos,correct_mistake,Исправь ошибку,Esta casa es mi.,Esta casa es mía.,Esta casa es mía.,Исправьте форму притяжательного слова.,active
posesivos_0068,posesivos,correct_mistake,Исправь ошибку,Nuestros es grande.,El nuestro es grande.,El nuestro es grande.,Исправьте форму притяжательного слова.,active
posesivos_0069,posesivos,correct_mistake,Исправь ошибку,Sus coche es rojo.,Su coche es rojo.,Su coche es rojo.,Исправьте форму притяжательного слова.,active
posesivos_0070,posesivos,correct_mistake,Исправь ошибку,La mochila es tu.,La mochila es tuya.,La mochila es tuya.,Исправьте форму притяжательного слова.,active
posesivos_0071,posesivos,correct_mistake,Исправь ошибку,Mío libro está aquí.,Mi libro está aquí.,Mi libro está aquí.,Исправьте форму притяжательного слова.,active
posesivos_0072,posesivos,correct_mistake,Исправь ошибку,Esta casa es mi.,Esta casa es mía.,Esta casa es mía.,Исправьте форму притяжательного слова.,active
posesivos_0073,posesivos,correct_mistake,Исправь ошибку,Nuestros es grande.,El nuestro es grande.,El nuestro es grande.,Исправьте форму притяжательного слова.,active
posesivos_0074,posesivos,correct_mistake,Исправь ошибку,Sus coche es rojo.,Su coche es rojo.,Su coche es rojo.,Исправьте форму притяжательного слова.,active
posesivos_0075,posesivos,correct_mistake,Исправь ошибку,La mochila es tu.,La mochila es tuya.,La mochila es tuya.,Исправьте форму притяжательного слова.,active
posesivos_0076,posesivos,translation,Переведи на испанский,Это моя книга.,Este es mi libro.,Este es mi libro.,,active
posesivos_0077,posesivos,translation,Переведи на испанский,Эта машина моя.,Este coche es mío.,Este coche es mío.,,active
posesivos_0078,posesivos,translation,Переведи на испанский,Наш дом больше вашего.,Nuestra casa es más grande que la vuestra.,Nuestra casa es más grande que la vuestra.,,active
posesivos_0079,posesivos,translation,Переведи на испанский,Где твои ключи?,¿Dónde están tus llaves?,¿Dónde están tus llaves?,,active
posesivos_0080,posesivos,translation,Переведи на испанский,Их дети очень добрые.,Sus hijos son muy amables.,Sus hijos son muy amables.,,active
posesivos_0081,posesivos,translation,Переведи на испанский,Это моя книга.,Este es mi libro.,Este es mi libro.,,active
posesivos_0082,posesivos,translation,Переведи на испанский,Эта машина моя.,Este coche es mío.,Este coche es mío.,,active
posesivos_0083,posesivos,translation,Переведи на испанский,Наш дом больше вашего.,Nuestra casa es más grande que la vuestra.,Nuestra casa es más grande que la vuestra.,,active
posesivos_0084,posesivos,translation,Переведи на испанский,Где твои ключи?,¿Dónde están tus llaves?,¿Dónde están tus llaves?,,active
posesivos_0085,posesivos,translation,Переведи на испанский,Их дети очень добрые.,Sus hijos son muy amables.,Sus hijos son muy amables.,,active
posesivos_0086,posesivos,translation,Переведи на испанский,Это моя книга.,Este es mi libro.,Este es mi libro.,,active
posesivos_0087,posesivos,translation,Переведи на испанский,Эта машина моя.,Este coche es mío.,Este coche es mío.,,active
posesivos_0088,posesivos,translation,Переведи на испанский,Наш дом больше вашего.,Nuestra casa es más grande que la vuestra.,Nuestra casa es más grande que la vuestra.,,active
posesivos_0089,posesivos,translation,Переведи на испанский,Где твои ключи?,¿Dónde están tus llaves?,¿Dónde están tus llaves?,,active
posesivos_0090,posesivos,translation,Переведи на испанский,Их дети очень добрые.,Sus hijos son muy amables.,Sus hijos son muy amables.,,active
posesivos_0091,posesivos,translation,Переведи на испанский,Это моя книга.,Este es mi libro.,Este es mi libro.,,active
posesivos_0092,posesivos,translation,Переведи на испанский,Эта машина моя.,Este coche es mío.,Este coche es mío.,,active
posesivos_0093,posesivos,translation,Переведи на испанский,Наш дом больше вашего.,Nuestra casa es más grande que la vuestra.,Nuestra casa es más grande que la vuestra.,,active
posesivos_0094,posesivos,translation,Переведи на испанский,Где твои ключи?,¿Dónde están tus llaves?,¿Dónde están tus llaves?,,active
posesivos_0095,posesivos,translation,Переведи на испанский,Их дети очень добрые.,Sus hijos son muy amables.,Sus hijos son muy amables.,,active
posesivos_0096,posesivos,translation,Переведи на испанский,Это моя книга.,Este es mi libro.,Este es mi libro.,,active
posesivos_0097,posesivos,translation,Переведи на испанский,Эта машина моя.,Este coche es mío.,Este coche es mío.,,active
posesivos_0098,posesivos,translation,Переведи на испанский,Наш дом больше вашего.,Nuestra casa es más grande que la vuestra.,Nuestra casa es más grande que la vuestra.,,active
posesivos_0099,posesivos,translation,Переведи на испанский,Где твои ключи?,¿Dónde están tus llaves?,¿Dónde están tus llaves?,,active
posesivos_0100,posesivos,translation,Переведи на испанский,Их дети очень добрые.,Sus hijos son muy amables.,Sus hijos son muy amables.,,active
perifrasis_0001,perifrasis_verbales,multiple_choice,Выбери правильную перифразу,Tengo mucho trabajo. ___ estudiar más.,Tengo que,Tengo que,Выбор подходящей перифразы.,active
perifrasis_0002,perifrasis_verbales,multiple_choice,Выбери правильную перифразу,En España ___ respetar las leyes.,Hay que,Hay que,Выбор подходящей перифразы.,active
perifrasis_0003,perifrasis_verbales,multiple_choice,Выбери правильную перифразу,Los niños ___ llorar.,empiezan a,empiezan a,Выбор подходящей перифразы.,active
perifrasis_0004,perifrasis_verbales,multiple_choice,Выбери правильную перифразу,Quiero ___ intentarlo.,volver a,volver a,Выбор подходящей перифразы.,active
perifrasis_0005,perifrasis_verbales,multiple_choice,Выбери правильную перифразу,Hoy no ___ salir.,puedo,puedo,Выбор подходящей перифразы.,active
perifrasis_0006,perifrasis_verbales,multiple_choice,Выбери правильную перифразу,Acabo de comer. ___ comer.,termino de,termino de,Выбор подходящей перифразы.,active
perifrasis_0007,perifrasis_verbales,multiple_choice,Выбери правильную перифразу,Ella ___ estudiando.,sigue,sigue,Выбор подходящей перифразы.,active
perifrasis_0008,perifrasis_verbales,multiple_choice,Выбери правильную перифразу,Nosotros ___ practicar.,tenemos que,tenemos que,Выбор подходящей перифразы.,active
perifrasis_0009,perifrasis_verbales,multiple_choice,Выбери правильную перифразу,Aquí ___ hacer silencio.,hay que,hay que,Выбор подходящей перифразы.,active
perifrasis_0010,perifrasis_verbales,multiple_choice,Выбери правильную перифразу,Pedro ___ correr.,empieza a,empieza a,Выбор подходящей перифразы.,active
perifrasis_0011,perifrasis_verbales,multiple_choice,Выбери правильную перифразу,Voy ___ llamar.,a volver a,a volver a,Выбор подходящей перифразы.,active
perifrasis_0012,perifrasis_verbales,multiple_choice,Выбери правильную перифразу,¿___ ayudarte?,Puedo,Puedo,Выбор подходящей перифразы.,active
perifrasis_0013,perifrasis_verbales,multiple_choice,Выбери правильную перифразу,Ellos ___ trabajar.,terminan de,terminan de,Выбор подходящей перифразы.,active
perifrasis_0014,perifrasis_verbales,multiple_choice,Выбери правильную перифразу,Tú ___ leyendo.,sigues,sigues,Выбор подходящей перифразы.,active
perifrasis_0015,perifrasis_verbales,multiple_choice,Выбери правильную перифразу,Vosotros ___ madrugar.,tenéis que,tenéis que,Выбор подходящей перифразы.,active
perifrasis_0016,perifrasis_verbales,multiple_choice,Выбери правильную перифразу,En clase ___ escuchar.,hay que,hay que,Выбор подходящей перифразы.,active
perifrasis_0017,perifrasis_verbales,multiple_choice,Выбери правильную перифразу,Ella ___ sonreír.,empieza a,empieza a,Выбор подходящей перифразы.,active
perifrasis_0018,perifrasis_verbales,multiple_choice,Выбери правильную перифразу,Quiero ___ verlo.,volver a,volver a,Выбор подходящей перифразы.,active
perifrasis_0019,perifrasis_verbales,multiple_choice,Выбери правильную перифразу,No ___ venir.,puedo,puedo,Выбор подходящей перифразы.,active
perifrasis_0020,perifrasis_verbales,multiple_choice,Выбери правильную перифразу,Acabamos ___.,de estudiar,de estudiar,Выбор подходящей перифразы.,active
perifrasis_0021,perifrasis_verbales,multiple_choice,Выбери правильную перифразу,Ellos ___ jugando.,siguen,siguen,Выбор подходящей перифразы.,active
perifrasis_0022,perifrasis_verbales,multiple_choice,Выбери правильную перифразу,Yo ___ descansar.,tengo que,tengo que,Выбор подходящей перифразы.,active
perifrasis_0023,perifrasis_verbales,multiple_choice,Выбери правильную перифразу,Aquí ___ esperar.,hay que,hay que,Выбор подходящей перифразы.,active
perifrasis_0024,perifrasis_verbales,multiple_choice,Выбери правильную перифразу,Los estudiantes ___ escribir.,empiezan a,empiezan a,Выбор подходящей перифразы.,active
perifrasis_0025,perifrasis_verbales,multiple_choice,Выбери правильную перифразу,Vamos ___ hacerlo.,a volver a,a volver a,Выбор подходящей перифразы.,active
perifrasis_0026,perifrasis_verbales,fill_form,Вставь правильную форму,Yo _____ estudiar más.,tengo que,tengo que,,active
perifrasis_0027,perifrasis_verbales,fill_form,Вставь правильную форму,Aquí _____ fumar.,hay que,hay que,,active
perifrasis_0028,perifrasis_verbales,fill_form,Вставь правильную форму,Ella _____ trabajar.,empieza a,empieza a,,active
perifrasis_0029,perifrasis_verbales,fill_form,Вставь правильную форму,Voy _____ llamar.,a volver a,a volver a,,active
perifrasis_0030,perifrasis_verbales,fill_form,Вставь правильную форму,No _____ venir.,puedo,puedo,,active
perifrasis_0031,perifrasis_verbales,fill_form,Вставь правильную форму,Acabo _____ comer.,de,de,,active
perifrasis_0032,perifrasis_verbales,fill_form,Вставь правильную форму,Él _____ leyendo.,sigue,sigue,,active
perifrasis_0033,perifrasis_verbales,fill_form,Вставь правильную форму,Nosotros _____ practicar.,tenemos que,tenemos que,,active
perifrasis_0034,perifrasis_verbales,fill_form,Вставь правильную форму,_____ respetar las reglas.,Hay que,Hay que,,active
perifrasis_0035,perifrasis_verbales,fill_form,Вставь правильную форму,Pedro _____ correr.,empieza a,empieza a,,active
perifrasis_0036,perifrasis_verbales,fill_form,Вставь правильную форму,Ellos _____ intentarlo.,van a volver a,van a volver a,,active
perifrasis_0037,perifrasis_verbales,fill_form,Вставь правильную форму,¿_____ ayudarte?,Puedo,Puedo,,active
perifrasis_0038,perifrasis_verbales,fill_form,Вставь правильную форму,Acabamos _____ estudiar.,de,de,,active
perifrasis_0039,perifrasis_verbales,fill_form,Вставь правильную форму,Tú _____ trabajando.,sigues,sigues,,active
perifrasis_0040,perifrasis_verbales,fill_form,Вставь правильную форму,Vosotros _____ madrugar.,tenéis que,tenéis que,,active
perifrasis_0041,perifrasis_verbales,fill_form,Вставь правильную форму,_____ reciclar.,Hay que,Hay que,,active
perifrasis_0042,perifrasis_verbales,fill_form,Вставь правильную форму,Ella _____ sonreír.,empieza a,empieza a,,active
perifrasis_0043,perifrasis_verbales,fill_form,Вставь правильную форму,Quiero _____ verlo.,volver a,volver a,,active
perifrasis_0044,perifrasis_verbales,fill_form,Вставь правильную форму,No _____ salir.,puedo,puedo,,active
perifrasis_0045,perifrasis_verbales,fill_form,Вставь правильную форму,Ellos _____ jugar.,terminan de,terminan de,,active
perifrasis_0046,perifrasis_verbales,fill_form,Вставь правильную форму,Nosotros _____ aprendiendo.,seguimos,seguimos,,active
perifrasis_0047,perifrasis_verbales,fill_form,Вставь правильную форму,Yo _____ descansar.,tengo que,tengo que,,active
perifrasis_0048,perifrasis_verbales,fill_form,Вставь правильную форму,Aquí _____ esperar.,hay que,hay que,,active
perifrasis_0049,perifrasis_verbales,fill_form,Вставь правильную форму,Los niños _____ leer.,empiezan a,empiezan a,,active
perifrasis_0050,perifrasis_verbales,fill_form,Вставь правильную форму,Mañana _____ intentarlo.,voy a volver a,voy a volver a,,active
perifrasis_0051,perifrasis_verbales,fix_error,Исправь ошибку,Corrige: Yo _____ estudiar más.,Yo tengo que estudiar más.,Yo tengo que estudiar más.,Исправь перифразу.,active
perifrasis_0052,perifrasis_verbales,fix_error,Исправь ошибку,Corrige: Aquí _____ fumar.,Aquí hay que fumar.,Aquí hay que fumar.,Исправь перифразу.,active
perifrasis_0053,perifrasis_verbales,fix_error,Исправь ошибку,Corrige: Ella _____ trabajar.,Ella empieza a trabajar.,Ella empieza a trabajar.,Исправь перифразу.,active
perifrasis_0054,perifrasis_verbales,fix_error,Исправь ошибку,Corrige: Voy _____ llpuedompuedor.,Voy a volver a llamar.,Voy a volver a llamar.,Исправь перифразу.,active
perifrasis_0055,perifrasis_verbales,fix_error,Исправь ошибку,Corrige: No _____ venir.,No puedo venir.,No puedo venir.,Исправь перифразу.,active
perifrasis_0056,perifrasis_verbales,fix_error,Исправь ошибку,Corrige: Acabo _____ comer.,Acabo de comer.,Acabo de comer.,Исправь перифразу.,active
perifrasis_0057,perifrasis_verbales,fix_error,Исправь ошибку,Corrige: Él _____ leyendo.,Él sigue leyendo.,Él sigue leyendo.,Исправь перифразу.,active
perifrasis_0058,perifrasis_verbales,fix_error,Исправь ошибку,Corrige: Nosotros _____ practicar.,Nosotros tenemos que practicar.,Nosotros tenemos que practicar.,Исправь перифразу.,active
perifrasis_0059,perifrasis_verbales,fix_error,Исправь ошибку,Corrige: _____ respetar las reglas.,Hay que respetar las reglas.,Hay que respetar las reglas.,Исправь перифразу.,active
perifrasis_0060,perifrasis_verbales,fix_error,Исправь ошибку,Corrige: Pedro _____ correr.,Pedro empieza a correr.,Pedro empieza a correr.,Исправь перифразу.,active
perifrasis_0061,perifrasis_verbales,fix_error,Исправь ошибку,Corrige: Ellos _____ intentarlo.,Ellos van a volver a intentarlo.,Ellos van a volver a intentarlo.,Исправь перифразу.,active
perifrasis_0062,perifrasis_verbales,fix_error,Исправь ошибку,Corrige: ¿_____ ayudarte?,¿Puedo ayudarte?,¿Puedo ayudarte?,Исправь перифразу.,active
perifrasis_0063,perifrasis_verbales,fix_error,Исправь ошибку,Corrige: Acabamos _____ estudiar.,Acabamos de estudiar.,Acabamos de estudiar.,Исправь перифразу.,active
perifrasis_0064,perifrasis_verbales,fix_error,Исправь ошибку,Corrige: Tú _____ trabajando.,Tú sigues trabajando.,Tú sigues trabajando.,Исправь перифразу.,active
perifrasis_0065,perifrasis_verbales,fix_error,Исправь ошибку,Corrige: Vosotros _____ madrugar.,Vosotros tenéis que madrugar.,Vosotros tenéis que madrugar.,Исправь перифразу.,active
perifrasis_0066,perifrasis_verbales,fix_error,Исправь ошибку,Corrige: _____ reciclar.,Hay que reciclar.,Hay que reciclar.,Исправь перифразу.,active
perifrasis_0067,perifrasis_verbales,fix_error,Исправь ошибку,Corrige: Ella _____ sonreír.,Ella empieza a sonreír.,Ella empieza a sonreír.,Исправь перифразу.,active
perifrasis_0068,perifrasis_verbales,fix_error,Исправь ошибку,Corrige: Quiero _____ verlo.,Quiero volver a verlo.,Quiero volver a verlo.,Исправь перифразу.,active
perifrasis_0069,perifrasis_verbales,fix_error,Исправь ошибку,Corrige: No _____ salir.,No puedo salir.,No puedo salir.,Исправь перифразу.,active
perifrasis_0070,perifrasis_verbales,fix_error,Исправь ошибку,Corrige: Ellos _____ jugar.,Ellos terminan de jugar.,Ellos terminan de jugar.,Исправь перифразу.,active
perifrasis_0071,perifrasis_verbales,fix_error,Исправь ошибку,Corrige: Nosotros _____ aprendiendo.,Nosotros seguimos aprendiendo.,Nosotros seguimos aprendiendo.,Исправь перифразу.,active
perifrasis_0072,perifrasis_verbales,fix_error,Исправь ошибку,Corrige: Yo _____ descansar.,Yo tengo que descansar.,Yo tengo que descansar.,Исправь перифразу.,active
perifrasis_0073,perifrasis_verbales,fix_error,Исправь ошибку,Corrige: Aquí _____ esperar.,Aquí hay que esperar.,Aquí hay que esperar.,Исправь перифразу.,active
perifrasis_0074,perifrasis_verbales,fix_error,Исправь ошибку,Corrige: Los niños _____ leer.,Los niños empiezan a leer.,Los niños empiezan a leer.,Исправь перифразу.,active
perifrasis_0075,perifrasis_verbales,fix_error,Исправь ошибку,Corrige: Mañana _____ intentarlo.,Mañana voy a volver a intentarlo.,Mañana voy a volver a intentarlo.,Исправь перифразу.,active
perifrasis_0076,perifrasis_verbales,translation,Переведи на испанский,Мне нужно учиться.,Tengo que estudiar.,Tengo que estudiar.,,active
perifrasis_0077,perifrasis_verbales,translation,Переведи на испанский,Нужно уважать правила.,Hay que respetar las normas.,Hay que respetar las normas.,,active
perifrasis_0078,perifrasis_verbales,translation,Переведи на испанский,Она начинает работать.,Ella empieza a trabajar.,Ella empieza a trabajar.,,active
perifrasis_0079,perifrasis_verbales,translation,Переведи на испанский,Я хочу снова попробовать.,Quiero volver a intentarlo.,Quiero volver a intentarlo.,,active
perifrasis_0080,perifrasis_verbales,translation,Переведи на испанский,Я не могу войти.,No puedo entrar.,No puedo entrar.,,active
perifrasis_0081,perifrasis_verbales,translation,Переведи на испанский,Я только что закончил есть.,Termino de comer.,Termino de comer.,,active
perifrasis_0082,perifrasis_verbales,translation,Переведи на испанский,Она продолжает работать.,Ella sigue trabajando.,Ella sigue trabajando.,,active
perifrasis_0083,perifrasis_verbales,translation,Переведи на испанский,Нам нужно больше практиковаться.,Tenemos que practicar más.,Tenemos que practicar más.,,active
perifrasis_0084,perifrasis_verbales,translation,Переведи на испанский,Здесь нужно молчать.,Aquí hay que guardar silencio.,Aquí hay que guardar silencio.,,active
perifrasis_0085,perifrasis_verbales,translation,Переведи на испанский,Педро начинает бегать.,Pedro empieza a correr.,Pedro empieza a correr.,,active
perifrasis_0086,perifrasis_verbales,translation,Переведи на испанский,Мы снова попробуем.,Vamos a volver a intentarlo.,Vamos a volver a intentarlo.,,active
perifrasis_0087,perifrasis_verbales,translation,Переведи на испанский,Ты можешь помочь?,¿Puedes ayudar?,¿Puedes ayudar?,,active
perifrasis_0088,perifrasis_verbales,translation,Переведи на испанский,Они только что закончили работать.,Terminan de trabajar.,Terminan de trabajar.,,active
perifrasis_0089,perifrasis_verbales,translation,Переведи на испанский,Ты продолжаешь читать.,Sigues leyendo.,Sigues leyendo.,,active
perifrasis_0090,perifrasis_verbales,translation,Переведи на испанский,Вам нужно рано вставать.,Tenéis que madrugar.,Tenéis que madrugar.,,active
perifrasis_0091,perifrasis_verbales,translation,Переведи на испанский,Нужно перерабатывать мусор.,Hay que reciclar.,Hay que reciclar.,,active
perifrasis_0092,perifrasis_verbales,translation,Переведи на испанский,Она начинает улыбаться.,Ella empieza a sonreír.,Ella empieza a sonreír.,,active
perifrasis_0093,perifrasis_verbales,translation,Переведи на испанский,Я хочу снова его увидеть.,Quiero volver a verlo.,Quiero volver a verlo.,,active
perifrasis_0094,perifrasis_verbales,translation,Переведи на испанский,Сегодня я не могу прийти.,Hoy no puedo venir.,Hoy no puedo venir.,,active
perifrasis_0095,perifrasis_verbales,translation,Переведи на испанский,Они только что закончили играть.,Terminan de jugar.,Terminan de jugar.,,active
perifrasis_0096,perifrasis_verbales,translation,Переведи на испанский,Мы продолжаем учиться.,Seguimos aprendiendo.,Seguimos aprendiendo.,,active
perifrasis_0097,perifrasis_verbales,translation,Переведи на испанский,Мне нужно отдохнуть.,Tengo que descansar.,Tengo que descansar.,,active
perifrasis_0098,perifrasis_verbales,translation,Переведи на испанский,Здесь нужно подождать.,Aquí hay que esperar.,Aquí hay que esperar.,,active
perifrasis_0099,perifrasis_verbales,translation,Переведи на испанский,Дети начинают читать.,Los niños empiezan a leer.,Los niños empiezan a leer.,,active
perifrasis_0100,perifrasis_verbales,translation,Переведи на испанский,Завтра я снова попробую.,Mañana voy a volver a intentarlo.,Mañana voy a volver a intentarlo.,,active
impersonales_0001,oraciones_impersonales,multiple_choice,Выбери правильную безличную конструкцию,En clase ___ hablar bajo.,hay que,hay que,Hay que + infinitivo выражает общее правило или инструкцию.,active
impersonales_0002,oraciones_impersonales,multiple_choice,Выбери правильную безличную конструкцию,En el museo ___ tocar las obras.,no se puede,no se puede,No se puede + infinitivo выражает запрет.,active
impersonales_0003,oraciones_impersonales,multiple_choice,Выбери правильную безличную конструкцию,"Para entrar, ___ enseñar el documento.",hay que,hay que,Hay que + infinitivo: безличная инструкция.,active
impersonales_0004,oraciones_impersonales,multiple_choice,Выбери правильную безличную конструкцию,Aquí ___ silencio.,se guarda,se guarda,Se + tercera persona expresa una norma general.,active
impersonales_0005,oraciones_impersonales,multiple_choice,Выбери правильную безличную конструкцию,En la biblioteca ___ comer.,está prohibido,está prohibido,Está prohibido + infinitivo выражает запрет.,active
impersonales_0006,oraciones_impersonales,multiple_choice,Выбери правильную безличную конструкцию,"Antes de salir, ___ apagar las luces.",hay que,hay que,Hay que + infinitivo используется для обязательного действия.,active
impersonales_0007,oraciones_impersonales,multiple_choice,Выбери правильную безличную конструкцию,En esta sala ___ usar el móvil.,no se puede,no se puede,No se puede + infinitivo = нельзя.,active
impersonales_0008,oraciones_impersonales,multiple_choice,Выбери правильную безличную конструкцию,"Para preparar el té, primero ___ hervir agua.",hay que,hay que,Hay que + infinitivo даёт инструкцию.,active
impersonales_0009,oraciones_impersonales,multiple_choice,Выбери правильную безличную конструкцию,En el formulario ___ escribir con letras mayúsculas.,se debe,se debe,Se debe + infinitivo выражает официальную инструкцию.,active
impersonales_0010,oraciones_impersonales,multiple_choice,Выбери правильную безличную конструкцию,En esta calle ___ aparcar.,no se puede,no se puede,No se puede указывает на запрет.,active
impersonales_0011,oraciones_impersonales,multiple_choice,Выбери правильную безличную конструкцию,"Para cruzar, ___ esperar el semáforo verde.",hay que,hay que,Hay que + infinitivo: нужно сделать.,active
impersonales_0012,oraciones_impersonales,multiple_choice,Выбери правильную безличную конструкцию,En el hospital ___ hablar fuerte.,no se debe,no se debe,No se debe + infinitivo = не следует.,active
impersonales_0013,oraciones_impersonales,multiple_choice,Выбери правильную безличную конструкцию,"Para abrir la puerta, ___ pulsar este botón.",hay que,hay que,Hay que + infinitivo подходит для инструкции.,active
impersonales_0014,oraciones_impersonales,multiple_choice,Выбери правильную безличную конструкцию,En la piscina ___ correr.,está prohibido,está prohibido,Está prohibido + infinitivo выражает запрет.,active
impersonales_0015,oraciones_impersonales,multiple_choice,Выбери правильную безличную конструкцию,"Antes de comer, ___ lavarse las manos.",hay que,hay que,Hay que + infinitivo выражает общее правило.,active
impersonales_0016,oraciones_impersonales,multiple_choice,Выбери правильную безличную конструкцию,En España ___ conducir por la derecha.,se debe,se debe,Se debe + infinitivo выражает норму.,active
impersonales_0017,oraciones_impersonales,multiple_choice,Выбери правильную безличную конструкцию,"Para pagar, ___ introducir la tarjeta.",hay que,hay que,Hay que + infinitivo используется в инструкциях.,active
impersonales_0018,oraciones_impersonales,multiple_choice,Выбери правильную безличную конструкцию,Aquí ___ fumar.,está prohibido,está prohibido,Está prohibido + infinitivo = запрещено.,active
impersonales_0019,oraciones_impersonales,multiple_choice,Выбери правильную безличную конструкцию,En este ejercicio ___ completar las frases.,hay que,hay que,Hay que + infinitivo: нужно выполнить действие.,active
impersonales_0020,oraciones_impersonales,multiple_choice,Выбери правильную безличную конструкцию,"Para entrar al metro, ___ validar el billete.",hay que,hay que,Hay que + infinitivo выражает необходимость.,active
impersonales_0021,oraciones_impersonales,multiple_choice,Выбери правильную безличную конструкцию,En la oficina ___ respetar el horario.,se debe,se debe,Se debe + infinitivo выражает правило.,active
impersonales_0022,oraciones_impersonales,multiple_choice,Выбери правильную безличную конструкцию,En esta zona ___ hacer fotos.,no se puede,no se puede,No se puede + infinitivo выражает запрет.,active
impersonales_0023,oraciones_impersonales,multiple_choice,Выбери правильную безличную конструкцию,"Para registrarse, ___ rellenar todos los campos.",hay que,hay que,Hay que + infinitivo даёт инструкцию.,active
impersonales_0024,oraciones_impersonales,multiple_choice,Выбери правильную безличную конструкцию,Durante el examen ___ usar diccionario.,no se puede,no se puede,No se puede + infinitivo = нельзя.,active
impersonales_0025,oraciones_impersonales,multiple_choice,Выбери правильную безличную конструкцию,"Para aprender, ___ practicar todos los días.",hay que,hay que,Hay que + infinitivo выражает общий совет.,active
impersonales_0026,oraciones_impersonales,fill_form,Вставь правильную безличную конструкцию,"Para entrar, ________ presentar el pasaporte.",hay que,hay que,Hay que + infinitivo: общая инструкция.,active
impersonales_0027,oraciones_impersonales,fill_form,Вставь правильную безличную конструкцию,Aquí no ________ fumar.,se puede,se puede,No se puede + infinitivo выражает запрет.,active
impersonales_0028,oraciones_impersonales,fill_form,Вставь правильную безличную конструкцию,En clase ________ escuchar al profesor.,hay que,hay que,Hay que + infinitivo выражает правило.,active
impersonales_0029,oraciones_impersonales,fill_form,Вставь правильную безличную конструкцию,"Antes de enviar el correo, ________ revisar el texto.",hay que,hay que,Hay que + infinitivo используется для инструкции.,active
impersonales_0030,oraciones_impersonales,fill_form,Вставь правильную безличную конструкцию,En esta página ________ completar los datos personales.,se deben,se deben,Se deben + infinitivo согласуется с los datos/personas? Здесь форма se deben completar los datos.,active
impersonales_0031,oraciones_impersonales,fill_form,Вставь правильную безличную конструкцию,"Para usar la máquina, primero ________ pulsar el botón verde.",hay que,hay que,Hay que + infinitivo: последовательность действий.,active
impersonales_0032,oraciones_impersonales,fill_form,Вставь правильную безличную конструкцию,En el restaurante no ________ entrar con animales.,se puede,se puede,No se puede + infinitivo = нельзя.,active
impersonales_0033,oraciones_impersonales,fill_form,Вставь правильную безличную конструкцию,"Para llegar al centro, ________ tomar la línea dos.",hay que,hay que,Hay que + infinitivo выражает необходимость.,active
impersonales_0034,oraciones_impersonales,fill_form,Вставь правильную безличную конструкцию,En la escuela ________ respetar las reglas.,hay que,hay que,Hay que + infinitivo: общее правило.,active
impersonales_0035,oraciones_impersonales,fill_form,Вставь правильную безличную конструкцию,En este ejercicio ________ elegir la opción correcta.,hay que,hay que,Hay que + infinitivo: инструкция к заданию.,active
impersonales_0036,oraciones_impersonales,fill_form,Вставь правильную безличную конструкцию,En la reunión no ________ interrumpir.,se debe,se debe,No se debe + infinitivo = не следует.,active
impersonales_0037,oraciones_impersonales,fill_form,Вставь правильную безличную конструкцию,"Para instalar la aplicación, ________ aceptar las condiciones.",hay que,hay que,Hay que + infinitivo: инструкция.,active
impersonales_0038,oraciones_impersonales,fill_form,Вставь правильную безличную конструкцию,En el tren no ________ hablar por teléfono en voz alta.,se debe,se debe,No se debe + infinitivo = не следует.,active
impersonales_0039,oraciones_impersonales,fill_form,Вставь правильную безличную конструкцию,"Para comprar entradas, ________ registrarse en la web.",hay que,hay que,Hay que + infinitivo выражает требование.,active
impersonales_0040,oraciones_impersonales,fill_form,Вставь правильную безличную конструкцию,En esta sala ________ apagar el móvil.,hay que,hay que,Hay que + infinitivo выражает обязательное действие.,active
impersonales_0041,oraciones_impersonales,fill_form,Вставь правильную безличную конструкцию,No ________ tocar el cable.,se debe,se debe,No se debe + infinitivo выражает предупреждение.,active
impersonales_0042,oraciones_impersonales,fill_form,Вставь правильную безличную конструкцию,"Para hacer la tarea, ________ leer el texto primero.",hay que,hay que,Hay que + infinitivo: порядок действий.,active
impersonales_0043,oraciones_impersonales,fill_form,Вставь правильную безличную конструкцию,En la biblioteca no ________ comer.,se puede,se puede,No se puede + infinitivo выражает запрет.,active
impersonales_0044,oraciones_impersonales,fill_form,Вставь правильную безличную конструкцию,"Para escribir bien, ________ usar puntos y comas.",hay que,hay que,Hay que + infinitivo выражает совет/инструкцию.,active
impersonales_0045,oraciones_impersonales,fill_form,Вставь правильную безличную конструкцию,En la carretera ________ llevar el cinturón.,hay que,hay que,Hay que + infinitivo выражает правило.,active
impersonales_0046,oraciones_impersonales,fill_form,Вставь правильную безличную конструкцию,Aquí ________ guardar silencio.,hay que,hay que,Hay que + infinitivo: нужно соблюдать тишину.,active
impersonales_0047,oraciones_impersonales,fill_form,Вставь правильную безличную конструкцию,En el examen no ________ copiar.,se puede,se puede,No se puede + infinitivo = нельзя.,active
impersonales_0048,oraciones_impersonales,fill_form,Вставь правильную безличную конструкцию,"Para participar, ________ inscribirse antes del viernes.",hay que,hay que,Hay que + infinitivo выражает условие.,active
impersonales_0049,oraciones_impersonales,fill_form,Вставь правильную безличную конструкцию,En la cocina ________ lavarse las manos.,hay que,hay que,Hay que + infinitivo выражает гигиеническое правило.,active
impersonales_0050,oraciones_impersonales,fill_form,Вставь правильную безличную конструкцию,En esta oficina no ________ llegar tarde.,se debe,se debe,No se debe + infinitivo = не следует.,active
impersonales_0051,oraciones_impersonales,fix_error,Исправь ошибку,Corrige: En clase hay escuchar al profesor.,En clase hay que escuchar al profesor.,En clase hay que escuchar al profesor.,После hay нужна связка que + infinitivo.,active
impersonales_0052,oraciones_impersonales,fix_error,Исправь ошибку,Corrige: Aquí no se puede fumar el cigarrillo?,Aquí no se puede fumar.,Aquí no se puede fumar.,No se puede + infinitivo выражает запрет без личного субъекта.,active
impersonales_0053,oraciones_impersonales,fix_error,Исправь ошибку,Corrige: Para entrar se debe de mostrar el pasaporte.,Para entrar se debe mostrar el pasaporte.,Para entrar se debe mostrar el pasaporte.,В конструкции se debe + infinitivo предлог de не нужен.,active
impersonales_0054,oraciones_impersonales,fix_error,Исправь ошибку,Corrige: Está prohibido de comer aquí.,Está prohibido comer aquí.,Está prohibido comer aquí.,После está prohibido используется infinitivo без de.,active
impersonales_0055,oraciones_impersonales,fix_error,Исправь ошибку,Corrige: Hay que de completar el formulario.,Hay que completar el formulario.,Hay que completar el formulario.,Hay que + infinitivo без de.,active
impersonales_0056,oraciones_impersonales,fix_error,Исправь ошибку,Corrige: Se puede no usar el móvil en clase.,No se puede usar el móvil en clase.,No se puede usar el móvil en clase.,Отрицание ставится перед se puede.,active
impersonales_0057,oraciones_impersonales,fix_error,Исправь ошибку,Corrige: En la biblioteca se debe a guardar silencio.,En la biblioteca se debe guardar silencio.,En la biblioteca se debe guardar silencio.,Se debe + infinitivo без a.,active
impersonales_0058,oraciones_impersonales,fix_error,Исправь ошибку,Corrige: Para pagar hay introducir la tarjeta.,Para pagar hay que introducir la tarjeta.,Para pagar hay que introducir la tarjeta.,Нужна конструкция hay que + infinitivo.,active
impersonales_0059,oraciones_impersonales,fix_error,Исправь ошибку,Corrige: Es prohibido fumar aquí.,Está prohibido fumar aquí.,Está prohibido fumar aquí.,Для запрета обычно: está prohibido + infinitivo.,active
impersonales_0060,oraciones_impersonales,fix_error,Исправь ошибку,Corrige: Aquí no puede fumar.,Aquí no se puede fumar.,Aquí no se puede fumar.,В безличной инструкции нужен se: no se puede.,active
impersonales_0061,oraciones_impersonales,fix_error,Исправь ошибку,Corrige: Para cruzar se debe esperar a el semáforo verde.,Para cruzar se debe esperar el semáforo verde.,Para cruzar se debe esperar el semáforo verde.,Esperar algo без a для предмета/сигнала.,active
impersonales_0062,oraciones_impersonales,fix_error,Исправь ошибку,Corrige: Hay que lavan las manos.,Hay que lavarse las manos.,Hay que lavarse las manos.,После hay que нужен infinitivo; возвратный глагол lavarse.,active
impersonales_0063,oraciones_impersonales,fix_error,Исправь ошибку,Corrige: No se debe de correr en la piscina.,No se debe correr en la piscina.,No se debe correr en la piscina.,Se debe + infinitivo без de.,active
impersonales_0064,oraciones_impersonales,fix_error,Исправь ошибку,Corrige: Está prohibido que tocar las obras.,Está prohibido tocar las obras.,Está prohibido tocar las obras.,После está prohibido используется infinitivo.,active
impersonales_0065,oraciones_impersonales,fix_error,Исправь ошибку,Corrige: Hay que se registrar antes del viernes.,Hay que registrarse antes del viernes.,Hay que registrarse antes del viernes.,Местоимение присоединяется к infinitivo: registrarse.,active
impersonales_0066,oraciones_impersonales,fix_error,Исправь ошибку,Corrige: Para aprender hay practicar todos los días.,Para aprender hay que practicar todos los días.,Para aprender hay que practicar todos los días.,Нужна связка que после hay.,active
impersonales_0067,oraciones_impersonales,fix_error,Исправь ошибку,Corrige: Aquí se no puede aparcar.,Aquí no se puede aparcar.,Aquí no se puede aparcar.,Отрицание ставится перед se.,active
impersonales_0068,oraciones_impersonales,fix_error,Исправь ошибку,Corrige: En el hospital no se debe hablar fuerte.,En el hospital no se debe hablar alto.,En el hospital no se debe hablar alto.,По-испански естественнее hablar alto: говорить громко.,active
impersonales_0069,oraciones_impersonales,fix_error,Исправь ошибку,Corrige: Se deben completar el formulario.,Se debe completar el formulario.,Se debe completar el formulario.,С el formulario singular: se debe completar.,active
impersonales_0070,oraciones_impersonales,fix_error,Исправь ошибку,Corrige: Se debe respetan las reglas.,Se deben respetar las reglas.,Se deben respetar las reglas.,С las reglas plural возможна pasiva refleja: se deben respetar.,active
impersonales_0071,oraciones_impersonales,fix_error,Исправь ошибку,Corrige: Hay que apagar las luces antes salir.,Hay que apagar las luces antes de salir.,Hay que apagar las luces antes de salir.,Antes de + infinitivo.,active
impersonales_0072,oraciones_impersonales,fix_error,Исправь ошибку,Corrige: No se puede de entrar con comida.,No se puede entrar con comida.,No se puede entrar con comida.,No se puede + infinitivo без de.,active
impersonales_0073,oraciones_impersonales,fix_error,Исправь ошибку,Corrige: Para usar la máquina hay que pulsas el botón.,Para usar la máquina hay que pulsar el botón.,Para usar la máquina hay que pulsar el botón.,После hay que нужен infinitivo.,active
impersonales_0074,oraciones_impersonales,fix_error,Исправь ошибку,Corrige: Es necesario de leer las instrucciones.,Es necesario leer las instrucciones.,Es necesario leer las instrucciones.,Es necesario + infinitivo без de.,active
impersonales_0075,oraciones_impersonales,fix_error,Исправь ошибку,Corrige: En la oficina hay que respetar a el horario.,En la oficina hay que respetar el horario.,En la oficina hay que respetar el horario.,Respetar algo без a; a + el = al только для одушевлённого/направления.,active
impersonales_0076,oraciones_impersonales,translation,Переведи на испанский,Нужно говорить тише.,Hay que hablar más bajo.,Hay que hablar más bajo.,Hay que + infinitivo выражает общее требование.,active
impersonales_0077,oraciones_impersonales,translation,Переведи на испанский,Здесь нельзя курить.,Aquí no se puede fumar.,Aquí no se puede fumar.,No se puede + infinitivo выражает запрет.,active
impersonales_0078,oraciones_impersonales,translation,Переведи на испанский,Нужно заполнить форму.,Hay que completar el formulario.,Hay que completar el formulario.,Hay que + infinitivo: нужно сделать.,active
impersonales_0079,oraciones_impersonales,translation,Переведи на испанский,Запрещено есть в библиотеке.,Está prohibido comer en la biblioteca.,Está prohibido comer en la biblioteca.,Está prohibido + infinitivo выражает запрет.,active
impersonales_0080,oraciones_impersonales,translation,Переведи на испанский,Нужно слушать преподавателя.,Hay que escuchar al profesor.,Hay que escuchar al profesor.,Hay que + infinitivo для общей инструкции.,active
impersonales_0081,oraciones_impersonales,translation,Переведи на испанский,В музее нельзя трогать картины.,En el museo no se puede tocar los cuadros.,En el museo no se puede tocar los cuadros.,No se puede + infinitivo выражает запрет.,active
impersonales_0082,oraciones_impersonales,translation,Переведи на испанский,Нужно выключить телефон.,Hay que apagar el móvil.,Hay que apagar el móvil.,Hay que + infinitivo выражает инструкцию.,active
impersonales_0083,oraciones_impersonales,translation,Переведи на испанский,Здесь нужно соблюдать тишину.,Aquí hay que guardar silencio.,Aquí hay que guardar silencio.,Hay que + infinitivo: общее правило.,active
impersonales_0084,oraciones_impersonales,translation,Переведи на испанский,Не следует бегать в коридоре.,No se debe correr en el pasillo.,No se debe correr en el pasillo.,No se debe + infinitivo = не следует.,active
impersonales_0085,oraciones_impersonales,translation,Переведи на испанский,"Чтобы войти, нужно показать паспорт.","Para entrar, hay que mostrar el pasaporte.","Para entrar, hay que mostrar el pasaporte.","Para + infinitivo, hay que + infinitivo.",active
impersonales_0086,oraciones_impersonales,translation,Переведи на испанский,Нужно прочитать инструкции.,Hay que leer las instrucciones.,Hay que leer las instrucciones.,Hay que + infinitivo выражает необходимость.,active
impersonales_0087,oraciones_impersonales,translation,Переведи на испанский,Здесь нельзя фотографировать.,Aquí no se puede hacer fotos.,Aquí no se puede hacer fotos.,No se puede + infinitivo выражает запрет.,active
impersonales_0088,oraciones_impersonales,translation,Переведи на испанский,Нужно зарегистрироваться заранее.,Hay que registrarse con antelación.,Hay que registrarse con antelación.,Возвратное местоимение присоединяется к infinitivo.,active
impersonales_0089,oraciones_impersonales,translation,Переведи на испанский,Запрещено пользоваться телефоном.,Está prohibido usar el móvil.,Está prohibido usar el móvil.,Está prohibido + infinitivo.,active
impersonales_0090,oraciones_impersonales,translation,Переведи на испанский,Нужно уважать правила.,Hay que respetar las reglas.,Hay que respetar las reglas.,Hay que + infinitivo выражает правило.,active
impersonales_0091,oraciones_impersonales,translation,Переведи на испанский,В классе нельзя кричать.,En clase no se puede gritar.,En clase no se puede gritar.,No se puede + infinitivo = нельзя.,active
impersonales_0092,oraciones_impersonales,translation,Переведи на испанский,Нужно прийти вовремя.,Hay que llegar a tiempo.,Hay que llegar a tiempo.,Hay que + infinitivo выражает требование.,active
impersonales_0093,oraciones_impersonales,translation,Переведи на испанский,Необходимо нажать зелёную кнопку.,Es necesario pulsar el botón verde.,Es necesario pulsar el botón verde.,Es necesario + infinitivo выражает необходимость.,active
impersonales_0094,oraciones_impersonales,translation,Переведи на испанский,Нужно мыть руки.,Hay que lavarse las manos.,Hay que lavarse las manos.,Hay que + infinitivo; lavarse — возвратный глагол.,active
impersonales_0095,oraciones_impersonales,translation,Переведи на испанский,Нельзя входить с едой.,No se puede entrar con comida.,No se puede entrar con comida.,No se puede + infinitivo выражает запрет.,active
impersonales_0096,oraciones_impersonales,translation,Переведи на испанский,Нужно выбрать правильный ответ.,Hay que elegir la respuesta correcta.,Hay que elegir la respuesta correcta.,Hay que + infinitivo для инструкции к заданию.,active
impersonales_0097,oraciones_impersonales,translation,Переведи на испанский,В метро нужно подтвердить билет.,En el metro hay que validar el billete.,En el metro hay que validar el billete.,Hay que + infinitivo выражает правило.,active
impersonales_0098,oraciones_impersonales,translation,Переведи на испанский,Запрещено парковаться здесь.,Está prohibido aparcar aquí.,Está prohibido aparcar aquí.,Está prohibido + infinitivo выражает запрет.,active
impersonales_0099,oraciones_impersonales,translation,Переведи на испанский,Нужно практиковаться каждый день.,Hay que practicar todos los días.,Hay que practicar todos los días.,Hay que + infinitivo выражает общий совет.,active
impersonales_0100,oraciones_impersonales,translation,Переведи на испанский,Не следует перебивать.,No se debe interrumpir.,No se debe interrumpir.,No se debe + infinitivo = не следует.,active
interrogativos_0001,interrogativos,multiple_choice,Выбери правильный вариант,"_____ te llamas?
Варианты: Cómo / Qué / Cuándo / Dónde",Cómo,Cómo,Выберите подходящее вопросительное слово.,active
interrogativos_0002,interrogativos,multiple_choice,Выбери правильный вариант,"_____ vives?
Варианты: Dónde / Quién / Cuál / Cómo",Dónde,Dónde,Выберите подходящее вопросительное слово.,active
interrogativos_0003,interrogativos,multiple_choice,Выбери правильный вариант,"_____ es tu color favorito?
Варианты: Cuál / Quién / Dónde / Cuándo",Cuál,Cuál,Выберите подходящее вопросительное слово.,active
interrogativos_0004,interrogativos,multiple_choice,Выбери правильный вариант,"_____ viene mañana?
Варианты: Quién / Qué / Cómo / Cuál",Quién,Quién,Выберите подходящее вопросительное слово.,active
interrogativos_0005,interrogativos,multiple_choice,Выбери правильный вариант,"_____ estudias español?
Варианты: Por qué / Dónde / Qué / Cuál",Por qué,Por qué,Выберите подходящее вопросительное слово.,active
interrogativos_0006,interrogativos,multiple_choice,Выбери правильный вариант,"_____ te llamas?
Варианты: Cómo / Qué / Cuándo / Dónde",Cómo,Cómo,Выберите подходящее вопросительное слово.,active
interrogativos_0007,interrogativos,multiple_choice,Выбери правильный вариант,"_____ vives?
Варианты: Dónde / Quién / Cuál / Cómo",Dónde,Dónde,Выберите подходящее вопросительное слово.,active
interrogativos_0008,interrogativos,multiple_choice,Выбери правильный вариант,"_____ es tu color favorito?
Варианты: Cuál / Quién / Dónde / Cuándo",Cuál,Cuál,Выберите подходящее вопросительное слово.,active
interrogativos_0009,interrogativos,multiple_choice,Выбери правильный вариант,"_____ viene mañana?
Варианты: Quién / Qué / Cómo / Cuál",Quién,Quién,Выберите подходящее вопросительное слово.,active
interrogativos_0010,interrogativos,multiple_choice,Выбери правильный вариант,"_____ estudias español?
Варианты: Por qué / Dónde / Qué / Cuál",Por qué,Por qué,Выберите подходящее вопросительное слово.,active
interrogativos_0011,interrogativos,multiple_choice,Выбери правильный вариант,"_____ te llamas?
Варианты: Cómo / Qué / Cuándo / Dónde",Cómo,Cómo,Выберите подходящее вопросительное слово.,active
interrogativos_0012,interrogativos,multiple_choice,Выбери правильный вариант,"_____ vives?
Варианты: Dónde / Quién / Cuál / Cómo",Dónde,Dónde,Выберите подходящее вопросительное слово.,active
interrogativos_0013,interrogativos,multiple_choice,Выбери правильный вариант,"_____ es tu color favorito?
Варианты: Cuál / Quién / Dónde / Cuándo",Cuál,Cuál,Выберите подходящее вопросительное слово.,active
interrogativos_0014,interrogativos,multiple_choice,Выбери правильный вариант,"_____ viene mañana?
Варианты: Quién / Qué / Cómo / Cuál",Quién,Quién,Выберите подходящее вопросительное слово.,active
interrogativos_0015,interrogativos,multiple_choice,Выбери правильный вариант,"_____ estudias español?
Варианты: Por qué / Dónde / Qué / Cuál",Por qué,Por qué,Выберите подходящее вопросительное слово.,active
interrogativos_0016,interrogativos,multiple_choice,Выбери правильный вариант,"_____ te llamas?
Варианты: Cómo / Qué / Cuándo / Dónde",Cómo,Cómo,Выберите подходящее вопросительное слово.,active
interrogativos_0017,interrogativos,multiple_choice,Выбери правильный вариант,"_____ vives?
Варианты: Dónde / Quién / Cuál / Cómo",Dónde,Dónde,Выберите подходящее вопросительное слово.,active
interrogativos_0018,interrogativos,multiple_choice,Выбери правильный вариант,"_____ es tu color favorito?
Варианты: Cuál / Quién / Dónde / Cuándo",Cuál,Cuál,Выберите подходящее вопросительное слово.,active
interrogativos_0019,interrogativos,multiple_choice,Выбери правильный вариант,"_____ viene mañana?
Варианты: Quién / Qué / Cómo / Cuál",Quién,Quién,Выберите подходящее вопросительное слово.,active
interrogativos_0020,interrogativos,multiple_choice,Выбери правильный вариант,"_____ estudias español?
Варианты: Por qué / Dónde / Qué / Cuál",Por qué,Por qué,Выберите подходящее вопросительное слово.,active
interrogativos_0021,interrogativos,multiple_choice,Выбери правильный вариант,"_____ te llamas?
Варианты: Cómo / Qué / Cuándo / Dónde",Cómo,Cómo,Выберите подходящее вопросительное слово.,active
interrogativos_0022,interrogativos,multiple_choice,Выбери правильный вариант,"_____ vives?
Варианты: Dónde / Quién / Cuál / Cómo",Dónde,Dónde,Выберите подходящее вопросительное слово.,active
interrogativos_0023,interrogativos,multiple_choice,Выбери правильный вариант,"_____ es tu color favorito?
Варианты: Cuál / Quién / Dónde / Cuándo",Cuál,Cuál,Выберите подходящее вопросительное слово.,active
interrogativos_0024,interrogativos,multiple_choice,Выбери правильный вариант,"_____ viene mañana?
Варианты: Quién / Qué / Cómo / Cuál",Quién,Quién,Выберите подходящее вопросительное слово.,active
interrogativos_0025,interrogativos,multiple_choice,Выбери правильный вариант,"_____ estudias español?
Варианты: Por qué / Dónde / Qué / Cuál",Por qué,Por qué,Выберите подходящее вопросительное слово.,active
interrogativos_0026,interrogativos,fill_blank,Вставь пропущенное слово,Completa: ¿_____ años tienes?,Cuántos,Cuántos,Используйте правильное вопросительное слово.,active
interrogativos_0027,interrogativos,fill_blank,Вставь пропущенное слово,Completa: ¿_____ cuesta esto?,Cuánto,Cuánto,Используйте правильное вопросительное слово.,active
interrogativos_0028,interrogativos,fill_blank,Вставь пропущенное слово,Completa: ¿_____ es la estación?,Dónde,Dónde,Используйте правильное вопросительное слово.,active
interrogativos_0029,interrogativos,fill_blank,Вставь пропущенное слово,Completa: ¿_____ llegaste ayer?,Cuándo,Cuándo,Используйте правильное вопросительное слово.,active
interrogativos_0030,interrogativos,fill_blank,Вставь пропущенное слово,Completa: ¿_____ haces los fines de semana?,Qué,Qué,Используйте правильное вопросительное слово.,active
interrogativos_0031,interrogativos,fill_blank,Вставь пропущенное слово,Completa: ¿_____ años tienes?,Cuántos,Cuántos,Используйте правильное вопросительное слово.,active
interrogativos_0032,interrogativos,fill_blank,Вставь пропущенное слово,Completa: ¿_____ cuesta esto?,Cuánto,Cuánto,Используйте правильное вопросительное слово.,active
interrogativos_0033,interrogativos,fill_blank,Вставь пропущенное слово,Completa: ¿_____ es la estación?,Dónde,Dónde,Используйте правильное вопросительное слово.,active
interrogativos_0034,interrogativos,fill_blank,Вставь пропущенное слово,Completa: ¿_____ llegaste ayer?,Cuándo,Cuándo,Используйте правильное вопросительное слово.,active
interrogativos_0035,interrogativos,fill_blank,Вставь пропущенное слово,Completa: ¿_____ haces los fines de semana?,Qué,Qué,Используйте правильное вопросительное слово.,active
interrogativos_0036,interrogativos,fill_blank,Вставь пропущенное слово,Completa: ¿_____ años tienes?,Cuántos,Cuántos,Используйте правильное вопросительное слово.,active
interrogativos_0037,interrogativos,fill_blank,Вставь пропущенное слово,Completa: ¿_____ cuesta esto?,Cuánto,Cuánto,Используйте правильное вопросительное слово.,active
interrogativos_0038,interrogativos,fill_blank,Вставь пропущенное слово,Completa: ¿_____ es la estación?,Dónde,Dónde,Используйте правильное вопросительное слово.,active
interrogativos_0039,interrogativos,fill_blank,Вставь пропущенное слово,Completa: ¿_____ llegaste ayer?,Cuándo,Cuándo,Используйте правильное вопросительное слово.,active
interrogativos_0040,interrogativos,fill_blank,Вставь пропущенное слово,Completa: ¿_____ haces los fines de semana?,Qué,Qué,Используйте правильное вопросительное слово.,active
interrogativos_0041,interrogativos,fill_blank,Вставь пропущенное слово,Completa: ¿_____ años tienes?,Cuántos,Cuántos,Используйте правильное вопросительное слово.,active
interrogativos_0042,interrogativos,fill_blank,Вставь пропущенное слово,Completa: ¿_____ cuesta esto?,Cuánto,Cuánto,Используйте правильное вопросительное слово.,active
interrogativos_0043,interrogativos,fill_blank,Вставь пропущенное слово,Completa: ¿_____ es la estación?,Dónde,Dónde,Используйте правильное вопросительное слово.,active
interrogativos_0044,interrogativos,fill_blank,Вставь пропущенное слово,Completa: ¿_____ llegaste ayer?,Cuándo,Cuándo,Используйте правильное вопросительное слово.,active
interrogativos_0045,interrogativos,fill_blank,Вставь пропущенное слово,Completa: ¿_____ haces los fines de semana?,Qué,Qué,Используйте правильное вопросительное слово.,active
interrogativos_0046,interrogativos,fill_blank,Вставь пропущенное слово,Completa: ¿_____ años tienes?,Cuántos,Cuántos,Используйте правильное вопросительное слово.,active
interrogativos_0047,interrogativos,fill_blank,Вставь пропущенное слово,Completa: ¿_____ cuesta esto?,Cuánto,Cuánto,Используйте правильное вопросительное слово.,active
interrogativos_0048,interrogativos,fill_blank,Вставь пропущенное слово,Completa: ¿_____ es la estación?,Dónde,Dónde,Используйте правильное вопросительное слово.,active
interrogativos_0049,interrogativos,fill_blank,Вставь пропущенное слово,Completa: ¿_____ llegaste ayer?,Cuándo,Cuándo,Используйте правильное вопросительное слово.,active
interrogativos_0050,interrogativos,fill_blank,Вставь пропущенное слово,Completa: ¿_____ haces los fines de semana?,Qué,Qué,Используйте правильное вопросительное слово.,active
interrogativos_0051,interrogativos,correct_mistake,Исправь ошибку,¿Que haces?,¿Qué haces?,¿Qué haces?,Не забудьте ударение в вопросительных словах.,active
interrogativos_0052,interrogativos,correct_mistake,Исправь ошибку,¿Como te llamas?,¿Cómo te llamas?,¿Cómo te llamas?,Не забудьте ударение в вопросительных словах.,active
interrogativos_0053,interrogativos,correct_mistake,Исправь ошибку,¿Quien es ella?,¿Quién es ella?,¿Quién es ella?,Не забудьте ударение в вопросительных словах.,active
interrogativos_0054,interrogativos,correct_mistake,Исправь ошибку,¿Donde vives?,¿Dónde vives?,¿Dónde vives?,Не забудьте ударение в вопросительных словах.,active
interrogativos_0055,interrogativos,correct_mistake,Исправь ошибку,¿Cual prefieres?,¿Cuál prefieres?,¿Cuál prefieres?,Не забудьте ударение в вопросительных словах.,active
interrogativos_0056,interrogativos,correct_mistake,Исправь ошибку,¿Que haces?,¿Qué haces?,¿Qué haces?,Не забудьте ударение в вопросительных словах.,active
interrogativos_0057,interrogativos,correct_mistake,Исправь ошибку,¿Como te llamas?,¿Cómo te llamas?,¿Cómo te llamas?,Не забудьте ударение в вопросительных словах.,active
interrogativos_0058,interrogativos,correct_mistake,Исправь ошибку,¿Quien es ella?,¿Quién es ella?,¿Quién es ella?,Не забудьте ударение в вопросительных словах.,active
interrogativos_0059,interrogativos,correct_mistake,Исправь ошибку,¿Donde vives?,¿Dónde vives?,¿Dónde vives?,Не забудьте ударение в вопросительных словах.,active
interrogativos_0060,interrogativos,correct_mistake,Исправь ошибку,¿Cual prefieres?,¿Cuál prefieres?,¿Cuál prefieres?,Не забудьте ударение в вопросительных словах.,active
interrogativos_0061,interrogativos,correct_mistake,Исправь ошибку,¿Que haces?,¿Qué haces?,¿Qué haces?,Не забудьте ударение в вопросительных словах.,active
interrogativos_0062,interrogativos,correct_mistake,Исправь ошибку,¿Como te llamas?,¿Cómo te llamas?,¿Cómo te llamas?,Не забудьте ударение в вопросительных словах.,active
interrogativos_0063,interrogativos,correct_mistake,Исправь ошибку,¿Quien es ella?,¿Quién es ella?,¿Quién es ella?,Не забудьте ударение в вопросительных словах.,active
interrogativos_0064,interrogativos,correct_mistake,Исправь ошибку,¿Donde vives?,¿Dónde vives?,¿Dónde vives?,Не забудьте ударение в вопросительных словах.,active
interrogativos_0065,interrogativos,correct_mistake,Исправь ошибку,¿Cual prefieres?,¿Cuál prefieres?,¿Cuál prefieres?,Не забудьте ударение в вопросительных словах.,active
interrogativos_0066,interrogativos,correct_mistake,Исправь ошибку,¿Que haces?,¿Qué haces?,¿Qué haces?,Не забудьте ударение в вопросительных словах.,active
interrogativos_0067,interrogativos,correct_mistake,Исправь ошибку,¿Como te llamas?,¿Cómo te llamas?,¿Cómo te llamas?,Не забудьте ударение в вопросительных словах.,active
interrogativos_0068,interrogativos,correct_mistake,Исправь ошибку,¿Quien es ella?,¿Quién es ella?,¿Quién es ella?,Не забудьте ударение в вопросительных словах.,active
interrogativos_0069,interrogativos,correct_mistake,Исправь ошибку,¿Donde vives?,¿Dónde vives?,¿Dónde vives?,Не забудьте ударение в вопросительных словах.,active
interrogativos_0070,interrogativos,correct_mistake,Исправь ошибку,¿Cual prefieres?,¿Cuál prefieres?,¿Cuál prefieres?,Не забудьте ударение в вопросительных словах.,active
interrogativos_0071,interrogativos,correct_mistake,Исправь ошибку,¿Que haces?,¿Qué haces?,¿Qué haces?,Не забудьте ударение в вопросительных словах.,active
interrogativos_0072,interrogativos,correct_mistake,Исправь ошибку,¿Como te llamas?,¿Cómo te llamas?,¿Cómo te llamas?,Не забудьте ударение в вопросительных словах.,active
interrogativos_0073,interrogativos,correct_mistake,Исправь ошибку,¿Quien es ella?,¿Quién es ella?,¿Quién es ella?,Не забудьте ударение в вопросительных словах.,active
interrogativos_0074,interrogativos,correct_mistake,Исправь ошибку,¿Donde vives?,¿Dónde vives?,¿Dónde vives?,Не забудьте ударение в вопросительных словах.,active
interrogativos_0075,interrogativos,correct_mistake,Исправь ошибку,¿Cual prefieres?,¿Cuál prefieres?,¿Cuál prefieres?,Не забудьте ударение в вопросительных словах.,active
interrogativos_0076,interrogativos,translation,Переведи на испанский,Как тебя зовут?,¿Cómo te llamas?,¿Cómo te llamas?,,active
interrogativos_0077,interrogativos,translation,Переведи на испанский,Где ты живёшь?,¿Dónde vives?,¿Dónde vives?,,active
interrogativos_0078,interrogativos,translation,Переведи на испанский,Почему ты изучаешь испанский?,¿Por qué estudias español?,¿Por qué estudias español?,,active
interrogativos_0079,interrogativos,translation,Переведи на испанский,Кто твой учитель?,¿Quién es tu profesor?,¿Quién es tu profesor?,,active
interrogativos_0080,interrogativos,translation,Переведи на испанский,Сколько это стоит?,¿Cuánto cuesta esto?,¿Cuánto cuesta esto?,,active
interrogativos_0081,interrogativos,translation,Переведи на испанский,Как тебя зовут?,¿Cómo te llamas?,¿Cómo te llamas?,,active
interrogativos_0082,interrogativos,translation,Переведи на испанский,Где ты живёшь?,¿Dónde vives?,¿Dónde vives?,,active
interrogativos_0083,interrogativos,translation,Переведи на испанский,Почему ты изучаешь испанский?,¿Por qué estudias español?,¿Por qué estudias español?,,active
interrogativos_0084,interrogativos,translation,Переведи на испанский,Кто твой учитель?,¿Quién es tu profesor?,¿Quién es tu profesor?,,active
interrogativos_0085,interrogativos,translation,Переведи на испанский,Сколько это стоит?,¿Cuánto cuesta esto?,¿Cuánto cuesta esto?,,active
interrogativos_0086,interrogativos,translation,Переведи на испанский,Как тебя зовут?,¿Cómo te llamas?,¿Cómo te llamas?,,active
interrogativos_0087,interrogativos,translation,Переведи на испанский,Где ты живёшь?,¿Dónde vives?,¿Dónde vives?,,active
interrogativos_0088,interrogativos,translation,Переведи на испанский,Почему ты изучаешь испанский?,¿Por qué estudias español?,¿Por qué estudias español?,,active
interrogativos_0089,interrogativos,translation,Переведи на испанский,Кто твой учитель?,¿Quién es tu profesor?,¿Quién es tu profesor?,,active
interrogativos_0090,interrogativos,translation,Переведи на испанский,Сколько это стоит?,¿Cuánto cuesta esto?,¿Cuánto cuesta esto?,,active
interrogativos_0091,interrogativos,translation,Переведи на испанский,Как тебя зовут?,¿Cómo te llamas?,¿Cómo te llamas?,,active
interrogativos_0092,interrogativos,translation,Переведи на испанский,Где ты живёшь?,¿Dónde vives?,¿Dónde vives?,,active
interrogativos_0093,interrogativos,translation,Переведи на испанский,Почему ты изучаешь испанский?,¿Por qué estudias español?,¿Por qué estudias español?,,active
interrogativos_0094,interrogativos,translation,Переведи на испанский,Кто твой учитель?,¿Quién es tu profesor?,¿Quién es tu profesor?,,active
interrogativos_0095,interrogativos,translation,Переведи на испанский,Сколько это стоит?,¿Cuánto cuesta esto?,¿Cuánto cuesta esto?,,active
interrogativos_0096,interrogativos,translation,Переведи на испанский,Как тебя зовут?,¿Cómo te llamas?,¿Cómo te llamas?,,active
interrogativos_0097,interrogativos,translation,Переведи на испанский,Где ты живёшь?,¿Dónde vives?,¿Dónde vives?,,active
interrogativos_0098,interrogativos,translation,Переведи на испанский,Почему ты изучаешь испанский?,¿Por qué estudias español?,¿Por qué estudias español?,,active
interrogativos_0099,interrogativos,translation,Переведи на испанский,Кто твой учитель?,¿Quién es tu profesor?,¿Quién es tu profesor?,,active
interrogativos_0100,interrogativos,translation,Переведи на испанский,Сколько это стоит?,¿Cuánto cuesta esto?,¿Cuánto cuesta esto?,,active
indef_0001,indefinidos,multiple_choice,Выбери правильное слово,_____ estudiantes aprobaron el examen.,Algunos,Algunos,Неопределённые местоимения и прилагательные.,active
indef_0002,indefinidos,multiple_choice,Выбери правильное слово,No hay _____ problema.,ningún,ningún,Неопределённые местоимения и прилагательные.,active
indef_0003,indefinidos,multiple_choice,Выбери правильное слово,¿Hay _____ aquí?,alguien,alguien,Неопределённые местоимения и прилагательные.,active
indef_0004,indefinidos,multiple_choice,Выбери правильное слово,No veo a _____.,nadie,nadie,Неопределённые местоимения и прилагательные.,active
indef_0005,indefinidos,multiple_choice,Выбери правильное слово,Quiero _____ de comer.,algo,algo,Неопределённые местоимения и прилагательные.,active
indef_0006,indefinidos,multiple_choice,Выбери правильное слово,No tengo _____ que decir.,nada,nada,Неопределённые местоимения и прилагательные.,active
indef_0007,indefinidos,multiple_choice,Выбери правильное слово,_____ día estudio español.,Cada,Cada,Неопределённые местоимения и прилагательные.,active
indef_0008,indefinidos,multiple_choice,Выбери правильное слово,Necesito _____ libro.,otro,otro,Неопределённые местоимения и прилагательные.,active
indef_0009,indefinidos,multiple_choice,Выбери правильное слово,_____ los alumnos llegaron.,Todos,Todos,Неопределённые местоимения и прилагательные.,active
indef_0010,indefinidos,multiple_choice,Выбери правильное слово,Yo _____ voy al cine los lunes.,nunca,nunca,Неопределённые местоимения и прилагательные.,active
indef_0011,indefinidos,multiple_choice,Выбери правильное слово,Ella _____ fuma.,jamás,jamás,Неопределённые местоимения и прилагательные.,active
indef_0012,indefinidos,multiple_choice,Выбери правильное слово,_____ persona puede aprender.,Cualquier,Cualquier,Неопределённые местоимения и прилагательные.,active
indef_0013,indefinidos,multiple_choice,Выбери правильное слово,No conozco a _____ aquí.,nadie,nadie,Неопределённые местоимения и прилагательные.,active
indef_0014,indefinidos,multiple_choice,Выбери правильное слово,¿Quieres _____ más?,algo,algo,Неопределённые местоимения и прилагательные.,active
indef_0015,indefinidos,multiple_choice,Выбери правильное слово,No queda _____ café.,ningún,ningún,Неопределённые местоимения и прилагательные.,active
indef_0016,indefinidos,multiple_choice,Выбери правильное слово,_____ amigos viven en Madrid.,Algunos,Algunos,Неопределённые местоимения и прилагательные.,active
indef_0017,indefinidos,multiple_choice,Выбери правильное слово,_____ los días corro.,Todos,Todos,Неопределённые местоимения и прилагательные.,active
indef_0018,indefinidos,multiple_choice,Выбери правильное слово,Compré _____ camiseta.,otra,otra,Неопределённые местоимения и прилагательные.,active
indef_0019,indefinidos,multiple_choice,Выбери правильное слово,No hago _____ los domingos.,nada,nada,Неопределённые местоимения и прилагательные.,active
indef_0020,indefinidos,multiple_choice,Выбери правильное слово,_____ he estado en Chile.,Nunca,Nunca,Неопределённые местоимения и прилагательные.,active
indef_0021,indefinidos,multiple_choice,Выбери правильное слово,Él _____ llega tarde.,jamás,jamás,Неопределённые местоимения и прилагательные.,active
indef_0022,indefinidos,multiple_choice,Выбери правильное слово,_____ niño recibió un regalo.,Cada,Cada,Неопределённые местоимения и прилагательные.,active
indef_0023,indefinidos,multiple_choice,Выбери правильное слово,No vino _____ invitado.,ningún,ningún,Неопределённые местоимения и прилагательные.,active
indef_0024,indefinidos,multiple_choice,Выбери правильное слово,¿Hay _____ pregunta?,alguna,alguna,Неопределённые местоимения и прилагательные.,active
indef_0025,indefinidos,multiple_choice,Выбери правильное слово,_____ puede ayudarte.,Alguien,Alguien,Неопределённые местоимения и прилагательные.,active
indef_0026,indefinidos,fill_form,Вставь пропущенное слово,________ estudiantes aprobaron el examen.,Algunos,Algunos,,active
indef_0027,indefinidos,fill_form,Вставь пропущенное слово,No hay ________ problema.,ningún,ningún,,active
indef_0028,indefinidos,fill_form,Вставь пропущенное слово,¿Hay ________ aquí?,alguien,alguien,,active
indef_0029,indefinidos,fill_form,Вставь пропущенное слово,No veo a ________.,nadie,nadie,,active
indef_0030,indefinidos,fill_form,Вставь пропущенное слово,Quiero ________ de comer.,algo,algo,,active
indef_0031,indefinidos,fill_form,Вставь пропущенное слово,No tengo ________ que decir.,nada,nada,,active
indef_0032,indefinidos,fill_form,Вставь пропущенное слово,________ día estudio español.,Cada,Cada,,active
indef_0033,indefinidos,fill_form,Вставь пропущенное слово,Necesito ________ libro.,otro,otro,,active
indef_0034,indefinidos,fill_form,Вставь пропущенное слово,________ los alumnos llegaron.,Todos,Todos,,active
indef_0035,indefinidos,fill_form,Вставь пропущенное слово,Yo ________ voy al cine los lunes.,nunca,nunca,,active
indef_0036,indefinidos,fill_form,Вставь пропущенное слово,Ella ________ fuma.,jamás,jamás,,active
indef_0037,indefinidos,fill_form,Вставь пропущенное слово,________ persona puede aprender.,Cualquier,Cualquier,,active
indef_0038,indefinidos,fill_form,Вставь пропущенное слово,No conozco a ________ aquí.,nadie,nadie,,active
indef_0039,indefinidos,fill_form,Вставь пропущенное слово,¿Quieres ________ más?,algo,algo,,active
indef_0040,indefinidos,fill_form,Вставь пропущенное слово,No queda ________ café.,ningún,ningún,,active
indef_0041,indefinidos,fill_form,Вставь пропущенное слово,________ amigos viven en Madrid.,Algunos,Algunos,,active
indef_0042,indefinidos,fill_form,Вставь пропущенное слово,________ los días corro.,Todos,Todos,,active
indef_0043,indefinidos,fill_form,Вставь пропущенное слово,Compré ________ camiseta.,otra,otra,,active
indef_0044,indefinidos,fill_form,Вставь пропущенное слово,No hago ________ los domingos.,nada,nada,,active
indef_0045,indefinidos,fill_form,Вставь пропущенное слово,________ he estado en Chile.,Nunca,Nunca,,active
indef_0046,indefinidos,fill_form,Вставь пропущенное слово,Él ________ llega tarde.,jamás,jamás,,active
indef_0047,indefinidos,fill_form,Вставь пропущенное слово,________ niño recibió un regalo.,Cada,Cada,,active
indef_0048,indefinidos,fill_form,Вставь пропущенное слово,No vino ________ invitado.,ningún,ningún,,active
indef_0049,indefinidos,fill_form,Вставь пропущенное слово,¿Hay ________ pregunta?,alguna,alguna,,active
indef_0050,indefinidos,fill_form,Вставь пропущенное слово,________ puede ayudarte.,Alguien,Alguien,,active
indef_0051,indefinidos,fix_error,Исправь ошибку,Corrige: nadie estudiantes aprobaron el examen.,Algunos estudiantes aprobaron el examen.,Algunos estudiantes aprobaron el examen.,Используй правильное неопределённое слово.,active
indef_0052,indefinidos,fix_error,Исправь ошибку,Corrige: No hay nadie problema.,No hay ningún problema.,No hay ningún problema.,Используй правильное неопределённое слово.,active
indef_0053,indefinidos,fix_error,Исправь ошибку,Corrige: ¿Hay nadie aquí?,¿Hay alguien aquí?,¿Hay alguien aquí?,Используй правильное неопределённое слово.,active
indef_0054,indefinidos,fix_error,Исправь ошибку,Corrige: No veo a alguien.,No veo a nadie.,No veo a nadie.,Используй правильное неопределённое слово.,active
indef_0055,indefinidos,fix_error,Исправь ошибку,Corrige: Quiero nadie de comer.,Quiero algo de comer.,Quiero algo de comer.,Используй правильное неопределённое слово.,active
indef_0056,indefinidos,fix_error,Исправь ошибку,Corrige: No tengo nadie que decir.,No tengo nada que decir.,No tengo nada que decir.,Используй правильное неопределённое слово.,active
indef_0057,indefinidos,fix_error,Исправь ошибку,Corrige: nadie día estudio español.,Cada día estudio español.,Cada día estudio español.,Используй правильное неопределённое слово.,active
indef_0058,indefinidos,fix_error,Исправь ошибку,Corrige: Necesito nadie libro.,Necesito otro libro.,Necesito otro libro.,Используй правильное неопределённое слово.,active
indef_0059,indefinidos,fix_error,Исправь ошибку,Corrige: nadie los alumnos llegaron.,Todos los alumnos llegaron.,Todos los alumnos llegaron.,Используй правильное неопределённое слово.,active
indef_0060,indefinidos,fix_error,Исправь ошибку,Corrige: Yo nadie voy al cine los lunes.,Yo nunca voy al cine los lunes.,Yo nunca voy al cine los lunes.,Используй правильное неопределённое слово.,active
indef_0061,indefinidos,fix_error,Исправь ошибку,Corrige: Ella nadie fuma.,Ella jamás fuma.,Ella jamás fuma.,Используй правильное неопределённое слово.,active
indef_0062,indefinidos,fix_error,Исправь ошибку,Corrige: nadie persona puede aprender.,Cualquier persona puede aprender.,Cualquier persona puede aprender.,Используй правильное неопределённое слово.,active
indef_0063,indefinidos,fix_error,Исправь ошибку,Corrige: No conozco a alguien aquí.,No conozco a nadie aquí.,No conozco a nadie aquí.,Используй правильное неопределённое слово.,active
indef_0064,indefinidos,fix_error,Исправь ошибку,Corrige: ¿Quieres nadie más?,¿Quieres algo más?,¿Quieres algo más?,Используй правильное неопределённое слово.,active
indef_0065,indefinidos,fix_error,Исправь ошибку,Corrige: No queda nadie café.,No queda ningún café.,No queda ningún café.,Используй правильное неопределённое слово.,active
indef_0066,indefinidos,fix_error,Исправь ошибку,Corrige: nadie amigos viven en Madrid.,Algunos amigos viven en Madrid.,Algunos amigos viven en Madrid.,Используй правильное неопределённое слово.,active
indef_0067,indefinidos,fix_error,Исправь ошибку,Corrige: nadie los días corro.,Todos los días corro.,Todos los días corro.,Используй правильное неопределённое слово.,active
indef_0068,indefinidos,fix_error,Исправь ошибку,Corrige: Compré nadie camiseta.,Compré otra camiseta.,Compré otra camiseta.,Используй правильное неопределённое слово.,active
indef_0069,indefinidos,fix_error,Исправь ошибку,Corrige: No hago nadie los domingos.,No hago nada los domingos.,No hago nada los domingos.,Используй правильное неопределённое слово.,active
indef_0070,indefinidos,fix_error,Исправь ошибку,Corrige: nadie he estado en Chile.,Nunca he estado en Chile.,Nunca he estado en Chile.,Используй правильное неопределённое слово.,active
indef_0071,indefinidos,fix_error,Исправь ошибку,Corrige: Él nadie llega tarde.,Él jamás llega tarde.,Él jamás llega tarde.,Используй правильное неопределённое слово.,active
indef_0072,indefinidos,fix_error,Исправь ошибку,Corrige: nadie niño recibió un regalo.,Cada niño recibió un regalo.,Cada niño recibió un regalo.,Используй правильное неопределённое слово.,active
indef_0073,indefinidos,fix_error,Исправь ошибку,Corrige: No vino nadie invitado.,No vino ningún invitado.,No vino ningún invitado.,Используй правильное неопределённое слово.,active
indef_0074,indefinidos,fix_error,Исправь ошибку,Corrige: ¿Hay nadie pregunta?,¿Hay alguna pregunta?,¿Hay alguna pregunta?,Используй правильное неопределённое слово.,active
indef_0075,indefinidos,fix_error,Исправь ошибку,Corrige: nadie puede ayudarte.,Alguien puede ayudarte.,Alguien puede ayudarte.,Используй правильное неопределённое слово.,active
indef_0076,indefinidos,translation,Переведи на испанский,Некоторые студенты сдали экзамен.,Algunos estudiantes aprobaron el examen.,Algunos estudiantes aprobaron el examen.,,active
indef_0077,indefinidos,translation,Переведи на испанский,Нет никакой проблемы.,No hay ningún problema.,No hay ningún problema.,,active
indef_0078,indefinidos,translation,Переведи на испанский,Здесь есть кто-нибудь?,¿Hay alguien aquí?,¿Hay alguien aquí?,,active
indef_0079,indefinidos,translation,Переведи на испанский,Я никого не вижу.,No veo a nadie.,No veo a nadie.,,active
indef_0080,indefinidos,translation,Переведи на испанский,Я хочу что-нибудь поесть.,Quiero algo de comer.,Quiero algo de comer.,,active
indef_0081,indefinidos,translation,Переведи на испанский,Мне нечего сказать.,No tengo nada que decir.,No tengo nada que decir.,,active
indef_0082,indefinidos,translation,Переведи на испанский,Каждый день я изучаю испанский.,Cada día estudio español.,Cada día estudio español.,,active
indef_0083,indefinidos,translation,Переведи на испанский,Мне нужна другая книга.,Necesito otro libro.,Necesito otro libro.,,active
indef_0084,indefinidos,translation,Переведи на испанский,Все ученики пришли.,Todos los alumnos llegaron.,Todos los alumnos llegaron.,,active
indef_0085,indefinidos,translation,Переведи на испанский,Я никогда не хожу в кино по понедельникам.,Nunca voy al cine los lunes.,Nunca voy al cine los lunes.,,active
indef_0086,indefinidos,translation,Переведи на испанский,Она никогда не курит.,Ella jamás fuma.,Ella jamás fuma.,,active
indef_0087,indefinidos,translation,Переведи на испанский,Любой человек может выучить испанский.,Cualquier persona puede aprender español.,Cualquier persona puede aprender español.,,active
indef_0088,indefinidos,translation,Переведи на испанский,Я никого здесь не знаю.,No conozco a nadie aquí.,No conozco a nadie aquí.,,active
indef_0089,indefinidos,translation,Переведи на испанский,Ты хочешь что-нибудь ещё?,¿Quieres algo más?,¿Quieres algo más?,,active
indef_0090,indefinidos,translation,Переведи на испанский,Не осталось никакого кофе.,No queda ningún café.,No queda ningún café.,,active
indef_0091,indefinidos,translation,Переведи на испанский,Некоторые друзья живут в Мадриде.,Algunos amigos viven en Madrid.,Algunos amigos viven en Madrid.,,active
indef_0092,indefinidos,translation,Переведи на испанский,Я бегаю каждый день.,Corro todos los días.,Corro todos los días.,,active
indef_0093,indefinidos,translation,Переведи на испанский,Я купил другую футболку.,Compré otra camiseta.,Compré otra camiseta.,,active
indef_0094,indefinidos,translation,Переведи на испанский,Я ничего не делаю по воскресеньям.,No hago nada los domingos.,No hago nada los domingos.,,active
indef_0095,indefinidos,translation,Переведи на испанский,Я никогда не был в Чили.,Nunca he estado en Chile.,Nunca he estado en Chile.,,active
indef_0096,indefinidos,translation,Переведи на испанский,Он никогда не опаздывает.,Él jamás llega tarde.,Él jamás llega tarde.,,active
indef_0097,indefinidos,translation,Переведи на испанский,Каждый ребёнок получил подарок.,Cada niño recibió un regalo.,Cada niño recibió un regalo.,,active
indef_0098,indefinidos,translation,Переведи на испанский,Не пришёл ни один гость.,No vino ningún invitado.,No vino ningún invitado.,,active
indef_0099,indefinidos,translation,Переведи на испанский,Есть какой-нибудь вопрос?,¿Hay alguna pregunta?,¿Hay alguna pregunta?,,active
indef_0100,indefinidos,translation,Переведи на испанский,Кто-нибудь может тебе помочь.,Alguien puede ayudarte.,Alguien puede ayudarte.,,active
gustar_0001,gustar_group,multiple_choice,Выбери правильный вариант,A mí ___ el café.,me gusta,me gusta,Ед. число.,active
gustar_0002,gustar_group,multiple_choice,Выбери правильный вариант,A ti ___ los libros.,te gustan,te gustan,Мн. число.,active
gustar_0003,gustar_group,multiple_choice,Выбери правильный вариант,A ella ___ bailar.,le gusta,le gusta,Инфинитив.,active
gustar_0004,gustar_group,multiple_choice,Выбери правильный вариант,A nosotros ___ las películas.,nos gustan,nos gustan,Мн. число.,active
gustar_0005,gustar_group,multiple_choice,Выбери правильный вариант,A vosotros ___ viajar.,os gusta,os gusta,Инфинитив.,active
gustar_0006,gustar_group,multiple_choice,Выбери правильный вариант,A ellos ___ la música.,les gusta,les gusta,Ед. число.,active
gustar_0007,gustar_group,multiple_choice,Выбери правильный вариант,A mí ___ los perros.,me gustan,me gustan,Мн. число.,active
gustar_0008,gustar_group,multiple_choice,Выбери правильный вариант,A ti ___ cocinar.,te gusta,te gusta,Инфинитив.,active
gustar_0009,gustar_group,multiple_choice,Выбери правильный вариант,A Juan ___ el tenis.,le gusta,le gusta,Juan→le.,active
gustar_0010,gustar_group,multiple_choice,Выбери правильный вариант,A Ana y Marta ___ leer.,les gusta,les gusta,Им нравится читать.,active
gustar_0011,gustar_group,multiple_choice,Выбери правильный вариант,¿___ gusta este coche?,Te,Te,te gusta.,active
gustar_0012,gustar_group,multiple_choice,Выбери правильный вариант,A nosotros no ___ el frío.,nos gusta,nos gusta,,active
gustar_0013,gustar_group,multiple_choice,Выбери правильный вариант,A vosotros no ___ las matemáticas.,os gustan,os gustan,,active
gustar_0014,gustar_group,multiple_choice,Выбери правильный вариант,A mí mucho ___ viajar.,me gusta,me gusta,,active
gustar_0015,gustar_group,multiple_choice,Выбери правильный вариант,A Pedro ___ los gatos.,le gustan,le gustan,,active
gustar_0016,gustar_group,multiple_choice,Выбери правильный вариант,A mis padres ___ la playa.,les gusta,les gusta,,active
gustar_0017,gustar_group,multiple_choice,Выбери правильный вариант,A ti ___ estas fotos.,te gustan,te gustan,,active
gustar_0018,gustar_group,multiple_choice,Выбери правильный вариант,A ella no ___ cocinar.,le gusta,le gusta,,active
gustar_0019,gustar_group,multiple_choice,Выбери правильный вариант,A nosotros ___ el chocolate.,nos gusta,nos gusta,,active
gustar_0020,gustar_group,multiple_choice,Выбери правильный вариант,A vosotros ___ los deportes.,os gustan,os gustan,,active
gustar_0021,gustar_group,multiple_choice,Выбери правильный вариант,A ellos ___ estudiar.,les gusta,les gusta,,active
gustar_0022,gustar_group,multiple_choice,Выбери правильный вариант,A mí ___ esta canción.,me gusta,me gusta,,active
gustar_0023,gustar_group,multiple_choice,Выбери правильный вариант,A ti ___ las montañas.,te gustan,te gustan,,active
gustar_0024,gustar_group,multiple_choice,Выбери правильный вариант,A Laura ___ el cine.,le gusta,le gusta,,active
gustar_0025,gustar_group,multiple_choice,Выбери правильный вариант,A ustedes ___ viajar.,les gusta,les gusta,,active
gustar_0026,gustar_group,fill_form,Вставь правильную форму,A mí _____ el café.,me gusta,me gusta,Ед. число.,active
gustar_0027,gustar_group,fill_form,Вставь правильную форму,A ti _____ los libros.,te gustan,te gustan,Мн. число.,active
gustar_0028,gustar_group,fill_form,Вставь правильную форму,A ella _____ bailar.,le gusta,le gusta,Инфинитив.,active
gustar_0029,gustar_group,fill_form,Вставь правильную форму,A nosotros _____ las películas.,nos gustan,nos gustan,Мн. число.,active
gustar_0030,gustar_group,fill_form,Вставь правильную форму,A vosotros _____ viajar.,os gusta,os gusta,Инфинитив.,active
gustar_0031,gustar_group,fill_form,Вставь правильную форму,A ellos _____ la música.,les gusta,les gusta,Ед. число.,active
gustar_0032,gustar_group,fill_form,Вставь правильную форму,A mí _____ los perros.,me gustan,me gustan,Мн. число.,active
gustar_0033,gustar_group,fill_form,Вставь правильную форму,A ti _____ cocinar.,te gusta,te gusta,Инфинитив.,active
gustar_0034,gustar_group,fill_form,Вставь правильную форму,A Juan _____ el tenis.,le gusta,le gusta,Juan→le.,active
gustar_0035,gustar_group,fill_form,Вставь правильную форму,A Ana y Marta _____ leer.,les gusta,les gusta,Им нравится читать.,active
gustar_0036,gustar_group,fill_form,Вставь правильную форму,¿_____ gusta este coche?,Te,Te,te gusta.,active
gustar_0037,gustar_group,fill_form,Вставь правильную форму,A nosotros no _____ el frío.,nos gusta,nos gusta,,active
gustar_0038,gustar_group,fill_form,Вставь правильную форму,A vosotros no _____ las matemáticas.,os gustan,os gustan,,active
gustar_0039,gustar_group,fill_form,Вставь правильную форму,A mí mucho _____ viajar.,me gusta,me gusta,,active
gustar_0040,gustar_group,fill_form,Вставь правильную форму,A Pedro _____ los gatos.,le gustan,le gustan,,active
gustar_0041,gustar_group,fill_form,Вставь правильную форму,A mis padres _____ la playa.,les gusta,les gusta,,active
gustar_0042,gustar_group,fill_form,Вставь правильную форму,A ti _____ estas fotos.,te gustan,te gustan,,active
gustar_0043,gustar_group,fill_form,Вставь правильную форму,A ella no _____ cocinar.,le gusta,le gusta,,active
gustar_0044,gustar_group,fill_form,Вставь правильную форму,A nosotros _____ el chocolate.,nos gusta,nos gusta,,active
gustar_0045,gustar_group,fill_form,Вставь правильную форму,A vosotros _____ los deportes.,os gustan,os gustan,,active
gustar_0046,gustar_group,fill_form,Вставь правильную форму,A ellos _____ estudiar.,les gusta,les gusta,,active
gustar_0047,gustar_group,fill_form,Вставь правильную форму,A mí _____ esta canción.,me gusta,me gusta,,active
gustar_0048,gustar_group,fill_form,Вставь правильную форму,A ti _____ las montañas.,te gustan,te gustan,,active
gustar_0049,gustar_group,fill_form,Вставь правильную форму,A Laura _____ el cine.,le gusta,le gusta,,active
gustar_0050,gustar_group,fill_form,Вставь правильную форму,A ustedes _____ viajar.,les gusta,les gusta,,active
gustar_0051,gustar_group,fix_error,Исправь ошибку,Corrige: A mí me gustan el café.,A mí me gusta el café.,A mí me gusta el café.,Согласование gusta/gustan и местоимения.,active
gustar_0052,gustar_group,fix_error,Исправь ошибку,Corrige: A ti te gusta los libros.,A ti te gustan los libros.,A ti te gustan los libros.,Согласование gusta/gustan и местоимения.,active
gustar_0053,gustar_group,fix_error,Исправь ошибку,Corrige: A ella le gustan bailar.,A ella le gusta bailar.,A ella le gusta bailar.,Согласование gusta/gustan и местоимения.,active
gustar_0054,gustar_group,fix_error,Исправь ошибку,Corrige: A nosotros nos gusta las películas.,A nosotros nos gustan las películas.,A nosotros nos gustan las películas.,Согласование gusta/gustan и местоимения.,active
gustar_0055,gustar_group,fix_error,Исправь ошибку,Corrige: A vosotros os gustan viajar.,A vosotros os gusta viajar.,A vosotros os gusta viajar.,Согласование gusta/gustan и местоимения.,active
gustar_0056,gustar_group,fix_error,Исправь ошибку,Corrige: A ellos les gustan la música.,A ellos les gusta la música.,A ellos les gusta la música.,Согласование gusta/gustan и местоимения.,active
gustar_0057,gustar_group,fix_error,Исправь ошибку,Corrige: A mí me gusta los perros.,A mí me gustan los perros.,A mí me gustan los perros.,Согласование gusta/gustan и местоимения.,active
gustar_0058,gustar_group,fix_error,Исправь ошибку,Corrige: A ti te gustan cocinar.,A ti te gusta cocinar.,A ti te gusta cocinar.,Согласование gusta/gustan и местоимения.,active
gustar_0059,gustar_group,fix_error,Исправь ошибку,Corrige: A Juan le gustan el tenis.,A Juan le gusta el tenis.,A Juan le gusta el tenis.,Согласование gusta/gustan и местоимения.,active
gustar_0060,gustar_group,fix_error,Исправь ошибку,Corrige: A Ana y Marta les gustan leer.,A Ana y Marta les gusta leer.,A Ana y Marta les gusta leer.,Согласование gusta/gustan и местоимения.,active
gustar_0061,gustar_group,fix_error,Исправь ошибку,Corrige: ¿Te gusta este coche?,¿Te gusta este coche?,¿Te gusta este coche?,Согласование gusta/gustan и местоимения.,active
gustar_0062,gustar_group,fix_error,Исправь ошибку,Corrige: A nosotros no nos gustan el frío.,A nosotros no nos gusta el frío.,A nosotros no nos gusta el frío.,Согласование gusta/gustan и местоимения.,active
gustar_0063,gustar_group,fix_error,Исправь ошибку,Corrige: A vosotros no os gusta las matemáticas.,A vosotros no os gustan las matemáticas.,A vosotros no os gustan las matemáticas.,Согласование gusta/gustan и местоимения.,active
gustar_0064,gustar_group,fix_error,Исправь ошибку,Corrige: A mí mucho me gustan viajar.,A mí mucho me gusta viajar.,A mí mucho me gusta viajar.,Согласование gusta/gustan и местоимения.,active
gustar_0065,gustar_group,fix_error,Исправь ошибку,Corrige: A Pedro le gusta los gatos.,A Pedro le gustan los gatos.,A Pedro le gustan los gatos.,Согласование gusta/gustan и местоимения.,active
gustar_0066,gustar_group,fix_error,Исправь ошибку,Corrige: A mis padres les gustan la playa.,A mis padres les gusta la playa.,A mis padres les gusta la playa.,Согласование gusta/gustan и местоимения.,active
gustar_0067,gustar_group,fix_error,Исправь ошибку,Corrige: A ti te gusta estas fotos.,A ti te gustan estas fotos.,A ti te gustan estas fotos.,Согласование gusta/gustan и местоимения.,active
gustar_0068,gustar_group,fix_error,Исправь ошибку,Corrige: A ella no le gustan cocinar.,A ella no le gusta cocinar.,A ella no le gusta cocinar.,Согласование gusta/gustan и местоимения.,active
gustar_0069,gustar_group,fix_error,Исправь ошибку,Corrige: A nosotros nos gustan el chocolate.,A nosotros nos gusta el chocolate.,A nosotros nos gusta el chocolate.,Согласование gusta/gustan и местоимения.,active
gustar_0070,gustar_group,fix_error,Исправь ошибку,Corrige: A vosotros os gusta los deportes.,A vosotros os gustan los deportes.,A vosotros os gustan los deportes.,Согласование gusta/gustan и местоимения.,active
gustar_0071,gustar_group,fix_error,Исправь ошибку,Corrige: A ellos les gustan estudiar.,A ellos les gusta estudiar.,A ellos les gusta estudiar.,Согласование gusta/gustan и местоимения.,active
gustar_0072,gustar_group,fix_error,Исправь ошибку,Corrige: A mí me gustan esta canción.,A mí me gusta esta canción.,A mí me gusta esta canción.,Согласование gusta/gustan и местоимения.,active
gustar_0073,gustar_group,fix_error,Исправь ошибку,Corrige: A ti te gusta las montañas.,A ti te gustan las montañas.,A ti te gustan las montañas.,Согласование gusta/gustan и местоимения.,active
gustar_0074,gustar_group,fix_error,Исправь ошибку,Corrige: A Laura le gustan el cine.,A Laura le gusta el cine.,A Laura le gusta el cine.,Согласование gusta/gustan и местоимения.,active
gustar_0075,gustar_group,fix_error,Исправь ошибку,Corrige: A ustedes les gustan viajar.,A ustedes les gusta viajar.,A ustedes les gusta viajar.,Согласование gusta/gustan и местоимения.,active
gustar_0076,gustar_group,translation,Переведи на испанский,Мне нравится кофе.,Me gusta el café.,Me gusta el café.,Конструкция gustar.,active
gustar_0077,gustar_group,translation,Переведи на испанский,Тебе нравятся книги.,Te gustan los libros.,Te gustan los libros.,Конструкция gustar.,active
gustar_0078,gustar_group,translation,Переведи на испанский,Ей нравится танцевать.,Le gusta bailar.,Le gusta bailar.,Конструкция gustar.,active
gustar_0079,gustar_group,translation,Переведи на испанский,Нам нравятся фильмы.,Nos gustan las películas.,Nos gustan las películas.,Конструкция gustar.,active
gustar_0080,gustar_group,translation,Переведи на испанский,Вам нравится путешествовать. (vosotros),Os gusta viajar.,Os gusta viajar.,Конструкция gustar.,active
gustar_0081,gustar_group,translation,Переведи на испанский,Им нравится музыка.,Les gusta la música.,Les gusta la música.,Конструкция gustar.,active
gustar_0082,gustar_group,translation,Переведи на испанский,Мне нравятся собаки.,Me gustan los perros.,Me gustan los perros.,Конструкция gustar.,active
gustar_0083,gustar_group,translation,Переведи на испанский,Тебе нравится готовить.,Te gusta cocinar.,Te gusta cocinar.,Конструкция gustar.,active
gustar_0084,gustar_group,translation,Переведи на испанский,Хуану нравится теннис.,A Juan le gusta el tenis.,A Juan le gusta el tenis.,Конструкция gustar.,active
gustar_0085,gustar_group,translation,Переведи на испанский,Ане и Марте нравится читать.,A Ana y Marta les gusta leer.,A Ana y Marta les gusta leer.,Конструкция gustar.,active
gustar_0086,gustar_group,translation,Переведи на испанский,Нам не нравится холод.,No nos gusta el frío.,No nos gusta el frío.,Конструкция gustar.,active
gustar_0087,gustar_group,translation,Переведи на испанский,Вам не нравится математика.,No os gustan las matemáticas.,No os gustan las matemáticas.,Конструкция gustar.,active
gustar_0088,gustar_group,translation,Переведи на испанский,Мне очень нравится путешествовать.,Me gusta mucho viajar.,Me gusta mucho viajar.,Конструкция gustar.,active
gustar_0089,gustar_group,translation,Переведи на испанский,Педро нравятся кошки.,A Pedro le gustan los gatos.,A Pedro le gustan los gatos.,Конструкция gustar.,active
gustar_0090,gustar_group,translation,Переведи на испанский,Моим родителям нравится пляж.,A mis padres les gusta la playa.,A mis padres les gusta la playa.,Конструкция gustar.,active
gustar_0091,gustar_group,translation,Переведи на испанский,Тебе нравятся эти фотографии.,Te gustan estas fotos.,Te gustan estas fotos.,Конструкция gustar.,active
gustar_0092,gustar_group,translation,Переведи на испанский,Ей не нравится готовить.,No le gusta cocinar.,No le gusta cocinar.,Конструкция gustar.,active
gustar_0093,gustar_group,translation,Переведи на испанский,Нам нравится шоколад.,Nos gusta el chocolate.,Nos gusta el chocolate.,Конструкция gustar.,active
gustar_0094,gustar_group,translation,Переведи на испанский,Вам нравятся виды спорта.,Os gustan los deportes.,Os gustan los deportes.,Конструкция gustar.,active
gustar_0095,gustar_group,translation,Переведи на испанский,Им нравится учиться.,Les gusta estudiar.,Les gusta estudiar.,Конструкция gustar.,active
gustar_0096,gustar_group,translation,Переведи на испанский,Мне нравится эта песня.,Me gusta esta canción.,Me gusta esta canción.,Конструкция gustar.,active
gustar_0097,gustar_group,translation,Переведи на испанский,Тебе нравятся горы.,Te gustan las montañas.,Te gustan las montañas.,Конструкция gustar.,active
gustar_0098,gustar_group,translation,Переведи на испанский,Лауре нравится кино.,A Laura le gusta el cine.,A Laura le gusta el cine.,Конструкция gustar.,active
gustar_0099,gustar_group,translation,Переведи на испанский,Вам нравится путешествовать. (ustedes),Les gusta viajar.,Les gusta viajar.,Конструкция gustar.,active
gustar_0100,gustar_group,translation,Переведи на испанский,Им очень нравятся дети.,Les gustan mucho los niños.,Les gustan mucho los niños.,Конструкция gustar.,active
demonstrativos_0001,demonstrativos,multiple_choice,Выбери правильный вариант,"_____ libro es mío (рядом со мной).
Варианты: Este / Ese / Aquel / Estos",Este,Este,Используйте este/ese/aquel в зависимости от расстояния.,active
demonstrativos_0002,demonstrativos,multiple_choice,Выбери правильный вариант,"_____ casa está allí, en la montaña.
Варианты: Esta / Esa / Aquella / Estas",Aquella,Aquella,Используйте este/ese/aquel в зависимости от расстояния.,active
demonstrativos_0003,demonstrativos,multiple_choice,Выбери правильный вариант,"Quiero _____ zapatos (рядом с тобой).
Варианты: estos / esos / aquellos / aquel",esos,esos,Используйте este/ese/aquel в зависимости от расстояния.,active
demonstrativos_0004,demonstrativos,multiple_choice,Выбери правильный вариант,"¿Qué es _____? (вон то)
Варианты: esto / eso / aquello / este",aquello,aquello,Используйте este/ese/aquel в зависимости от расстояния.,active
demonstrativos_0005,demonstrativos,multiple_choice,Выбери правильный вариант,"Prefiero _____ camiseta (рядом со мной).
Варианты: esta / esa / aquella / estas",esta,esta,Используйте este/ese/aquel в зависимости от расстояния.,active
demonstrativos_0006,demonstrativos,multiple_choice,Выбери правильный вариант,"_____ libro es mío (рядом со мной).
Варианты: Este / Ese / Aquel / Estos",Este,Este,Используйте este/ese/aquel в зависимости от расстояния.,active
demonstrativos_0007,demonstrativos,multiple_choice,Выбери правильный вариант,"_____ casa está allí, en la montaña.
Варианты: Esta / Esa / Aquella / Estas",Aquella,Aquella,Используйте este/ese/aquel в зависимости от расстояния.,active
demonstrativos_0008,demonstrativos,multiple_choice,Выбери правильный вариант,"Quiero _____ zapatos (рядом с тобой).
Варианты: estos / esos / aquellos / aquel",esos,esos,Используйте este/ese/aquel в зависимости от расстояния.,active
demonstrativos_0009,demonstrativos,multiple_choice,Выбери правильный вариант,"¿Qué es _____? (вон то)
Варианты: esto / eso / aquello / este",aquello,aquello,Используйте este/ese/aquel в зависимости от расстояния.,active
demonstrativos_0010,demonstrativos,multiple_choice,Выбери правильный вариант,"Prefiero _____ camiseta (рядом со мной).
Варианты: esta / esa / aquella / estas",esta,esta,Используйте este/ese/aquel в зависимости от расстояния.,active
demonstrativos_0011,demonstrativos,multiple_choice,Выбери правильный вариант,"_____ libro es mío (рядом со мной).
Варианты: Este / Ese / Aquel / Estos",Este,Este,Используйте este/ese/aquel в зависимости от расстояния.,active
demonstrativos_0012,demonstrativos,multiple_choice,Выбери правильный вариант,"_____ casa está allí, en la montaña.
Варианты: Esta / Esa / Aquella / Estas",Aquella,Aquella,Используйте este/ese/aquel в зависимости от расстояния.,active
demonstrativos_0013,demonstrativos,multiple_choice,Выбери правильный вариант,"Quiero _____ zapatos (рядом с тобой).
Варианты: estos / esos / aquellos / aquel",esos,esos,Используйте este/ese/aquel в зависимости от расстояния.,active
demonstrativos_0014,demonstrativos,multiple_choice,Выбери правильный вариант,"¿Qué es _____? (вон то)
Варианты: esto / eso / aquello / este",aquello,aquello,Используйте este/ese/aquel в зависимости от расстояния.,active
demonstrativos_0015,demonstrativos,multiple_choice,Выбери правильный вариант,"Prefiero _____ camiseta (рядом со мной).
Варианты: esta / esa / aquella / estas",esta,esta,Используйте este/ese/aquel в зависимости от расстояния.,active
demonstrativos_0016,demonstrativos,multiple_choice,Выбери правильный вариант,"_____ libro es mío (рядом со мной).
Варианты: Este / Ese / Aquel / Estos",Este,Este,Используйте este/ese/aquel в зависимости от расстояния.,active
demonstrativos_0017,demonstrativos,multiple_choice,Выбери правильный вариант,"_____ casa está allí, en la montaña.
Варианты: Esta / Esa / Aquella / Estas",Aquella,Aquella,Используйте este/ese/aquel в зависимости от расстояния.,active
demonstrativos_0018,demonstrativos,multiple_choice,Выбери правильный вариант,"Quiero _____ zapatos (рядом с тобой).
Варианты: estos / esos / aquellos / aquel",esos,esos,Используйте este/ese/aquel в зависимости от расстояния.,active
demonstrativos_0019,demonstrativos,multiple_choice,Выбери правильный вариант,"¿Qué es _____? (вон то)
Варианты: esto / eso / aquello / este",aquello,aquello,Используйте este/ese/aquel в зависимости от расстояния.,active
demonstrativos_0020,demonstrativos,multiple_choice,Выбери правильный вариант,"Prefiero _____ camiseta (рядом со мной).
Варианты: esta / esa / aquella / estas",esta,esta,Используйте este/ese/aquel в зависимости от расстояния.,active
demonstrativos_0021,demonstrativos,multiple_choice,Выбери правильный вариант,"_____ libro es mío (рядом со мной).
Варианты: Este / Ese / Aquel / Estos",Este,Este,Используйте este/ese/aquel в зависимости от расстояния.,active
demonstrativos_0022,demonstrativos,multiple_choice,Выбери правильный вариант,"_____ casa está allí, en la montaña.
Варианты: Esta / Esa / Aquella / Estas",Aquella,Aquella,Используйте este/ese/aquel в зависимости от расстояния.,active
demonstrativos_0023,demonstrativos,multiple_choice,Выбери правильный вариант,"Quiero _____ zapatos (рядом с тобой).
Варианты: estos / esos / aquellos / aquel",esos,esos,Используйте este/ese/aquel в зависимости от расстояния.,active
demonstrativos_0024,demonstrativos,multiple_choice,Выбери правильный вариант,"¿Qué es _____? (вон то)
Варианты: esto / eso / aquello / este",aquello,aquello,Используйте este/ese/aquel в зависимости от расстояния.,active
demonstrativos_0025,demonstrativos,multiple_choice,Выбери правильный вариант,"Prefiero _____ camiseta (рядом со мной).
Варианты: esta / esa / aquella / estas",esta,esta,Используйте este/ese/aquel в зависимости от расстояния.,active
demonstrativos_0026,demonstrativos,fill_blank,Вставь пропущенное слово,Completa: ____ bolígrafo es mío. (рядом со мной),Este,Este,,active
demonstrativos_0027,demonstrativos,fill_blank,Вставь пропущенное слово,Completa: Me gustan ____ flores. (рядом с тобой),esas,esas,,active
demonstrativos_0028,demonstrativos,fill_blank,Вставь пропущенное слово,Completa: ____ montañas son preciosas. (далеко),Aquellas,Aquellas,,active
demonstrativos_0029,demonstrativos,fill_blank,Вставь пропущенное слово,Completa: ¿Qué es ____? (это здесь),esto,esto,,active
demonstrativos_0030,demonstrativos,fill_blank,Вставь пропущенное слово,Completa: No quiero ____ coche. (вон тот),aquel,aquel,,active
demonstrativos_0031,demonstrativos,fill_blank,Вставь пропущенное слово,Completa: ____ bolígrafo es mío. (рядом со мной),Este,Este,,active
demonstrativos_0032,demonstrativos,fill_blank,Вставь пропущенное слово,Completa: Me gustan ____ flores. (рядом с тобой),esas,esas,,active
demonstrativos_0033,demonstrativos,fill_blank,Вставь пропущенное слово,Completa: ____ montañas son preciosas. (далеко),Aquellas,Aquellas,,active
demonstrativos_0034,demonstrativos,fill_blank,Вставь пропущенное слово,Completa: ¿Qué es ____? (это здесь),esto,esto,,active
demonstrativos_0035,demonstrativos,fill_blank,Вставь пропущенное слово,Completa: No quiero ____ coche. (вон тот),aquel,aquel,,active
demonstrativos_0036,demonstrativos,fill_blank,Вставь пропущенное слово,Completa: ____ bolígrafo es mío. (рядом со мной),Este,Este,,active
demonstrativos_0037,demonstrativos,fill_blank,Вставь пропущенное слово,Completa: Me gustan ____ flores. (рядом с тобой),esas,esas,,active
demonstrativos_0038,demonstrativos,fill_blank,Вставь пропущенное слово,Completa: ____ montañas son preciosas. (далеко),Aquellas,Aquellas,,active
demonstrativos_0039,demonstrativos,fill_blank,Вставь пропущенное слово,Completa: ¿Qué es ____? (это здесь),esto,esto,,active
demonstrativos_0040,demonstrativos,fill_blank,Вставь пропущенное слово,Completa: No quiero ____ coche. (вон тот),aquel,aquel,,active
demonstrativos_0041,demonstrativos,fill_blank,Вставь пропущенное слово,Completa: ____ bolígrafo es mío. (рядом со мной),Este,Este,,active
demonstrativos_0042,demonstrativos,fill_blank,Вставь пропущенное слово,Completa: Me gustan ____ flores. (рядом с тобой),esas,esas,,active
demonstrativos_0043,demonstrativos,fill_blank,Вставь пропущенное слово,Completa: ____ montañas son preciosas. (далеко),Aquellas,Aquellas,,active
demonstrativos_0044,demonstrativos,fill_blank,Вставь пропущенное слово,Completa: ¿Qué es ____? (это здесь),esto,esto,,active
demonstrativos_0045,demonstrativos,fill_blank,Вставь пропущенное слово,Completa: No quiero ____ coche. (вон тот),aquel,aquel,,active
demonstrativos_0046,demonstrativos,fill_blank,Вставь пропущенное слово,Completa: ____ bolígrafo es mío. (рядом со мной),Este,Este,,active
demonstrativos_0047,demonstrativos,fill_blank,Вставь пропущенное слово,Completa: Me gustan ____ flores. (рядом с тобой),esas,esas,,active
demonstrativos_0048,demonstrativos,fill_blank,Вставь пропущенное слово,Completa: ____ montañas son preciosas. (далеко),Aquellas,Aquellas,,active
demonstrativos_0049,demonstrativos,fill_blank,Вставь пропущенное слово,Completa: ¿Qué es ____? (это здесь),esto,esto,,active
demonstrativos_0050,demonstrativos,fill_blank,Вставь пропущенное слово,Completa: No quiero ____ coche. (вон тот),aquel,aquel,,active
demonstrativos_0051,demonstrativos,correct_mistake,Исправь ошибку,Ese aquí es mi libro.,Este es mi libro.,Este es mi libro.,Согласуйте указательное местоимение по роду и числу.,active
demonstrativos_0052,demonstrativos,correct_mistake,Исправь ошибку,Aquello mesa es grande.,Aquella mesa es grande.,Aquella mesa es grande.,Согласуйте указательное местоимение по роду и числу.,active
demonstrativos_0053,demonstrativos,correct_mistake,Исправь ошибку,Esto coche es nuevo.,Este coche es nuevo.,Este coche es nuevo.,Согласуйте указательное местоимение по роду и числу.,active
demonstrativos_0054,demonstrativos,correct_mistake,Исправь ошибку,Quiero este flores.,Quiero estas flores.,Quiero estas flores.,Согласуйте указательное местоимение по роду и числу.,active
demonstrativos_0055,demonstrativos,correct_mistake,Исправь ошибку,Aquellos casa es antigua.,Aquella casa es antigua.,Aquella casa es antigua.,Согласуйте указательное местоимение по роду и числу.,active
demonstrativos_0056,demonstrativos,correct_mistake,Исправь ошибку,Ese aquí es mi libro.,Este es mi libro.,Este es mi libro.,Согласуйте указательное местоимение по роду и числу.,active
demonstrativos_0057,demonstrativos,correct_mistake,Исправь ошибку,Aquello mesa es grande.,Aquella mesa es grande.,Aquella mesa es grande.,Согласуйте указательное местоимение по роду и числу.,active
demonstrativos_0058,demonstrativos,correct_mistake,Исправь ошибку,Esto coche es nuevo.,Este coche es nuevo.,Este coche es nuevo.,Согласуйте указательное местоимение по роду и числу.,active
demonstrativos_0059,demonstrativos,correct_mistake,Исправь ошибку,Quiero este flores.,Quiero estas flores.,Quiero estas flores.,Согласуйте указательное местоимение по роду и числу.,active
demonstrativos_0060,demonstrativos,correct_mistake,Исправь ошибку,Aquellos casa es antigua.,Aquella casa es antigua.,Aquella casa es antigua.,Согласуйте указательное местоимение по роду и числу.,active
demonstrativos_0061,demonstrativos,correct_mistake,Исправь ошибку,Ese aquí es mi libro.,Este es mi libro.,Este es mi libro.,Согласуйте указательное местоимение по роду и числу.,active
demonstrativos_0062,demonstrativos,correct_mistake,Исправь ошибку,Aquello mesa es grande.,Aquella mesa es grande.,Aquella mesa es grande.,Согласуйте указательное местоимение по роду и числу.,active
demonstrativos_0063,demonstrativos,correct_mistake,Исправь ошибку,Esto coche es nuevo.,Este coche es nuevo.,Este coche es nuevo.,Согласуйте указательное местоимение по роду и числу.,active
demonstrativos_0064,demonstrativos,correct_mistake,Исправь ошибку,Quiero este flores.,Quiero estas flores.,Quiero estas flores.,Согласуйте указательное местоимение по роду и числу.,active
demonstrativos_0065,demonstrativos,correct_mistake,Исправь ошибку,Aquellos casa es antigua.,Aquella casa es antigua.,Aquella casa es antigua.,Согласуйте указательное местоимение по роду и числу.,active
demonstrativos_0066,demonstrativos,correct_mistake,Исправь ошибку,Ese aquí es mi libro.,Este es mi libro.,Este es mi libro.,Согласуйте указательное местоимение по роду и числу.,active
demonstrativos_0067,demonstrativos,correct_mistake,Исправь ошибку,Aquello mesa es grande.,Aquella mesa es grande.,Aquella mesa es grande.,Согласуйте указательное местоимение по роду и числу.,active
demonstrativos_0068,demonstrativos,correct_mistake,Исправь ошибку,Esto coche es nuevo.,Este coche es nuevo.,Este coche es nuevo.,Согласуйте указательное местоимение по роду и числу.,active
demonstrativos_0069,demonstrativos,correct_mistake,Исправь ошибку,Quiero este flores.,Quiero estas flores.,Quiero estas flores.,Согласуйте указательное местоимение по роду и числу.,active
demonstrativos_0070,demonstrativos,correct_mistake,Исправь ошибку,Aquellos casa es antigua.,Aquella casa es antigua.,Aquella casa es antigua.,Согласуйте указательное местоимение по роду и числу.,active
demonstrativos_0071,demonstrativos,correct_mistake,Исправь ошибку,Ese aquí es mi libro.,Este es mi libro.,Este es mi libro.,Согласуйте указательное местоимение по роду и числу.,active
demonstrativos_0072,demonstrativos,correct_mistake,Исправь ошибку,Aquello mesa es grande.,Aquella mesa es grande.,Aquella mesa es grande.,Согласуйте указательное местоимение по роду и числу.,active
demonstrativos_0073,demonstrativos,correct_mistake,Исправь ошибку,Esto coche es nuevo.,Este coche es nuevo.,Este coche es nuevo.,Согласуйте указательное местоимение по роду и числу.,active
demonstrativos_0074,demonstrativos,correct_mistake,Исправь ошибку,Quiero este flores.,Quiero estas flores.,Quiero estas flores.,Согласуйте указательное местоимение по роду и числу.,active
demonstrativos_0075,demonstrativos,correct_mistake,Исправь ошибку,Aquellos casa es antigua.,Aquella casa es antigua.,Aquella casa es antigua.,Согласуйте указательное местоимение по роду и числу.,active
demonstrativos_0076,demonstrativos,translation,Переведи на испанский,Этот стул очень удобный.,Esta silla es muy cómoda.,Esta silla es muy cómoda.,,active
demonstrativos_0077,demonstrativos,translation,Переведи на испанский,Та книга (у тебя) интересная.,Ese libro es interesante.,Ese libro es interesante.,,active
demonstrativos_0078,demonstrativos,translation,Переведи на испанский,Вон тот дом красивый.,Aquella casa es bonita.,Aquella casa es bonita.,,active
demonstrativos_0079,demonstrativos,translation,Переведи на испанский,Что это?,¿Qué es esto?,¿Qué es esto?,,active
demonstrativos_0080,demonstrativos,translation,Переведи на испанский,Мне нравятся эти цветы.,Me gustan estas flores.,Me gustan estas flores.,,active
demonstrativos_0081,demonstrativos,translation,Переведи на испанский,Этот стул очень удобный.,Esta silla es muy cómoda.,Esta silla es muy cómoda.,,active
demonstrativos_0082,demonstrativos,translation,Переведи на испанский,Та книга (у тебя) интересная.,Ese libro es interesante.,Ese libro es interesante.,,active
demonstrativos_0083,demonstrativos,translation,Переведи на испанский,Вон тот дом красивый.,Aquella casa es bonita.,Aquella casa es bonita.,,active
demonstrativos_0084,demonstrativos,translation,Переведи на испанский,Что это?,¿Qué es esto?,¿Qué es esto?,,active
demonstrativos_0085,demonstrativos,translation,Переведи на испанский,Мне нравятся эти цветы.,Me gustan estas flores.,Me gustan estas flores.,,active
demonstrativos_0086,demonstrativos,translation,Переведи на испанский,Этот стул очень удобный.,Esta silla es muy cómoda.,Esta silla es muy cómoda.,,active
demonstrativos_0087,demonstrativos,translation,Переведи на испанский,Та книга (у тебя) интересная.,Ese libro es interesante.,Ese libro es interesante.,,active
demonstrativos_0088,demonstrativos,translation,Переведи на испанский,Вон тот дом красивый.,Aquella casa es bonita.,Aquella casa es bonita.,,active
demonstrativos_0089,demonstrativos,translation,Переведи на испанский,Что это?,¿Qué es esto?,¿Qué es esto?,,active
demonstrativos_0090,demonstrativos,translation,Переведи на испанский,Мне нравятся эти цветы.,Me gustan estas flores.,Me gustan estas flores.,,active
demonstrativos_0091,demonstrativos,translation,Переведи на испанский,Этот стул очень удобный.,Esta silla es muy cómoda.,Esta silla es muy cómoda.,,active
demonstrativos_0092,demonstrativos,translation,Переведи на испанский,Та книга (у тебя) интересная.,Ese libro es interesante.,Ese libro es interesante.,,active
demonstrativos_0093,demonstrativos,translation,Переведи на испанский,Вон тот дом красивый.,Aquella casa es bonita.,Aquella casa es bonita.,,active
demonstrativos_0094,demonstrativos,translation,Переведи на испанский,Что это?,¿Qué es esto?,¿Qué es esto?,,active
demonstrativos_0095,demonstrativos,translation,Переведи на испанский,Мне нравятся эти цветы.,Me gustan estas flores.,Me gustan estas flores.,,active
demonstrativos_0096,demonstrativos,translation,Переведи на испанский,Этот стул очень удобный.,Esta silla es muy cómoda.,Esta silla es muy cómoda.,,active
demonstrativos_0097,demonstrativos,translation,Переведи на испанский,Та книга (у тебя) интересная.,Ese libro es interesante.,Ese libro es interesante.,,active
demonstrativos_0098,demonstrativos,translation,Переведи на испанский,Вон тот дом красивый.,Aquella casa es bonita.,Aquella casa es bonita.,,active
demonstrativos_0099,demonstrativos,translation,Переведи на испанский,Что это?,¿Qué es esto?,¿Qué es esto?,,active
demonstrativos_0100,demonstrativos,translation,Переведи на испанский,Мне нравятся эти цветы.,Me gustan estas flores.,Me gustan estas flores.,,active
conectores_0001,conectores,multiple_choice,Выбери правильный вариант,"Quería salir, ____ estaba lloviendo.
Варианты: pero / porque / aunque / entonces",pero,pero,Selecciona el conector adecuado.,active
conectores_0002,conectores,multiple_choice,Выбери правильный вариант,"No fui ____ estaba enfermo.
Варианты: porque / pero / sin embargo / además",porque,porque,Selecciona el conector adecuado.,active
conectores_0003,conectores,multiple_choice,Выбери правильный вариант,"Estudia mucho; ____, aprueba los exámenes.
Варианты: por eso / aunque / pero / mientras",por eso,por eso,Selecciona el conector adecuado.,active
conectores_0004,conectores,multiple_choice,Выбери правильный вариант,"____ hace frío, vamos a caminar.
Варианты: Aunque / Porque / Entonces / Además",Aunque,Aunque,Selecciona el conector adecuado.,active
conectores_0005,conectores,multiple_choice,Выбери правильный вариант,"Me gusta leer; ____, escribir.
Варианты: además / porque / pero / aunque",además,además,Selecciona el conector adecuado.,active
conectores_0006,conectores,multiple_choice,Выбери правильный вариант,"Quería salir, ____ estaba lloviendo.
Варианты: pero / porque / aunque / entonces",pero,pero,Selecciona el conector adecuado.,active
conectores_0007,conectores,multiple_choice,Выбери правильный вариант,"No fui ____ estaba enfermo.
Варианты: porque / pero / sin embargo / además",porque,porque,Selecciona el conector adecuado.,active
conectores_0008,conectores,multiple_choice,Выбери правильный вариант,"Estudia mucho; ____, aprueba los exámenes.
Варианты: por eso / aunque / pero / mientras",por eso,por eso,Selecciona el conector adecuado.,active
conectores_0009,conectores,multiple_choice,Выбери правильный вариант,"____ hace frío, vamos a caminar.
Варианты: Aunque / Porque / Entonces / Además",Aunque,Aunque,Selecciona el conector adecuado.,active
conectores_0010,conectores,multiple_choice,Выбери правильный вариант,"Me gusta leer; ____, escribir.
Варианты: además / porque / pero / aunque",además,además,Selecciona el conector adecuado.,active
conectores_0011,conectores,multiple_choice,Выбери правильный вариант,"Quería salir, ____ estaba lloviendo.
Варианты: pero / porque / aunque / entonces",pero,pero,Selecciona el conector adecuado.,active
conectores_0012,conectores,multiple_choice,Выбери правильный вариант,"No fui ____ estaba enfermo.
Варианты: porque / pero / sin embargo / además",porque,porque,Selecciona el conector adecuado.,active
conectores_0013,conectores,multiple_choice,Выбери правильный вариант,"Estudia mucho; ____, aprueba los exámenes.
Варианты: por eso / aunque / pero / mientras",por eso,por eso,Selecciona el conector adecuado.,active
conectores_0014,conectores,multiple_choice,Выбери правильный вариант,"____ hace frío, vamos a caminar.
Варианты: Aunque / Porque / Entonces / Además",Aunque,Aunque,Selecciona el conector adecuado.,active
conectores_0015,conectores,multiple_choice,Выбери правильный вариант,"Me gusta leer; ____, escribir.
Варианты: además / porque / pero / aunque",además,además,Selecciona el conector adecuado.,active
conectores_0016,conectores,multiple_choice,Выбери правильный вариант,"Quería salir, ____ estaba lloviendo.
Варианты: pero / porque / aunque / entonces",pero,pero,Selecciona el conector adecuado.,active
conectores_0017,conectores,multiple_choice,Выбери правильный вариант,"No fui ____ estaba enfermo.
Варианты: porque / pero / sin embargo / además",porque,porque,Selecciona el conector adecuado.,active
conectores_0018,conectores,multiple_choice,Выбери правильный вариант,"Estudia mucho; ____, aprueba los exámenes.
Варианты: por eso / aunque / pero / mientras",por eso,por eso,Selecciona el conector adecuado.,active
conectores_0019,conectores,multiple_choice,Выбери правильный вариант,"____ hace frío, vamos a caminar.
Варианты: Aunque / Porque / Entonces / Además",Aunque,Aunque,Selecciona el conector adecuado.,active
conectores_0020,conectores,multiple_choice,Выбери правильный вариант,"Me gusta leer; ____, escribir.
Варианты: además / porque / pero / aunque",además,además,Selecciona el conector adecuado.,active
conectores_0021,conectores,multiple_choice,Выбери правильный вариант,"Quería salir, ____ estaba lloviendo.
Варианты: pero / porque / aunque / entonces",pero,pero,Selecciona el conector adecuado.,active
conectores_0022,conectores,multiple_choice,Выбери правильный вариант,"No fui ____ estaba enfermo.
Варианты: porque / pero / sin embargo / además",porque,porque,Selecciona el conector adecuado.,active
conectores_0023,conectores,multiple_choice,Выбери правильный вариант,"Estudia mucho; ____, aprueba los exámenes.
Варианты: por eso / aunque / pero / mientras",por eso,por eso,Selecciona el conector adecuado.,active
conectores_0024,conectores,multiple_choice,Выбери правильный вариант,"____ hace frío, vamos a caminar.
Варианты: Aunque / Porque / Entonces / Además",Aunque,Aunque,Selecciona el conector adecuado.,active
conectores_0025,conectores,multiple_choice,Выбери правильный вариант,"Me gusta leer; ____, escribir.
Варианты: además / porque / pero / aunque",además,además,Selecciona el conector adecuado.,active
conectores_0026,conectores,fill_blank,Вставь пропущенное слово,"Completa: Llegó tarde; ____, perdió el tren.",por eso,por eso,,active
conectores_0027,conectores,fill_blank,Вставь пропущенное слово,"Completa: Quería ir, ____ no pude.",pero,pero,,active
conectores_0028,conectores,fill_blank,Вставь пропущенное слово,Completa: No vino ____ estaba cansado.,porque,porque,,active
conectores_0029,conectores,fill_blank,Вставь пропущенное слово,"Completa: ____ llueva, iremos.",Aunque,Aunque,,active
conectores_0030,conectores,fill_blank,Вставь пропущенное слово,"Completa: Habla inglés y, ____, francés.",además,además,,active
conectores_0031,conectores,fill_blank,Вставь пропущенное слово,"Completa: Llegó tarde; ____, perdió el tren.",por eso,por eso,,active
conectores_0032,conectores,fill_blank,Вставь пропущенное слово,"Completa: Quería ir, ____ no pude.",pero,pero,,active
conectores_0033,conectores,fill_blank,Вставь пропущенное слово,Completa: No vino ____ estaba cansado.,porque,porque,,active
conectores_0034,conectores,fill_blank,Вставь пропущенное слово,"Completa: ____ llueva, iremos.",Aunque,Aunque,,active
conectores_0035,conectores,fill_blank,Вставь пропущенное слово,"Completa: Habla inglés y, ____, francés.",además,además,,active
conectores_0036,conectores,fill_blank,Вставь пропущенное слово,"Completa: Llegó tarde; ____, perdió el tren.",por eso,por eso,,active
conectores_0037,conectores,fill_blank,Вставь пропущенное слово,"Completa: Quería ir, ____ no pude.",pero,pero,,active
conectores_0038,conectores,fill_blank,Вставь пропущенное слово,Completa: No vino ____ estaba cansado.,porque,porque,,active
conectores_0039,conectores,fill_blank,Вставь пропущенное слово,"Completa: ____ llueva, iremos.",Aunque,Aunque,,active
conectores_0040,conectores,fill_blank,Вставь пропущенное слово,"Completa: Habla inglés y, ____, francés.",además,además,,active
conectores_0041,conectores,fill_blank,Вставь пропущенное слово,"Completa: Llegó tarde; ____, perdió el tren.",por eso,por eso,,active
conectores_0042,conectores,fill_blank,Вставь пропущенное слово,"Completa: Quería ir, ____ no pude.",pero,pero,,active
conectores_0043,conectores,fill_blank,Вставь пропущенное слово,Completa: No vino ____ estaba cansado.,porque,porque,,active
conectores_0044,conectores,fill_blank,Вставь пропущенное слово,"Completa: ____ llueva, iremos.",Aunque,Aunque,,active
conectores_0045,conectores,fill_blank,Вставь пропущенное слово,"Completa: Habla inglés y, ____, francés.",además,además,,active
conectores_0046,conectores,fill_blank,Вставь пропущенное слово,"Completa: Llegó tarde; ____, perdió el tren.",por eso,por eso,,active
conectores_0047,conectores,fill_blank,Вставь пропущенное слово,"Completa: Quería ir, ____ no pude.",pero,pero,,active
conectores_0048,conectores,fill_blank,Вставь пропущенное слово,Completa: No vino ____ estaba cansado.,porque,porque,,active
conectores_0049,conectores,fill_blank,Вставь пропущенное слово,"Completa: ____ llueva, iremos.",Aunque,Aunque,,active
conectores_0050,conectores,fill_blank,Вставь пропущенное слово,"Completa: Habla inglés y, ____, francés.",además,además,,active
conectores_0051,conectores,correct_mistake,Исправь ошибку,"Estaba cansado, por eso no fui.","Estaba cansado, por eso no fui.","Estaba cansado, por eso no fui.",Исправьте неверно использованный союз.,active
conectores_0052,conectores,correct_mistake,Исправь ошибку,Quería salir porque llovía.,"Quería salir, pero llovía.","Quería salir, pero llovía.",Исправьте неверно использованный союз.,active
conectores_0053,conectores,correct_mistake,Исправь ошибку,No vino pero estaba enfermo.,No vino porque estaba enfermo.,No vino porque estaba enfermo.,Исправьте неверно использованный союз.,active
conectores_0054,conectores,correct_mistake,Исправь ошибку,"Además estaba cansado, fui al gimnasio.","Aunque estaba cansado, fui al gimnasio.","Aunque estaba cansado, fui al gimnasio.",Исправьте неверно использованный союз.,active
conectores_0055,conectores,correct_mistake,Исправь ошибку,Estudia mucho aunque aprueba.,Estudia mucho; por eso aprueba.,Estudia mucho; por eso aprueba.,Исправьте неверно использованный союз.,active
conectores_0056,conectores,correct_mistake,Исправь ошибку,"Estaba cansado, por eso no fui.","Estaba cansado, por eso no fui.","Estaba cansado, por eso no fui.",Исправьте неверно использованный союз.,active
conectores_0057,conectores,correct_mistake,Исправь ошибку,Quería salir porque llovía.,"Quería salir, pero llovía.","Quería salir, pero llovía.",Исправьте неверно использованный союз.,active
conectores_0058,conectores,correct_mistake,Исправь ошибку,No vino pero estaba enfermo.,No vino porque estaba enfermo.,No vino porque estaba enfermo.,Исправьте неверно использованный союз.,active
conectores_0059,conectores,correct_mistake,Исправь ошибку,"Además estaba cansado, fui al gimnasio.","Aunque estaba cansado, fui al gimnasio.","Aunque estaba cansado, fui al gimnasio.",Исправьте неверно использованный союз.,active
conectores_0060,conectores,correct_mistake,Исправь ошибку,Estudia mucho aunque aprueba.,Estudia mucho; por eso aprueba.,Estudia mucho; por eso aprueba.,Исправьте неверно использованный союз.,active
conectores_0061,conectores,correct_mistake,Исправь ошибку,"Estaba cansado, por eso no fui.","Estaba cansado, por eso no fui.","Estaba cansado, por eso no fui.",Исправьте неверно использованный союз.,active
conectores_0062,conectores,correct_mistake,Исправь ошибку,Quería salir porque llovía.,"Quería salir, pero llovía.","Quería salir, pero llovía.",Исправьте неверно использованный союз.,active
conectores_0063,conectores,correct_mistake,Исправь ошибку,No vino pero estaba enfermo.,No vino porque estaba enfermo.,No vino porque estaba enfermo.,Исправьте неверно использованный союз.,active
conectores_0064,conectores,correct_mistake,Исправь ошибку,"Además estaba cansado, fui al gimnasio.","Aunque estaba cansado, fui al gimnasio.","Aunque estaba cansado, fui al gimnasio.",Исправьте неверно использованный союз.,active
conectores_0065,conectores,correct_mistake,Исправь ошибку,Estudia mucho aunque aprueba.,Estudia mucho; por eso aprueba.,Estudia mucho; por eso aprueba.,Исправьте неверно использованный союз.,active
conectores_0066,conectores,correct_mistake,Исправь ошибку,"Estaba cansado, por eso no fui.","Estaba cansado, por eso no fui.","Estaba cansado, por eso no fui.",Исправьте неверно использованный союз.,active
conectores_0067,conectores,correct_mistake,Исправь ошибку,Quería salir porque llovía.,"Quería salir, pero llovía.","Quería salir, pero llovía.",Исправьте неверно использованный союз.,active
conectores_0068,conectores,correct_mistake,Исправь ошибку,No vino pero estaba enfermo.,No vino porque estaba enfermo.,No vino porque estaba enfermo.,Исправьте неверно использованный союз.,active
conectores_0069,conectores,correct_mistake,Исправь ошибку,"Además estaba cansado, fui al gimnasio.","Aunque estaba cansado, fui al gimnasio.","Aunque estaba cansado, fui al gimnasio.",Исправьте неверно использованный союз.,active
conectores_0070,conectores,correct_mistake,Исправь ошибку,Estudia mucho aunque aprueba.,Estudia mucho; por eso aprueba.,Estudia mucho; por eso aprueba.,Исправьте неверно использованный союз.,active
conectores_0071,conectores,correct_mistake,Исправь ошибку,"Estaba cansado, por eso no fui.","Estaba cansado, por eso no fui.","Estaba cansado, por eso no fui.",Исправьте неверно использованный союз.,active
conectores_0072,conectores,correct_mistake,Исправь ошибку,Quería salir porque llovía.,"Quería salir, pero llovía.","Quería salir, pero llovía.",Исправьте неверно использованный союз.,active
conectores_0073,conectores,correct_mistake,Исправь ошибку,No vino pero estaba enfermo.,No vino porque estaba enfermo.,No vino porque estaba enfermo.,Исправьте неверно использованный союз.,active
conectores_0074,conectores,correct_mistake,Исправь ошибку,"Además estaba cansado, fui al gimnasio.","Aunque estaba cansado, fui al gimnasio.","Aunque estaba cansado, fui al gimnasio.",Исправьте неверно использованный союз.,active
conectores_0075,conectores,correct_mistake,Исправь ошибку,Estudia mucho aunque aprueba.,Estudia mucho; por eso aprueba.,Estudia mucho; por eso aprueba.,Исправьте неверно использованный союз.,active
conectores_0076,conectores,translation,Переведи на испанский,"Я хотел пойти, но был занят.","Quería ir, pero estaba ocupado.","Quería ir, pero estaba ocupado.",,active
conectores_0077,conectores,translation,Переведи на испанский,"Я не пришёл, потому что заболел.",No vine porque me enfermé.,No vine porque me enfermé.,,active
conectores_0078,conectores,translation,Переведи на испанский,"Она много работает, поэтому она устала.",Trabaja mucho; por eso está cansada.,Trabaja mucho; por eso está cansada.,,active
conectores_0079,conectores,translation,Переведи на испанский,"Хотя шёл дождь, мы гуляли.","Aunque llovía, paseábamos.","Aunque llovía, paseábamos.",,active
conectores_0080,conectores,translation,Переведи на испанский,"Кроме того, он говорит по-испански.","Además, habla español.","Además, habla español.",,active
conectores_0081,conectores,translation,Переведи на испанский,"Я хотел пойти, но был занят.","Quería ir, pero estaba ocupado.","Quería ir, pero estaba ocupado.",,active
conectores_0082,conectores,translation,Переведи на испанский,"Я не пришёл, потому что заболел.",No vine porque me enfermé.,No vine porque me enfermé.,,active
conectores_0083,conectores,translation,Переведи на испанский,"Она много работает, поэтому она устала.",Trabaja mucho; por eso está cansada.,Trabaja mucho; por eso está cansada.,,active
conectores_0084,conectores,translation,Переведи на испанский,"Хотя шёл дождь, мы гуляли.","Aunque llovía, paseábamos.","Aunque llovía, paseábamos.",,active
conectores_0085,conectores,translation,Переведи на испанский,"Кроме того, он говорит по-испански.","Además, habla español.","Además, habla español.",,active
conectores_0086,conectores,translation,Переведи на испанский,"Я хотел пойти, но был занят.","Quería ir, pero estaba ocupado.","Quería ir, pero estaba ocupado.",,active
conectores_0087,conectores,translation,Переведи на испанский,"Я не пришёл, потому что заболел.",No vine porque me enfermé.,No vine porque me enfermé.,,active
conectores_0088,conectores,translation,Переведи на испанский,"Она много работает, поэтому она устала.",Trabaja mucho; por eso está cansada.,Trabaja mucho; por eso está cansada.,,active
conectores_0089,conectores,translation,Переведи на испанский,"Хотя шёл дождь, мы гуляли.","Aunque llovía, paseábamos.","Aunque llovía, paseábamos.",,active
conectores_0090,conectores,translation,Переведи на испанский,"Кроме того, он говорит по-испански.","Además, habla español.","Además, habla español.",,active
conectores_0091,conectores,translation,Переведи на испанский,"Я хотел пойти, но был занят.","Quería ir, pero estaba ocupado.","Quería ir, pero estaba ocupado.",,active
conectores_0092,conectores,translation,Переведи на испанский,"Я не пришёл, потому что заболел.",No vine porque me enfermé.,No vine porque me enfermé.,,active
conectores_0093,conectores,translation,Переведи на испанский,"Она много работает, поэтому она устала.",Trabaja mucho; por eso está cansada.,Trabaja mucho; por eso está cansada.,,active
conectores_0094,conectores,translation,Переведи на испанский,"Хотя шёл дождь, мы гуляли.","Aunque llovía, paseábamos.","Aunque llovía, paseábamos.",,active
conectores_0095,conectores,translation,Переведи на испанский,"Кроме того, он говорит по-испански.","Además, habla español.","Además, habla español.",,active
conectores_0096,conectores,translation,Переведи на испанский,"Я хотел пойти, но был занят.","Quería ir, pero estaba ocupado.","Quería ir, pero estaba ocupado.",,active
conectores_0097,conectores,translation,Переведи на испанский,"Я не пришёл, потому что заболел.",No vine porque me enfermé.,No vine porque me enfermé.,,active
conectores_0098,conectores,translation,Переведи на испанский,"Она много работает, поэтому она устала.",Trabaja mucho; por eso está cansada.,Trabaja mucho; por eso está cansada.,,active
conectores_0099,conectores,translation,Переведи на испанский,"Хотя шёл дождь, мы гуляли.","Aunque llovía, paseábamos.","Aunque llovía, paseábamos.",,active
conectores_0100,conectores,translation,Переведи на испанский,"Кроме того, он говорит по-испански.","Además, habla español.","Además, habla español.",,active
comparativos_0001,comparativos_adjetivos,multiple_choice,Выбери сравнительную конструкцию,Madrid es ___ grande que Toledo.,más,más,,active
comparativos_0002,comparativos_adjetivos,multiple_choice,Выбери сравнительную конструкцию,Esta casa es ___ pequeña que la otra.,menos,menos,,active
comparativos_0003,comparativos_adjetivos,multiple_choice,Выбери сравнительную конструкцию,Juan es ___ alto como Pedro.,tan,tan,,active
comparativos_0004,comparativos_adjetivos,multiple_choice,Выбери сравнительную конструкцию,El coche rojo es ___ rápido que el azul.,más,más,,active
comparativos_0005,comparativos_adjetivos,multiple_choice,Выбери сравнительную конструкцию,Mi mochila es ___ pesada que la tuya.,menos,menos,,active
comparativos_0006,comparativos_adjetivos,multiple_choice,Выбери сравнительную конструкцию,Ana es ___ inteligente como Marta.,tan,tan,,active
comparativos_0007,comparativos_adjetivos,multiple_choice,Выбери сравнительную конструкцию,Hoy hace ___ calor que ayer.,más,más,,active
comparativos_0008,comparativos_adjetivos,multiple_choice,Выбери сравнительную конструкцию,Este ejercicio es ___ difícil que el anterior.,menos,menos,,active
comparativos_0009,comparativos_adjetivos,multiple_choice,Выбери сравнительную конструкцию,Mi hermano es ___ fuerte que yo.,más,más,,active
comparativos_0010,comparativos_adjetivos,multiple_choice,Выбери сравнительную конструкцию,El café es ___ bueno como el té.,tan,tan,,active
comparativos_0011,comparativos_adjetivos,multiple_choice,Выбери сравнительную конструкцию,Este hotel es ___ caro que aquel.,más,más,,active
comparativos_0012,comparativos_adjetivos,multiple_choice,Выбери сравнительную конструкцию,Mi habitación es ___ luminosa que la tuya.,menos,menos,,active
comparativos_0013,comparativos_adjetivos,multiple_choice,Выбери сравнительную конструкцию,Pedro corre ___ rápido que Luis.,más,más,,active
comparativos_0014,comparativos_adjetivos,multiple_choice,Выбери сравнительную конструкцию,La sopa está ___ caliente que ayer.,menos,menos,,active
comparativos_0015,comparativos_adjetivos,multiple_choice,Выбери сравнительную конструкцию,Este libro es ___ interesante como el otro.,tan,tan,,active
comparativos_0016,comparativos_adjetivos,multiple_choice,Выбери сравнительную конструкцию,La playa es ___ bonita que la montaña.,más,más,,active
comparativos_0017,comparativos_adjetivos,multiple_choice,Выбери сравнительную конструкцию,El examen fue ___ fácil que esperaba.,menos,menos,,active
comparativos_0018,comparativos_adjetivos,multiple_choice,Выбери сравнительную конструкцию,Julia es ___ simpática como Elena.,tan,tan,,active
comparativos_0019,comparativos_adjetivos,multiple_choice,Выбери сравнительную конструкцию,Hoy estoy ___ cansado que ayer.,más,más,,active
comparativos_0020,comparativos_adjetivos,multiple_choice,Выбери сравнительную конструкцию,Este móvil es ___ moderno que el mío.,más,más,,active
comparativos_0021,comparativos_adjetivos,multiple_choice,Выбери сравнительную конструкцию,La bicicleta es ___ cara que el coche.,menos,menos,,active
comparativos_0022,comparativos_adjetivos,multiple_choice,Выбери сравнительную конструкцию,Este problema es ___ sencillo como el primero.,tan,tan,,active
comparativos_0023,comparativos_adjetivos,multiple_choice,Выбери сравнительную конструкцию,Mi perro es ___ grande que el tuyo.,más,más,,active
comparativos_0024,comparativos_adjetivos,multiple_choice,Выбери сравнительную конструкцию,El tren es ___ lento que el avión.,menos,menos,,active
comparativos_0025,comparativos_adjetivos,multiple_choice,Выбери сравнительную конструкцию,Carlos es ___ responsable como su hermana.,tan,tan,,active
comparativos_0026,comparativos_adjetivos,fill_form,Вставь пропущенное слово,Madrid es _____ grande que Toledo.,más,más,,active
comparativos_0027,comparativos_adjetivos,fill_form,Вставь пропущенное слово,Esta casa es _____ pequeña que la otra.,menos,menos,,active
comparativos_0028,comparativos_adjetivos,fill_form,Вставь пропущенное слово,Juan es _____ alto como Pedro.,tan,tan,,active
comparativos_0029,comparativos_adjetivos,fill_form,Вставь пропущенное слово,El coche rojo es _____ rápido que el azul.,más,más,,active
comparativos_0030,comparativos_adjetivos,fill_form,Вставь пропущенное слово,Mi mochila es _____ pesada que la tuya.,menos,menos,,active
comparativos_0031,comparativos_adjetivos,fill_form,Вставь пропущенное слово,Ana es _____ inteligente como Marta.,tan,tan,,active
comparativos_0032,comparativos_adjetivos,fill_form,Вставь пропущенное слово,Hoy hace _____ calor que ayer.,más,más,,active
comparativos_0033,comparativos_adjetivos,fill_form,Вставь пропущенное слово,Este ejercicio es _____ difícil que el anterior.,menos,menos,,active
comparativos_0034,comparativos_adjetivos,fill_form,Вставь пропущенное слово,Mi hermano es _____ fuerte que yo.,más,más,,active
comparativos_0035,comparativos_adjetivos,fill_form,Вставь пропущенное слово,El café es _____ bueno como el té.,tan,tan,,active
comparativos_0036,comparativos_adjetivos,fill_form,Вставь пропущенное слово,Este hotel es _____ caro que aquel.,más,más,,active
comparativos_0037,comparativos_adjetivos,fill_form,Вставь пропущенное слово,Mi habitación es _____ luminosa que la tuya.,menos,menos,,active
comparativos_0038,comparativos_adjetivos,fill_form,Вставь пропущенное слово,Pedro corre _____ rápido que Luis.,más,más,,active
comparativos_0039,comparativos_adjetivos,fill_form,Вставь пропущенное слово,La sopa está _____ caliente que ayer.,menos,menos,,active
comparativos_0040,comparativos_adjetivos,fill_form,Вставь пропущенное слово,Este libro es _____ interesante como el otro.,tan,tan,,active
comparativos_0041,comparativos_adjetivos,fill_form,Вставь пропущенное слово,La playa es _____ bonita que la montaña.,más,más,,active
comparativos_0042,comparativos_adjetivos,fill_form,Вставь пропущенное слово,El examen fue _____ fácil que esperaba.,menos,menos,,active
comparativos_0043,comparativos_adjetivos,fill_form,Вставь пропущенное слово,Julia es _____ simpática como Elena.,tan,tan,,active
comparativos_0044,comparativos_adjetivos,fill_form,Вставь пропущенное слово,Hoy estoy _____ cansado que ayer.,más,más,,active
comparativos_0045,comparativos_adjetivos,fill_form,Вставь пропущенное слово,Este móvil es _____ moderno que el mío.,más,más,,active
comparativos_0046,comparativos_adjetivos,fill_form,Вставь пропущенное слово,La bicicleta es _____ cara que el coche.,menos,menos,,active
comparativos_0047,comparativos_adjetivos,fill_form,Вставь пропущенное слово,Este problema es _____ sencillo como el primero.,tan,tan,,active
comparativos_0048,comparativos_adjetivos,fill_form,Вставь пропущенное слово,Mi perro es _____ grande que el tuyo.,más,más,,active
comparativos_0049,comparativos_adjetivos,fill_form,Вставь пропущенное слово,El tren es _____ lento que el avión.,menos,menos,,active
comparativos_0050,comparativos_adjetivos,fill_form,Вставь пропущенное слово,Carlos es _____ responsable como su hermana.,tan,tan,,active
comparativos_0051,comparativos_adjetivos,fix_error,Исправь ошибку,Corrige: Madrid es menos grande que Toledo.,Madrid es más grande que Toledo.,Madrid es más grande que Toledo.,Используй правильную сравнительную конструкцию.,active
comparativos_0052,comparativos_adjetivos,fix_error,Исправь ошибку,Corrige: Esta casa es más pequeña que la otra.,Esta casa es menos pequeña que la otra.,Esta casa es menos pequeña que la otra.,Используй правильную сравнительную конструкцию.,active
comparativos_0053,comparativos_adjetivos,fix_error,Исправь ошибку,Corrige: Juan es más alto como Pedro.,Juan es tan alto como Pedro.,Juan es tan alto como Pedro.,Используй правильную сравнительную конструкцию.,active
comparativos_0054,comparativos_adjetivos,fix_error,Исправь ошибку,Corrige: El coche rojo es menos rápido que el azul.,El coche rojo es más rápido que el azul.,El coche rojo es más rápido que el azul.,Используй правильную сравнительную конструкцию.,active
comparativos_0055,comparativos_adjetivos,fix_error,Исправь ошибку,Corrige: Mi mochila es más pesada que la tuya.,Mi mochila es menos pesada que la tuya.,Mi mochila es menos pesada que la tuya.,Используй правильную сравнительную конструкцию.,active
comparativos_0056,comparativos_adjetivos,fix_error,Исправь ошибку,Corrige: Ana es más inteligente como Marta.,Ana es tan inteligente como Marta.,Ana es tan inteligente como Marta.,Используй правильную сравнительную конструкцию.,active
comparativos_0057,comparativos_adjetivos,fix_error,Исправь ошибку,Corrige: Hoy hace menos calor que ayer.,Hoy hace más calor que ayer.,Hoy hace más calor que ayer.,Используй правильную сравнительную конструкцию.,active
comparativos_0058,comparativos_adjetivos,fix_error,Исправь ошибку,Corrige: Este ejercicio es más difícil que el anterior.,Este ejercicio es menos difícil que el anterior.,Este ejercicio es menos difícil que el anterior.,Используй правильную сравнительную конструкцию.,active
comparativos_0059,comparativos_adjetivos,fix_error,Исправь ошибку,Corrige: Mi hermano es menos fuerte que yo.,Mi hermano es más fuerte que yo.,Mi hermano es más fuerte que yo.,Используй правильную сравнительную конструкцию.,active
comparativos_0060,comparativos_adjetivos,fix_error,Исправь ошибку,Corrige: El café es más bueno como el té.,El café es tan bueno como el té.,El café es tan bueno como el té.,Используй правильную сравнительную конструкцию.,active
comparativos_0061,comparativos_adjetivos,fix_error,Исправь ошибку,Corrige: Este hotel es menos caro que aquel.,Este hotel es más caro que aquel.,Este hotel es más caro que aquel.,Используй правильную сравнительную конструкцию.,active
comparativos_0062,comparativos_adjetivos,fix_error,Исправь ошибку,Corrige: Mi habitación es más luminosa que la tuya.,Mi habitación es menos luminosa que la tuya.,Mi habitación es menos luminosa que la tuya.,Используй правильную сравнительную конструкцию.,active
comparativos_0063,comparativos_adjetivos,fix_error,Исправь ошибку,Corrige: Pedro corre menos rápido que Luis.,Pedro corre más rápido que Luis.,Pedro corre más rápido que Luis.,Используй правильную сравнительную конструкцию.,active
comparativos_0064,comparativos_adjetivos,fix_error,Исправь ошибку,Corrige: La sopa está más caliente que ayer.,La sopa está menos caliente que ayer.,La sopa está menos caliente que ayer.,Используй правильную сравнительную конструкцию.,active
comparativos_0065,comparativos_adjetivos,fix_error,Исправь ошибку,Corrige: Este libro es más interesante como el otro.,Este libro es tan interesante como el otro.,Este libro es tan interesante como el otro.,Используй правильную сравнительную конструкцию.,active
comparativos_0066,comparativos_adjetivos,fix_error,Исправь ошибку,Corrige: La playa es menos bonita que la montaña.,La playa es más bonita que la montaña.,La playa es más bonita que la montaña.,Используй правильную сравнительную конструкцию.,active
comparativos_0067,comparativos_adjetivos,fix_error,Исправь ошибку,Corrige: El examen fue más fácil que esperaba.,El examen fue menos fácil que esperaba.,El examen fue menos fácil que esperaba.,Используй правильную сравнительную конструкцию.,active
comparativos_0068,comparativos_adjetivos,fix_error,Исправь ошибку,Corrige: Julia es más simpática como Elena.,Julia es tan simpática como Elena.,Julia es tan simpática como Elena.,Используй правильную сравнительную конструкцию.,active
comparativos_0069,comparativos_adjetivos,fix_error,Исправь ошибку,Corrige: Hoy estoy menos cansado que ayer.,Hoy estoy más cansado que ayer.,Hoy estoy más cansado que ayer.,Используй правильную сравнительную конструкцию.,active
comparativos_0070,comparativos_adjetivos,fix_error,Исправь ошибку,Corrige: Este móvil es menos moderno que el mío.,Este móvil es más moderno que el mío.,Este móvil es más moderno que el mío.,Используй правильную сравнительную конструкцию.,active
comparativos_0071,comparativos_adjetivos,fix_error,Исправь ошибку,Corrige: La bicicleta es más cara que el coche.,La bicicleta es menos cara que el coche.,La bicicleta es menos cara que el coche.,Используй правильную сравнительную конструкцию.,active
comparativos_0072,comparativos_adjetivos,fix_error,Исправь ошибку,Corrige: Este problema es más sencillo como el primero.,Este problema es tan sencillo como el primero.,Este problema es tan sencillo como el primero.,Используй правильную сравнительную конструкцию.,active
comparativos_0073,comparativos_adjetivos,fix_error,Исправь ошибку,Corrige: Mi perro es menos grande que el tuyo.,Mi perro es más grande que el tuyo.,Mi perro es más grande que el tuyo.,Используй правильную сравнительную конструкцию.,active
comparativos_0074,comparativos_adjetivos,fix_error,Исправь ошибку,Corrige: El tren es más lento que el avión.,El tren es menos lento que el avión.,El tren es menos lento que el avión.,Используй правильную сравнительную конструкцию.,active
comparativos_0075,comparativos_adjetivos,fix_error,Исправь ошибку,Corrige: Carlos es más responsable como su hermana.,Carlos es tan responsable como su hermana.,Carlos es tan responsable como su hermana.,Используй правильную сравнительную конструкцию.,active
comparativos_0076,comparativos_adjetivos,translation,Переведи на испанский,Мадрид больше Толедо.,Madrid es más grande que Toledo.,Madrid es más grande que Toledo.,,active
comparativos_0077,comparativos_adjetivos,translation,Переведи на испанский,Этот дом меньше другого.,Esta casa es menos pequeña que la otra.,Esta casa es menos pequeña que la otra.,,active
comparativos_0078,comparativos_adjetivos,translation,Переведи на испанский,"Хуан такой же высокий, как Педро.",Juan es tan alto como Pedro.,Juan es tan alto como Pedro.,,active
comparativos_0079,comparativos_adjetivos,translation,Переведи на испанский,Красная машина быстрее синей.,El coche rojo es más rápido que el azul.,El coche rojo es más rápido que el azul.,,active
comparativos_0080,comparativos_adjetivos,translation,Переведи на испанский,Мой рюкзак легче твоего.,Mi mochila es menos pesada que la tuya.,Mi mochila es menos pesada que la tuya.,,active
comparativos_0081,comparativos_adjetivos,translation,Переведи на испанский,"Ана такая же умная, как Марта.",Ana es tan inteligente como Marta.,Ana es tan inteligente como Marta.,,active
comparativos_0082,comparativos_adjetivos,translation,Переведи на испанский,"Сегодня жарче, чем вчера.",Hoy hace más calor que ayer.,Hoy hace más calor que ayer.,,active
comparativos_0083,comparativos_adjetivos,translation,Переведи на испанский,"Это упражнение менее сложное, чем предыдущее.",Este ejercicio es menos difícil que el anterior.,Este ejercicio es menos difícil que el anterior.,,active
comparativos_0084,comparativos_adjetivos,translation,Переведи на испанский,Мой брат сильнее меня.,Mi hermano es más fuerte que yo.,Mi hermano es más fuerte que yo.,,active
comparativos_0085,comparativos_adjetivos,translation,Переведи на испанский,"Кофе такой же хороший, как чай.",El café es tan bueno como el té.,El café es tan bueno como el té.,,active
comparativos_0086,comparativos_adjetivos,translation,Переведи на испанский,Этот отель дороже того.,Este hotel es más caro que aquel.,Este hotel es más caro que aquel.,,active
comparativos_0087,comparativos_adjetivos,translation,Переведи на испанский,"Моя комната менее светлая, чем твоя.",Mi habitación es menos luminosa que la tuya.,Mi habitación es menos luminosa que la tuya.,,active
comparativos_0088,comparativos_adjetivos,translation,Переведи на испанский,Педро бегает быстрее Луиса.,Pedro corre más rápido que Luis.,Pedro corre más rápido que Luis.,,active
comparativos_0089,comparativos_adjetivos,translation,Переведи на испанский,"Суп менее горячий, чем вчера.",La sopa está menos caliente que ayer.,La sopa está menos caliente que ayer.,,active
comparativos_0090,comparativos_adjetivos,translation,Переведи на испанский,"Эта книга такая же интересная, как другая.",Este libro es tan interesante como el otro.,Este libro es tan interesante como el otro.,,active
comparativos_0091,comparativos_adjetivos,translation,Переведи на испанский,Пляж красивее гор.,La playa es más bonita que la montaña.,La playa es más bonita que la montaña.,,active
comparativos_0092,comparativos_adjetivos,translation,Переведи на испанский,"Экзамен оказался легче, чем я ожидал.",El examen fue menos difícil que esperaba.,El examen fue menos difícil que esperaba.,,active
comparativos_0093,comparativos_adjetivos,translation,Переведи на испанский,"Юлия такая же приветливая, как Елена.",Julia es tan simpática como Elena.,Julia es tan simpática como Elena.,,active
comparativos_0094,comparativos_adjetivos,translation,Переведи на испанский,"Сегодня я более уставший, чем вчера.",Hoy estoy más cansado que ayer.,Hoy estoy más cansado que ayer.,,active
comparativos_0095,comparativos_adjetivos,translation,Переведи на испанский,Этот телефон современнее моего.,Este móvil es más moderno que el mío.,Este móvil es más moderno que el mío.,,active
comparativos_0096,comparativos_adjetivos,translation,Переведи на испанский,Велосипед дешевле машины.,La bicicleta es menos cara que el coche.,La bicicleta es menos cara que el coche.,,active
comparativos_0097,comparativos_adjetivos,translation,Переведи на испанский,"Эта задача такая же простая, как первая.",Este problema es tan sencillo como el primero.,Este problema es tan sencillo como el primero.,,active
comparativos_0098,comparativos_adjetivos,translation,Переведи на испанский,Моя собака больше твоей.,Mi perro es más grande que el tuyo.,Mi perro es más grande que el tuyo.,,active
comparativos_0099,comparativos_adjetivos,translation,Переведи на испанский,Поезд медленнее самолёта.,El tren es menos lento que el avión.,El tren es menos lento que el avión.,,active
comparativos_0100,comparativos_adjetivos,translation,Переведи на испанский,"Карлос такой же ответственный, как его сестра.",Carlos es tan responsable como su hermana.,Carlos es tan responsable como su hermana.,,active
adverbios_comp_0001,adverbios_comparativo,multiple_choice,Выбери правильный вариант,"Выберите правильное наречие: Él conduce ____.
Варианты: rápido / rápidamente / rápidamentee / rápida",rápidamente,rápidamente,Используйте правильную форму наречия или сравнения.,active
adverbios_comp_0002,adverbios_comparativo,multiple_choice,Выбери правильный вариант,"Выберите: Habla ____ que yo.
Варианты: más rápido / más rápidamente / mejor / tan",más rápidamente,más rápidamente,Используйте правильную форму наречия или сравнения.,active
adverbios_comp_0003,adverbios_comparativo,multiple_choice,Выбери правильный вариант,"Выберите: Ella canta ____.
Варианты: bienmente / bien / buenamente / bueno",bien,bien,Используйте правильную форму наречия или сравнения.,active
adverbios_comp_0004,adverbios_comparativo,multiple_choice,Выбери правильный вариант,"Выберите: Vamos ____.
Варианты: despaciamente / despacio / despacimente / lento",despacio,despacio,Используйте правильную форму наречия или сравнения.,active
adverbios_comp_0005,adverbios_comparativo,multiple_choice,Выбери правильный вариант,"Выберите: Él aprende ____ que antes.
Варианты: cada vez más rápidamente / muy rápido que / tan rápidamente que / más rápido de",cada vez más rápidamente,cada vez más rápidamente,Используйте правильную форму наречия или сравнения.,active
adverbios_comp_0006,adverbios_comparativo,multiple_choice,Выбери правильный вариант,"Выберите правильное наречие: Él conduce ____.
Варианты: rápido / rápidamente / rápidamentee / rápida",rápidamente,rápidamente,Используйте правильную форму наречия или сравнения.,active
adverbios_comp_0007,adverbios_comparativo,multiple_choice,Выбери правильный вариант,"Выберите: Habla ____ que yo.
Варианты: más rápido / más rápidamente / mejor / tan",más rápidamente,más rápidamente,Используйте правильную форму наречия или сравнения.,active
adverbios_comp_0008,adverbios_comparativo,multiple_choice,Выбери правильный вариант,"Выберите: Ella canta ____.
Варианты: bienmente / bien / buenamente / bueno",bien,bien,Используйте правильную форму наречия или сравнения.,active
adverbios_comp_0009,adverbios_comparativo,multiple_choice,Выбери правильный вариант,"Выберите: Vamos ____.
Варианты: despaciamente / despacio / despacimente / lento",despacio,despacio,Используйте правильную форму наречия или сравнения.,active
adverbios_comp_0010,adverbios_comparativo,multiple_choice,Выбери правильный вариант,"Выберите: Él aprende ____ que antes.
Варианты: cada vez más rápidamente / muy rápido que / tan rápidamente que / más rápido de",cada vez más rápidamente,cada vez más rápidamente,Используйте правильную форму наречия или сравнения.,active
adverbios_comp_0011,adverbios_comparativo,multiple_choice,Выбери правильный вариант,"Выберите правильное наречие: Él conduce ____.
Варианты: rápido / rápidamente / rápidamentee / rápida",rápidamente,rápidamente,Используйте правильную форму наречия или сравнения.,active
adverbios_comp_0012,adverbios_comparativo,multiple_choice,Выбери правильный вариант,"Выберите: Habla ____ que yo.
Варианты: más rápido / más rápidamente / mejor / tan",más rápidamente,más rápidamente,Используйте правильную форму наречия или сравнения.,active
adverbios_comp_0013,adverbios_comparativo,multiple_choice,Выбери правильный вариант,"Выберите: Ella canta ____.
Варианты: bienmente / bien / buenamente / bueno",bien,bien,Используйте правильную форму наречия или сравнения.,active
adverbios_comp_0014,adverbios_comparativo,multiple_choice,Выбери правильный вариант,"Выберите: Vamos ____.
Варианты: despaciamente / despacio / despacimente / lento",despacio,despacio,Используйте правильную форму наречия или сравнения.,active
adverbios_comp_0015,adverbios_comparativo,multiple_choice,Выбери правильный вариант,"Выберите: Él aprende ____ que antes.
Варианты: cada vez más rápidamente / muy rápido que / tan rápidamente que / más rápido de",cada vez más rápidamente,cada vez más rápidamente,Используйте правильную форму наречия или сравнения.,active
adverbios_comp_0016,adverbios_comparativo,multiple_choice,Выбери правильный вариант,"Выберите правильное наречие: Él conduce ____.
Варианты: rápido / rápidamente / rápidamentee / rápida",rápidamente,rápidamente,Используйте правильную форму наречия или сравнения.,active
adverbios_comp_0017,adverbios_comparativo,multiple_choice,Выбери правильный вариант,"Выберите: Habla ____ que yo.
Варианты: más rápido / más rápidamente / mejor / tan",más rápidamente,más rápidamente,Используйте правильную форму наречия или сравнения.,active
adverbios_comp_0018,adverbios_comparativo,multiple_choice,Выбери правильный вариант,"Выберите: Ella canta ____.
Варианты: bienmente / bien / buenamente / bueno",bien,bien,Используйте правильную форму наречия или сравнения.,active
adverbios_comp_0019,adverbios_comparativo,multiple_choice,Выбери правильный вариант,"Выберите: Vamos ____.
Варианты: despaciamente / despacio / despacimente / lento",despacio,despacio,Используйте правильную форму наречия или сравнения.,active
adverbios_comp_0020,adverbios_comparativo,multiple_choice,Выбери правильный вариант,"Выберите: Él aprende ____ que antes.
Варианты: cada vez más rápidamente / muy rápido que / tan rápidamente que / más rápido de",cada vez más rápidamente,cada vez más rápidamente,Используйте правильную форму наречия или сравнения.,active
adverbios_comp_0021,adverbios_comparativo,multiple_choice,Выбери правильный вариант,"Выберите правильное наречие: Él conduce ____.
Варианты: rápido / rápidamente / rápidamentee / rápida",rápidamente,rápidamente,Используйте правильную форму наречия или сравнения.,active
adverbios_comp_0022,adverbios_comparativo,multiple_choice,Выбери правильный вариант,"Выберите: Habla ____ que yo.
Варианты: más rápido / más rápidamente / mejor / tan",más rápidamente,más rápidamente,Используйте правильную форму наречия или сравнения.,active
adverbios_comp_0023,adverbios_comparativo,multiple_choice,Выбери правильный вариант,"Выберите: Ella canta ____.
Варианты: bienmente / bien / buenamente / bueno",bien,bien,Используйте правильную форму наречия или сравнения.,active
adverbios_comp_0024,adverbios_comparativo,multiple_choice,Выбери правильный вариант,"Выберите: Vamos ____.
Варианты: despaciamente / despacio / despacimente / lento",despacio,despacio,Используйте правильную форму наречия или сравнения.,active
adverbios_comp_0025,adverbios_comparativo,multiple_choice,Выбери правильный вариант,"Выберите: Él aprende ____ que antes.
Варианты: cada vez más rápidamente / muy rápido que / tan rápidamente que / más rápido de",cada vez más rápidamente,cada vez más rápidamente,Используйте правильную форму наречия или сравнения.,active
adverbios_comp_0026,adverbios_comparativo,fill_blank,Вставь пропущенное слово,Completa: Ella habla ____ (claro).,claramente,claramente,Повторите образование наречий и сравнительные конструкции.,active
adverbios_comp_0027,adverbios_comparativo,fill_blank,Вставь пропущенное слово,Completa: Pedro corre ____ que Luis.,más rápido,más rápido,Повторите образование наречий и сравнительные конструкции.,active
adverbios_comp_0028,adverbios_comparativo,fill_blank,Вставь пропущенное слово,Completa: Ana trabaja ____ (cuidadoso).,cuidadosamente,cuidadosamente,Повторите образование наречий и сравнительные конструкции.,active
adverbios_comp_0029,adverbios_comparativo,fill_blank,Вставь пропущенное слово,Completa: Este ejercicio es ____ difícil que el otro.,menos,menos,Повторите образование наречий и сравнительные конструкции.,active
adverbios_comp_0030,adverbios_comparativo,fill_blank,Вставь пропущенное слово,Completa: Mi coche es ____ de rápido ____ el tuyo.,"tan,como","tan,como",Повторите образование наречий и сравнительные конструкции.,active
adverbios_comp_0031,adverbios_comparativo,fill_blank,Вставь пропущенное слово,Completa: Ella habla ____ (claro).,claramente,claramente,Повторите образование наречий и сравнительные конструкции.,active
adverbios_comp_0032,adverbios_comparativo,fill_blank,Вставь пропущенное слово,Completa: Pedro corre ____ que Luis.,más rápido,más rápido,Повторите образование наречий и сравнительные конструкции.,active
adverbios_comp_0033,adverbios_comparativo,fill_blank,Вставь пропущенное слово,Completa: Ana trabaja ____ (cuidadoso).,cuidadosamente,cuidadosamente,Повторите образование наречий и сравнительные конструкции.,active
adverbios_comp_0034,adverbios_comparativo,fill_blank,Вставь пропущенное слово,Completa: Este ejercicio es ____ difícil que el otro.,menos,menos,Повторите образование наречий и сравнительные конструкции.,active
adverbios_comp_0035,adverbios_comparativo,fill_blank,Вставь пропущенное слово,Completa: Mi coche es ____ de rápido ____ el tuyo.,"tan,como","tan,como",Повторите образование наречий и сравнительные конструкции.,active
adverbios_comp_0036,adverbios_comparativo,fill_blank,Вставь пропущенное слово,Completa: Ella habla ____ (claro).,claramente,claramente,Повторите образование наречий и сравнительные конструкции.,active
adverbios_comp_0037,adverbios_comparativo,fill_blank,Вставь пропущенное слово,Completa: Pedro corre ____ que Luis.,más rápido,más rápido,Повторите образование наречий и сравнительные конструкции.,active
adverbios_comp_0038,adverbios_comparativo,fill_blank,Вставь пропущенное слово,Completa: Ana trabaja ____ (cuidadoso).,cuidadosamente,cuidadosamente,Повторите образование наречий и сравнительные конструкции.,active
adverbios_comp_0039,adverbios_comparativo,fill_blank,Вставь пропущенное слово,Completa: Este ejercicio es ____ difícil que el otro.,menos,menos,Повторите образование наречий и сравнительные конструкции.,active
adverbios_comp_0040,adverbios_comparativo,fill_blank,Вставь пропущенное слово,Completa: Mi coche es ____ de rápido ____ el tuyo.,"tan,como","tan,como",Повторите образование наречий и сравнительные конструкции.,active
adverbios_comp_0041,adverbios_comparativo,fill_blank,Вставь пропущенное слово,Completa: Ella habla ____ (claro).,claramente,claramente,Повторите образование наречий и сравнительные конструкции.,active
adverbios_comp_0042,adverbios_comparativo,fill_blank,Вставь пропущенное слово,Completa: Pedro corre ____ que Luis.,más rápido,más rápido,Повторите образование наречий и сравнительные конструкции.,active
adverbios_comp_0043,adverbios_comparativo,fill_blank,Вставь пропущенное слово,Completa: Ana trabaja ____ (cuidadoso).,cuidadosamente,cuidadosamente,Повторите образование наречий и сравнительные конструкции.,active
adverbios_comp_0044,adverbios_comparativo,fill_blank,Вставь пропущенное слово,Completa: Este ejercicio es ____ difícil que el otro.,menos,menos,Повторите образование наречий и сравнительные конструкции.,active
adverbios_comp_0045,adverbios_comparativo,fill_blank,Вставь пропущенное слово,Completa: Mi coche es ____ de rápido ____ el tuyo.,"tan,como","tan,como",Повторите образование наречий и сравнительные конструкции.,active
adverbios_comp_0046,adverbios_comparativo,fill_blank,Вставь пропущенное слово,Completa: Ella habla ____ (claro).,claramente,claramente,Повторите образование наречий и сравнительные конструкции.,active
adverbios_comp_0047,adverbios_comparativo,fill_blank,Вставь пропущенное слово,Completa: Pedro corre ____ que Luis.,más rápido,más rápido,Повторите образование наречий и сравнительные конструкции.,active
adverbios_comp_0048,adverbios_comparativo,fill_blank,Вставь пропущенное слово,Completa: Ana trabaja ____ (cuidadoso).,cuidadosamente,cuidadosamente,Повторите образование наречий и сравнительные конструкции.,active
adverbios_comp_0049,adverbios_comparativo,fill_blank,Вставь пропущенное слово,Completa: Este ejercicio es ____ difícil que el otro.,menos,menos,Повторите образование наречий и сравнительные конструкции.,active
adverbios_comp_0050,adverbios_comparativo,fill_blank,Вставь пропущенное слово,Completa: Mi coche es ____ de rápido ____ el tuyo.,"tan,como","tan,como",Повторите образование наречий и сравнительные конструкции.,active
adverbios_comp_0051,adverbios_comparativo,correct_mistake,Исправь ошибку,Ella habla claramente.,Ella habla claramente.,Ella habla claramente.,Исправьте форму наречия или сравнения.,active
adverbios_comp_0052,adverbios_comparativo,correct_mistake,Исправь ошибку,Juan es más mejor que Pedro.,Juan es mejor que Pedro.,Juan es mejor que Pedro.,Исправьте форму наречия или сравнения.,active
adverbios_comp_0053,adverbios_comparativo,correct_mistake,Исправь ошибку,Mi casa es tan grande que la tuya.,Mi casa es tan grande como la tuya.,Mi casa es tan grande como la tuya.,Исправьте форму наречия или сравнения.,active
adverbios_comp_0054,adverbios_comparativo,correct_mistake,Исправь ошибку,Él conduce rápida.,Él conduce rápido.,Él conduce rápido.,Исправьте форму наречия или сравнения.,active
adverbios_comp_0055,adverbios_comparativo,correct_mistake,Исправь ошибку,Cada vez más mejor.,Cada vez mejor.,Cada vez mejor.,Исправьте форму наречия или сравнения.,active
adverbios_comp_0056,adverbios_comparativo,correct_mistake,Исправь ошибку,Ella habla claramente.,Ella habla claramente.,Ella habla claramente.,Исправьте форму наречия или сравнения.,active
adverbios_comp_0057,adverbios_comparativo,correct_mistake,Исправь ошибку,Juan es más mejor que Pedro.,Juan es mejor que Pedro.,Juan es mejor que Pedro.,Исправьте форму наречия или сравнения.,active
adverbios_comp_0058,adverbios_comparativo,correct_mistake,Исправь ошибку,Mi casa es tan grande que la tuya.,Mi casa es tan grande como la tuya.,Mi casa es tan grande como la tuya.,Исправьте форму наречия или сравнения.,active
adverbios_comp_0059,adverbios_comparativo,correct_mistake,Исправь ошибку,Él conduce rápida.,Él conduce rápido.,Él conduce rápido.,Исправьте форму наречия или сравнения.,active
adverbios_comp_0060,adverbios_comparativo,correct_mistake,Исправь ошибку,Cada vez más mejor.,Cada vez mejor.,Cada vez mejor.,Исправьте форму наречия или сравнения.,active
adverbios_comp_0061,adverbios_comparativo,correct_mistake,Исправь ошибку,Ella habla claramente.,Ella habla claramente.,Ella habla claramente.,Исправьте форму наречия или сравнения.,active
adverbios_comp_0062,adverbios_comparativo,correct_mistake,Исправь ошибку,Juan es más mejor que Pedro.,Juan es mejor que Pedro.,Juan es mejor que Pedro.,Исправьте форму наречия или сравнения.,active
adverbios_comp_0063,adverbios_comparativo,correct_mistake,Исправь ошибку,Mi casa es tan grande que la tuya.,Mi casa es tan grande como la tuya.,Mi casa es tan grande como la tuya.,Исправьте форму наречия или сравнения.,active
adverbios_comp_0064,adverbios_comparativo,correct_mistake,Исправь ошибку,Él conduce rápida.,Él conduce rápido.,Él conduce rápido.,Исправьте форму наречия или сравнения.,active
adverbios_comp_0065,adverbios_comparativo,correct_mistake,Исправь ошибку,Cada vez más mejor.,Cada vez mejor.,Cada vez mejor.,Исправьте форму наречия или сравнения.,active
adverbios_comp_0066,adverbios_comparativo,correct_mistake,Исправь ошибку,Ella habla claramente.,Ella habla claramente.,Ella habla claramente.,Исправьте форму наречия или сравнения.,active
adverbios_comp_0067,adverbios_comparativo,correct_mistake,Исправь ошибку,Juan es más mejor que Pedro.,Juan es mejor que Pedro.,Juan es mejor que Pedro.,Исправьте форму наречия или сравнения.,active
adverbios_comp_0068,adverbios_comparativo,correct_mistake,Исправь ошибку,Mi casa es tan grande que la tuya.,Mi casa es tan grande como la tuya.,Mi casa es tan grande como la tuya.,Исправьте форму наречия или сравнения.,active
adverbios_comp_0069,adverbios_comparativo,correct_mistake,Исправь ошибку,Él conduce rápida.,Él conduce rápido.,Él conduce rápido.,Исправьте форму наречия или сравнения.,active
adverbios_comp_0070,adverbios_comparativo,correct_mistake,Исправь ошибку,Cada vez más mejor.,Cada vez mejor.,Cada vez mejor.,Исправьте форму наречия или сравнения.,active
adverbios_comp_0071,adverbios_comparativo,correct_mistake,Исправь ошибку,Ella habla claramente.,Ella habla claramente.,Ella habla claramente.,Исправьте форму наречия или сравнения.,active
adverbios_comp_0072,adverbios_comparativo,correct_mistake,Исправь ошибку,Juan es más mejor que Pedro.,Juan es mejor que Pedro.,Juan es mejor que Pedro.,Исправьте форму наречия или сравнения.,active
adverbios_comp_0073,adverbios_comparativo,correct_mistake,Исправь ошибку,Mi casa es tan grande que la tuya.,Mi casa es tan grande como la tuya.,Mi casa es tan grande como la tuya.,Исправьте форму наречия или сравнения.,active
adverbios_comp_0074,adverbios_comparativo,correct_mistake,Исправь ошибку,Él conduce rápida.,Él conduce rápido.,Él conduce rápido.,Исправьте форму наречия или сравнения.,active
adverbios_comp_0075,adverbios_comparativo,correct_mistake,Исправь ошибку,Cada vez más mejor.,Cada vez mejor.,Cada vez mejor.,Исправьте форму наречия или сравнения.,active
adverbios_comp_0076,adverbios_comparativo,translation,Переведи на испанский,"Он говорит медленнее, чем раньше.",Él habla más despacio que antes.,Él habla más despacio que antes.,,active
adverbios_comp_0077,adverbios_comparativo,translation,Переведи на испанский,Она поёт лучше меня.,Ella canta mejor que yo.,Ella canta mejor que yo.,,active
adverbios_comp_0078,adverbios_comparativo,translation,Переведи на испанский,Мы работаем всё быстрее.,Trabajamos cada vez más rápidamente.,Trabajamos cada vez más rápidamente.,,active
adverbios_comp_0079,adverbios_comparativo,translation,Переведи на испанский,"Этот дом такой же большой, как тот.",Esta casa es tan grande como aquella.,Esta casa es tan grande como aquella.,,active
adverbios_comp_0080,adverbios_comparativo,translation,Переведи на испанский,Ты должен говорить яснее.,Debes hablar más claramente.,Debes hablar más claramente.,,active
adverbios_comp_0081,adverbios_comparativo,translation,Переведи на испанский,"Он говорит медленнее, чем раньше.",Él habla más despacio que antes.,Él habla más despacio que antes.,,active
adverbios_comp_0082,adverbios_comparativo,translation,Переведи на испанский,Она поёт лучше меня.,Ella canta mejor que yo.,Ella canta mejor que yo.,,active
adverbios_comp_0083,adverbios_comparativo,translation,Переведи на испанский,Мы работаем всё быстрее.,Trabajamos cada vez más rápidamente.,Trabajamos cada vez más rápidamente.,,active
adverbios_comp_0084,adverbios_comparativo,translation,Переведи на испанский,"Этот дом такой же большой, как тот.",Esta casa es tan grande como aquella.,Esta casa es tan grande como aquella.,,active
adverbios_comp_0085,adverbios_comparativo,translation,Переведи на испанский,Ты должен говорить яснее.,Debes hablar más claramente.,Debes hablar más claramente.,,active
adverbios_comp_0086,adverbios_comparativo,translation,Переведи на испанский,"Он говорит медленнее, чем раньше.",Él habla más despacio que antes.,Él habla más despacio que antes.,,active
adverbios_comp_0087,adverbios_comparativo,translation,Переведи на испанский,Она поёт лучше меня.,Ella canta mejor que yo.,Ella canta mejor que yo.,,active
adverbios_comp_0088,adverbios_comparativo,translation,Переведи на испанский,Мы работаем всё быстрее.,Trabajamos cada vez más rápidamente.,Trabajamos cada vez más rápidamente.,,active
adverbios_comp_0089,adverbios_comparativo,translation,Переведи на испанский,"Этот дом такой же большой, как тот.",Esta casa es tan grande como aquella.,Esta casa es tan grande como aquella.,,active
adverbios_comp_0090,adverbios_comparativo,translation,Переведи на испанский,Ты должен говорить яснее.,Debes hablar más claramente.,Debes hablar más claramente.,,active
adverbios_comp_0091,adverbios_comparativo,translation,Переведи на испанский,"Он говорит медленнее, чем раньше.",Él habla más despacio que antes.,Él habla más despacio que antes.,,active
adverbios_comp_0092,adverbios_comparativo,translation,Переведи на испанский,Она поёт лучше меня.,Ella canta mejor que yo.,Ella canta mejor que yo.,,active
adverbios_comp_0093,adverbios_comparativo,translation,Переведи на испанский,Мы работаем всё быстрее.,Trabajamos cada vez más rápidamente.,Trabajamos cada vez más rápidamente.,,active
adverbios_comp_0094,adverbios_comparativo,translation,Переведи на испанский,"Этот дом такой же большой, как тот.",Esta casa es tan grande como aquella.,Esta casa es tan grande como aquella.,,active
adverbios_comp_0095,adverbios_comparativo,translation,Переведи на испанский,Ты должен говорить яснее.,Debes hablar más claramente.,Debes hablar más claramente.,,active
adverbios_comp_0096,adverbios_comparativo,translation,Переведи на испанский,"Он говорит медленнее, чем раньше.",Él habla más despacio que antes.,Él habla más despacio que antes.,,active
adverbios_comp_0097,adverbios_comparativo,translation,Переведи на испанский,Она поёт лучше меня.,Ella canta mejor que yo.,Ella canta mejor que yo.,,active
adverbios_comp_0098,adverbios_comparativo,translation,Переведи на испанский,Мы работаем всё быстрее.,Trabajamos cada vez más rápidamente.,Trabajamos cada vez más rápidamente.,,active
adverbios_comp_0099,adverbios_comparativo,translation,Переведи на испанский,"Этот дом такой же большой, как тот.",Esta casa es tan grande como aquella.,Esta casa es tan grande como aquella.,,active
adverbios_comp_0100,adverbios_comparativo,translation,Переведи на испанский,Ты должен говорить яснее.,Debes hablar más claramente.,Debes hablar más claramente.,,active
