item_id,topic_id,spanish,russian,item_type,gender,number,tags,example_es,example_ru,accepted_answers_es,accepted_answers_ru,explanation,status
v0001,general_library,último,последний,word,,,tekst_o_messi,,,último,последний,Импортировано из блока «Текст о Месси»,active
v0002,general_library,aficionado,любитель,word,,,tekst_o_messi,,,aficionado,любитель,Импортировано из блока «Текст о Месси»,active
v0003,general_library,patrimonio,наследие,word,,,tekst_o_messi,,,patrimonio,наследие,Импортировано из блока «Текст о Месси»,active
v0004,general_library,origen,происхождение,word,,,tekst_o_messi,,,origen,происхождение,Импортировано из блока «Текст о Месси»,active
v0005,general_library,humilde,скромный,word,,,tekst_o_messi,,,humilde,скромный,Импортировано из блока «Текст о Месси»,active
v0006,general_library,apodar,прозвать,word,,,tekst_o_messi,,,apodar,прозвать,Импортировано из блока «Текст о Месси»,active
v0007,general_library,poseer,обладать,word,,,tekst_o_messi,,,poseer,обладать,Импортировано из блока «Текст о Месси»,active
v0008,general_library,condición,качество,word,,,tekst_o_messi,,,condición,качество,Импортировано из блока «Текст о Месси»,active
v0009,general_library,crecimiento,рост,word,,,tekst_o_messi,,,crecimiento,рост,Импортировано из блока «Текст о Месси»,active
v0010,general_library,peso,масса,word,,,tekst_o_messi,,,peso,масса,Импортировано из блока «Текст о Месси»,active
v0011,general_library,esfuerzo,старание,word,,,tekst_o_messi,,,esfuerzo,старание,Импортировано из блока «Текст о Месси»,active
v0012,general_library,merecer,заслуживать,word,,,tekst_o_messi,,,merecer,заслуживать,Импортировано из блока «Текст о Месси»,active
v0013,general_library,impedimento,препятствие,word,,,tekst_o_messi,,,impedimento,препятствие,Импортировано из блока «Текст о Месси»,active
v0014,general_library,zurdo,левша,word,,,tekst_o_messi,,,zurdo,левша,Импортировано из блока «Текст о Месси»,active
v0015,general_library,diestro,правша,word,,,tekst_o_messi,,,diestro,правша,Импортировано из блока «Текст о Месси»,active
v0016,general_library,ostentoso,роскошный,word,,,tekst_o_messi,,,ostentoso,роскошный,Импортировано из блока «Текст о Месси»,active
v0017,general_library,sorprender,удивить,word,,,tekst_o_messi,,,sorprender,удивить,Импортировано из блока «Текст о Месси»,active
v0018,general_library,destacar,подчеркнуть,word,,,tekst_o_messi,,,destacar,подчеркнуть,Импортировано из блока «Текст о Месси»,active
v0019,general_library,ventaja,преимущество,word,,,tekst_o_messi,,,ventaja,преимущество,Импортировано из блока «Текст о Месси»,active
v0020,general_library,dejar,оставить,word,,,tekst_o_messi,,,dejar,оставить,Импортировано из блока «Текст о Месси»,active
v0021,general_library,salud,здоровье,word,,,tekst_o_messi,,,salud,здоровье,Импортировано из блока «Текст о Месси»,active
v0022,general_library,encarar,противостоять,word,,,tekst_o_messi,,,encarar,противостоять,Импортировано из блока «Текст о Месси»,active
v0023,general_library,apasionar,увлечь,word,,,tekst_o_messi,,,apasionar,увлечь,Импортировано из блока «Текст о Месси»,active
v0024,general_library,perseverancia,настойчивость,word,,,tekst_o_messi,,,perseverancia,настойчивость,Импортировано из блока «Текст о Месси»,active
v0025,general_library,lograr,достигнуть,word,,,tekst_o_messi,,,lograr,достигнуть,Импортировано из блока «Текст о Месси»,active
v0026,general_library,oler,пахнуть,word,,,novye_slova_aprel,,,oler,пахнуть,Импортировано из блока «Новые слова апрель»,active
v0027,general_library,suerte,удача,word,,,novye_slova_aprel,,,suerte,удача,Импортировано из блока «Новые слова апрель»,active
v0028,general_library,nena,детка,word,,,novye_slova_aprel,,,nena,детка,Импортировано из блока «Новые слова апрель»,active
v0029,general_library,gorra,кепка,word,,,novye_slova_aprel,,,gorra,кепка,Импортировано из блока «Новые слова апрель»,active
v0030,general_library,diseño,дизайн,word,,,novye_slova_aprel,,,diseño,дизайн,Импортировано из блока «Новые слова апрель»,active
v0031,general_library,calidad,качество,word,,,novye_slova_aprel,,,calidad,качество,Импортировано из блока «Новые слова апрель»,active
v0032,general_library,pertenecer,принадлежать,word,,,novye_slova_aprel,,,pertenecer,принадлежать,Импортировано из блока «Новые слова апрель»,active
v0033,general_library,dirigir,направлять,word,,,novye_slova_aprel,,,dirigir,направлять,Импортировано из блока «Новые слова апрель»,active
v0034,general_library,hogar,дом,word,,,novye_slova_aprel,,,hogar,дом,Импортировано из блока «Новые слова апрель»,active
v0035,general_library,tratar de,пытаться что-то сделать,phrase,,,novye_slova_aprel,,,tratar de,пытаться что-то сделать,Импортировано из блока «Новые слова апрель»,active
v0036,general_library,cita,свидание,word,,,novye_slova_aprel,,,cita,свидание,Импортировано из блока «Новые слова апрель»,active
v0037,general_library,justo,справедливо,word,,,novye_slova_aprel,,,justo,справедливо,Импортировано из блока «Новые слова апрель»,active
v0038,general_library,acabar,закончить,word,,,novye_slova_aprel,,,acabar,закончить,Импортировано из блока «Новые слова апрель»,active
v0039,general_library,bajar,опустить,word,,,novye_slova_aprel,,,bajar,опустить,Импортировано из блока «Новые слова апрель»,active
v0040,general_library,chocar,врезаться,word,,,novye_slova_aprel,,,chocar,врезаться,Импортировано из блока «Новые слова апрель»,active
v0041,general_library,dimitir,уйти,word,,,novye_slova_aprel,,,dimitir,уйти,Импортировано из блока «Новые слова апрель»,active
v0042,general_library,ganar,выиграть,word,,,novye_slova_aprel,,,ganar,выиграть,Импортировано из блока «Новые слова апрель»,active
v0043,general_library,morir,умереть,word,,,novye_slova_aprel,,,morir,умереть,Импортировано из блока «Новые слова апрель»,active
v0044,general_library,subir,подняться,word,,,novye_slova_aprel,,,subir,подняться,Импортировано из блока «Новые слова апрель»,active
v0045,general_library,perder,проиграть,word,,,novye_slova_aprel,,,perder,проиграть,Импортировано из блока «Новые слова апрель»,active
v0046,general_library,mostrar,показать,word,,,novye_slova_aprel,,,mostrar,показать,Импортировано из блока «Новые слова апрель»,active
v0047,general_library,enviar,отправить,word,,,novye_slova_aprel,,,enviar,отправить,Импортировано из блока «Новые слова апрель»,active
v0048,general_library,pastel,десерт,word,,,lola_lago_5,,,pastel,десерт,Импортировано из блока «Lola Lago 5»,active
v0049,general_library,madrugar,просыпаться рано,word,,,lola_lago_5,,,madrugar,просыпаться рано,Импортировано из блока «Lola Lago 5»,active
v0050,general_library,manzana,яблоко,word,,,lola_lago_5,,,manzana,яблоко,Импортировано из блока «Lola Lago 5»,active
v0051,general_library,dinero,деньги,word,,,lola_lago_5,,,dinero,деньги,Импортировано из блока «Lola Lago 5»,active
v0052,general_library,árbol,дерево,word,,,lola_lago_5,,,árbol,дерево,Импортировано из блока «Lola Lago 5»,active
v0053,general_library,ofrecer,предлагать,word,,,lola_lago_5,,,ofrecer,предлагать,Импортировано из блока «Lola Lago 5»,active
v0054,general_library,barato,дешевый,word,,,lola_lago_5,,,barato,дешевый,Импортировано из блока «Lola Lago 5»,active
v0055,general_library,enseguida,тотчас,word,,,lola_lago_5,,,enseguida,тотчас,Импортировано из блока «Lola Lago 5»,active
v0056,general_library,salir,выйти,word,,,lola_lago_5,,,salir,выйти,Импортировано из блока «Lola Lago 5»,active
v0057,general_library,oscuro,темный,word,,,lola_lago_5,,,oscuro,темный,Импортировано из блока «Lola Lago 5»,active
v0058,general_library,luminoso,светлый,word,,,lola_lago_5,,,luminoso,светлый,Импортировано из блока «Lola Lago 5»,active
v0059,general_library,tomar,взять,word,,,lola_lago_5,,,tomar,взять,Импортировано из блока «Lola Lago 5»,active
v0060,general_library,ley,закон,word,,,lola_lago_5,,,ley,закон,Импортировано из блока «Lola Lago 5»,active
v0061,general_library,nadie,никто,word,,,lola_lago_5,,,nadie,никто,Импортировано из блока «Lola Lago 5»,active
v0062,general_library,peligros,опасность,word,,,lola_lago_5,,,peligros,опасность,Импортировано из блока «Lola Lago 5»,active
v0063,general_library,peligroso,опасный,word,,,lola_lago_5,,,peligroso,опасный,Импортировано из блока «Lola Lago 5»,active
v0064,general_library,sonrisa,улыбка,word,,,lola_lago_5,,,sonrisa,улыбка,Импортировано из блока «Lola Lago 5»,active
v0065,general_library,entonces,тогда,word,,,lola_lago_5,,,entonces,тогда,Импортировано из блока «Lola Lago 5»,active
v0066,general_library,alguien,кто-то,word,,,lola_lago_5,,,alguien,кто-то,Импортировано из блока «Lola Lago 5»,active
v0067,general_library,esconder,прятать,word,,,lola_lago_5,,,esconder,прятать,Импортировано из блока «Lola Lago 5»,active
v0068,general_library,mientras,тем временем,word,,,lola_lago_5,,,mientras,тем временем,Импортировано из блока «Lola Lago 5»,active
v0069,general_library,matar,убить,word,,,lola_lago_5,,,matar,убить,Импортировано из блока «Lola Lago 5»,active
v0070,general_library,triste,грустный,word,,,lola_lago_5,,,triste,грустный,Импортировано из блока «Lola Lago 5»,active
v0071,general_library,colgar,повесить,word,,,lola_lago_5,,,colgar,повесить,Импортировано из блока «Lola Lago 5»,active
v0072,general_library,grave,серьезный,word,,,lola_lago_5,,,grave,серьезный,Импортировано из блока «Lola Lago 5»,active
v0073,general_library,exagerar,преувеличивать,word,,,lola_lago_5,,,exagerar,преувеличивать,Импортировано из блока «Lola Lago 5»,active
v0074,general_library,seguir,продолжать,word,,,lola_lago_5,,,seguir,продолжать,Импортировано из блока «Lola Lago 5»,active
v0075,general_library,poca,мало,word,,,lola_lago_5,,,poca,мало,Импортировано из блока «Lola Lago 5»,active
v0076,general_library,agua,вода,word,,,lola_lago_5,,,agua,вода,Импортировано из блока «Lola Lago 5»,active
v0077,general_library,hacia,к,word,,,lola_lago_5,,,hacia,к,Импортировано из блока «Lola Lago 5»,active
v0078,general_library,tirar,потянуть,word,,,lola_lago_5,,,tirar,потянуть,Импортировано из блока «Lola Lago 5»,active
v0079,general_library,ahogar,заглушить,word,,,lola_lago_5,,,ahogar,заглушить,Импортировано из блока «Lola Lago 5»,active
v0080,general_library,tragar,глотать,word,,,lola_lago_5,,,tragar,глотать,Импортировано из блока «Lola Lago 5»,active
v0081,general_library,sacar,вытащить,word,,,lola_lago_5,,,sacar,вытащить,Импортировано из блока «Lola Lago 5»,active
v0082,general_library,brazo,рука,word,,,lola_lago_5,,,brazo,рука,Импортировано из блока «Lola Lago 5»,active
v0083,general_library,tos,кашель,word,,,lola_lago_5,,,tos,кашель,Импортировано из блока «Lola Lago 5»,active
v0084,general_library,arena,песок,word,,,lola_lago_5,,,arena,песок,Импортировано из блока «Lola Lago 5»,active
v0085,general_library,fuerte,сильный,word,,,lola_lago_5,,,fuerte,сильный,Импортировано из блока «Lola Lago 5»,active
v0086,general_library,marear,закружить,word,,,lola_lago_5,,,marear,закружить,Импортировано из блока «Lola Lago 5»,active
v0087,general_library,bolsillo,карман,word,,,lola_lago_5,,,bolsillo,карман,Импортировано из блока «Lola Lago 5»,active
v0088,general_library,cena,ужин,word,,,lola_lago_4,,,cena,ужин,Импортировано из блока «Lola lago 4»,active
v0089,general_library,cama,кровать,word,,,lola_lago_4,,,cama,кровать,Импортировано из блока «Lola lago 4»,active
v0090,general_library,novio,возлюбленный,word,,,lola_lago_4,,,novio,возлюбленный,Импортировано из блока «Lola lago 4»,active
v0091,general_library,casualidad,случайность,word,,,lola_lago_4,,,casualidad,случайность,Импортировано из блока «Lola lago 4»,active
v0092,general_library,direccion,адрес,word,,,lola_lago_4,,,direccion,адрес,Импортировано из блока «Lola lago 4»,active
v0093,general_library,mandar,приказать,word,,,lola_lago_4,,,mandar,приказать,Импортировано из блока «Lola lago 4»,active
v0094,general_library,contrato,контракт,word,,,lola_lago_4,,,contrato,контракт,Импортировано из блока «Lola lago 4»,active
v0095,general_library,sentir,чувствовать,word,,,lola_lago_4,,,sentir,чувствовать,Импортировано из блока «Lola lago 4»,active
v0096,general_library,fruta,фрукты,word,,,lola_lago_4,,,fruta,фрукты,Импортировано из блока «Lola lago 4»,active
v0097,general_library,verdura,овощи,word,,,lola_lago_4,,,verdura,овощи,Импортировано из блока «Lola lago 4»,active
v0098,general_library,pescado,рыба,word,,,lola_lago_4,,,pescado,рыба,Импортировано из блока «Lola lago 4»,active
v0099,general_library,barba,борода,word,,,lola_lago_4,,,barba,борода,Импортировано из блока «Lola lago 4»,active
v0100,general_library,cara,лицо,word,,,lola_lago_4,,,cara,лицо,Импортировано из блока «Lola lago 4»,active
v0101,general_library,cortar,резать,word,,,lola_lago_4,,,cortar,резать,Импортировано из блока «Lola lago 4»,active
v0102,general_library,engordar,жиреть,word,,,lola_lago_4,,,engordar,жиреть,Импортировано из блока «Lola lago 4»,active
v0103,general_library,contestar,ответить,word,,,lola_lago_4,,,contestar,ответить,Импортировано из блока «Lola lago 4»,active
v0104,general_library,mediodía,полдень,word,,,lola_lago_4,,,mediodía,полдень,Импортировано из блока «Lola lago 4»,active
v0105,general_library,gente,человек,word,,,lola_lago_4,,,gente,человек,Импортировано из блока «Lola lago 4»,active
v0106,general_library,invertir,инвестировать,word,,,lola_lago_4,,,invertir,инвестировать,Импортировано из блока «Lola lago 4»,active
v0107,general_library,acordar,соглашаться,word,,,lola_lago_4,,,acordar,соглашаться,Импортировано из блока «Lola lago 4»,active
v0108,general_library,empresa,компания,word,,,lola_lago_4,,,empresa,компания,Импортировано из блока «Lola lago 4»,active
v0109,general_library,copiar,скопировать,word,,,lola_lago_4,,,copiar,скопировать,Импортировано из блока «Lola lago 4»,active
v0110,general_library,receta,рецепт,word,,,lola_lago_4,,,receta,рецепт,Импортировано из блока «Lola lago 4»,active
v0111,general_library,bombon,конфета,word,,,lola_lago_4,,,bombon,конфета,Импортировано из блока «Lola lago 4»,active
v0112,general_library,encantar,очень нравиться,word,,,lola_lago_4,,,encantar,очень нравиться,Импортировано из блока «Lola lago 4»,active
v0113,general_library,bigote,усы,word,,,lola_lago_4,,,bigote,усы,Импортировано из блока «Lola lago 4»,active
v0114,general_library,dibujar,рисовать,word,,,lola_lago_4,,,dibujar,рисовать,Импортировано из блока «Lola lago 4»,active
v0115,general_library,puente,мост,word,,,lola_lago_4,,,puente,мост,Импортировано из блока «Lola lago 4»,active
v0116,general_library,té,чай,word,,,lola_lago_4,,,té,чай,Импортировано из блока «Lola lago 4»,active
v0117,general_library,linda,милая,word,,,lola_lago_4,,,linda,милая,Импортировано из блока «Lola lago 4»,active
v0118,general_library,preciosa,милая (2),word,,,lola_lago_4,,,preciosa,милая (2),Импортировано из блока «Lola lago 4»,active
v0119,general_library,noticias,новости,word,,,lola_lago_4,,,noticias,новости,Импортировано из блока «Lola lago 4»,active
v0120,general_library,limpiar,чистить,word,,,lola_lago_4,,,limpiar,чистить,Импортировано из блока «Lola lago 4»,active
v0121,general_library,tocar la,играть на инструменте,phrase,,,lola_lago_4,,,tocar la,играть на инструменте,Импортировано из блока «Lola lago 4»,active
v0122,general_library,a veces,иногда,phrase,,,lola_lago_4,,,a veces,иногда,Импортировано из блока «Lola lago 4»,active
v0123,general_library,pescar,рыбачить,word,,,lola_lago_4,,,pescar,рыбачить,Импортировано из блока «Lola lago 4»,active
v0124,general_library,muebles,мебель,word,,,lola_lago_4,,,muebles,мебель,Импортировано из блока «Lola lago 4»,active
v0125,general_library,quemar,сжигать,word,,,lola_lago_4,,,quemar,сжигать,Импортировано из блока «Lola lago 4»,active
v0126,general_library,de pronto,вдруг,phrase,,,lola_lago_4,,,de pronto,вдруг,Импортировано из блока «Lola lago 4»,active
v0127,general_library,hoguera,костер,word,,,lola_lago_4,,,hoguera,костер,Импортировано из блока «Lola lago 4»,active
v0128,general_library,ejecutivo,менеджер,word,,,lola_lago_3,,,ejecutivo,менеджер,Импортировано из блока «Lola Lago 3»,active
v0129,general_library,azafata,стюардесса,word,,,lola_lago_3,,,azafata,стюардесса,Импортировано из блока «Lola Lago 3»,active
v0130,general_library,controladores,диспетчер,word,,,lola_lago_3,,,controladores,диспетчер,Импортировано из блока «Lola Lago 3»,active
v0131,general_library,huelga,забастовка,word,,,lola_lago_3,,,huelga,забастовка,Импортировано из блока «Lola Lago 3»,active
v0132,general_library,esperar,ожидать,word,,,lola_lago_3,,,esperar,ожидать,Импортировано из блока «Lola Lago 3»,active
v0133,general_library,revista,журнал,word,,,lola_lago_3,,,revista,журнал,Импортировано из блока «Lola Lago 3»,active
v0134,general_library,pelo,волос,word,,,lola_lago_3,,,pelo,волос,Импортировано из блока «Lola Lago 3»,active
v0135,general_library,pasar,происходить,word,,,lola_lago_3,,,pasar,происходить,Импортировано из блока «Lola Lago 3»,active
v0136,general_library,aviso,уведомление,word,,,lola_lago_3,,,aviso,уведомление,Импортировано из блока «Lola Lago 3»,active
v0137,general_library,levantar,поднять,word,,,lola_lago_3,,,levantar,поднять,Импортировано из блока «Lola Lago 3»,active
v0138,general_library,quedado,пассивный,word,,,lola_lago_3,,,quedado,пассивный,Импортировано из блока «Lola Lago 3»,active
v0139,general_library,mejor,лучший,word,,,lola_lago_3,,,mejor,лучший,Импортировано из блока «Lola Lago 3»,active
v0140,general_library,amable,приветливый,word,,,lola_lago_3,,,amable,приветливый,Импортировано из блока «Lola Lago 3»,active
v0141,general_library,demasiado,слишком,word,,,lola_lago_3,,,demasiado,слишком,Импортировано из блока «Lola Lago 3»,active
v0142,general_library,mostrador,стойка,word,,,lola_lago_3,,,mostrador,стойка,Импортировано из блока «Lola Lago 3»,active
v0143,general_library,sorpresa,сюрприз,word,,,lola_lago_3,,,sorpresa,сюрприз,Импортировано из блока «Lola Lago 3»,active
v0144,general_library,desagradable,неприятный,word,,,lola_lago_3,,,desagradable,неприятный,Импортировано из блока «Lola Lago 3»,active
v0145,general_library,seguro,уверен,word,,,lola_lago_3,,,seguro,уверен,Импортировано из блока «Lola Lago 3»,active
v0146,general_library,sentar,сидеть,word,,,lola_lago_3,,,sentar,сидеть,Импортировано из блока «Lola Lago 3»,active
v0147,general_library,algunos,некоторые,word,,,lola_lago_3,,,algunos,некоторые,Импортировано из блока «Lola Lago 3»,active
v0148,general_library,luego,затем,word,,,lola_lago_3,,,luego,затем,Импортировано из блока «Lola Lago 3»,active
v0149,general_library,agradable,приятный,word,,,lola_lago_3,,,agradable,приятный,Импортировано из блока «Lola Lago 3»,active
v0150,general_library,viudo,вдова,word,,,lola_lago_3,,,viudo,вдова,Импортировано из блока «Lola Lago 3»,active
v0151,general_library,soltero,холостой,word,,,lola_lago_3,,,soltero,холостой,Импортировано из блока «Lola Lago 3»,active
v0152,general_library,paisaje,пейзаж,word,,,lola_lago_3,,,paisaje,пейзаж,Импортировано из блока «Lola Lago 3»,active
v0153,general_library,paseo,прогулка,word,,,lola_lago_3,,,paseo,прогулка,Импортировано из блока «Lola Lago 3»,active
v0154,general_library,lentamente,медленно,word,,,lola_lago_3,,,lentamente,медленно,Импортировано из блока «Lola Lago 3»,active
v0155,general_library,quizá,возможно,word,,,lola_lago_3,,,quizá,возможно,Импортировано из блока «Lola Lago 3»,active
v0156,general_library,tonteria,глупость,word,,,lola_lago_3,,,tonteria,глупость,Импортировано из блока «Lola Lago 3»,active
v0157,general_library,habitacion,номер,word,,,lola_lago_3,,,habitacion,номер,Импортировано из блока «Lola Lago 3»,active
v0158,general_library,bañar,купать,word,,,lola_lago_3,,,bañar,купать,Импортировано из блока «Lola Lago 3»,active
v0159,general_library,vestido,платье,word,,,lola_lago_3,,,vestido,платье,Импортировано из блока «Lola Lago 3»,active
v0160,general_library,espejo,зеркало,word,,,lola_lago_3,,,espejo,зеркало,Импортировано из блока «Lola Lago 3»,active
v0161,general_library,timidamente,робко,word,,,lola_lago_3,,,timidamente,робко,Импортировано из блока «Lola Lago 3»,active
v0162,general_library,residencial,жилой,word,,,lola_lago_3,,,residencial,жилой,Импортировано из блока «Lola Lago 3»,active
v0163,general_library,mercado,рынок,word,,,lola_lago_3,,,mercado,рынок,Импортировано из блока «Lola Lago 3»,active
v0164,general_library,molestia,неудобство,word,,,lola_lago_3,,,molestia,неудобство,Импортировано из блока «Lola Lago 3»,active
v0165,general_library,marisco,моллюск,word,,,lola_lago_3,,,marisco,моллюск,Импортировано из блока «Lola Lago 3»,active
v0166,general_library,gambas,креветки,word,,,lola_lago_3,,,gambas,креветки,Импортировано из блока «Lola Lago 3»,active
v0167,general_library,pollo,курица,word,,,lola_lago_3,,,pollo,курица,Импортировано из блока «Lola Lago 3»,active
v0168,general_library,callar,молчать,word,,,lola_lago_3,,,callar,молчать,Импортировано из блока «Lola Lago 3»,active
v0169,general_library,quedar,остаться,word,,,lola_lago_3,,,quedar,остаться,Импортировано из блока «Lola Lago 3»,active
v0170,general_library,serios,серьезный,word,,,lola_lago_3,,,serios,серьезный,Импортировано из блока «Lola Lago 3»,active
v0171,general_library,explica,объяснил,word,,,lola_lago_3,,,explica,объяснил,Импортировано из блока «Lola Lago 3»,active
v0172,general_library,jardín,сад,word,,,lola_lago_3,,,jardín,сад,Импортировано из блока «Lola Lago 3»,active
v0173,general_library,precio,цена,word,,,lola_lago_3,,,precio,цена,Импортировано из блока «Lola Lago 3»,active
v0174,general_library,negocio,сделка,word,,,lola_lago_3,,,negocio,сделка,Импортировано из блока «Lola Lago 3»,active
v0175,general_library,organizar,организовывать,word,,,lola_lago_3,,,organizar,организовывать,Импортировано из блока «Lola Lago 3»,active
v0176,general_library,gerente,управляющий,word,,,lola_lago_3,,,gerente,управляющий,Импортировано из блока «Lola Lago 3»,active
v0177,general_library,un tal,некто,phrase,,,lola_lago_3,,,un tal,некто,Импортировано из блока «Lola Lago 3»,active
v0178,general_library,mes,месяц,word,,,lola_lago_3,,,mes,месяц,Импортировано из блока «Lola Lago 3»,active
v0179,general_library,ahorrar,сберегать,word,,,lola_lago_3,,,ahorrar,сберегать,Импортировано из блока «Lola Lago 3»,active
v0180,general_library,tarjeta,карточка,word,,,lola_lago_3,,,tarjeta,карточка,Импортировано из блока «Lola Lago 3»,active
v0181,general_library,alquilar,арендовать,word,,,lola_lago_3,,,alquilar,арендовать,Импортировано из блока «Lola Lago 3»,active
v0182,general_library,beso,поцелуй,word,,,lola_lago_3,,,beso,поцелуй,Импортировано из блока «Lola Lago 3»,active
v0183,general_library,piedra,камень,word,,,lola_lago_3,,,piedra,камень,Импортировано из блока «Lola Lago 3»,active
v0184,general_library,robar,украсть,word,,,lola_lago_3,,,robar,украсть,Импортировано из блока «Lola Lago 3»,active
v0185,general_library,estafar,обмануть,word,,,lola_lago_3,,,estafar,обмануть,Импортировано из блока «Lola Lago 3»,active
v0186,general_library,pobre,бедный,word,,,lola_lago_3,,,pobre,бедный,Импортировано из блока «Lola Lago 3»,active
v0187,general_library,immobillarios,недвижимость,word,,,lola_lago_3,,,immobillarios,недвижимость,Импортировано из блока «Lola Lago 3»,active
v0188,general_library,feliz,счастливый,word,,,lola_lago_3,,,feliz,счастливый,Импортировано из блока «Lola Lago 3»,active
v0189,general_library,escuela,школа,word,,,lola_lago_3,,,escuela,школа,Импортировано из блока «Lola Lago 3»,active
v0190,general_library,entrar,вступить,word,,,lola_lago_2,,,entrar,вступить,Импортировано из блока «Lola Lago 2»,active
v0191,general_library,reírse,смеяться,word,,,lola_lago_2,,,reírse,смеяться,Импортировано из блока «Lola Lago 2»,active
v0192,general_library,al lado,рядом,phrase,,,lola_lago_2,,,al lado,рядом,Импортировано из блока «Lola Lago 2»,active
v0193,general_library,un poco,немного,phrase,,,lola_lago_2,,,un poco,немного,Импортировано из блока «Lola Lago 2»,active
v0194,general_library,despacho,кабинет,word,,,lola_lago_2,,,despacho,кабинет,Импортировано из блока «Lola Lago 2»,active
v0195,general_library,soportar,поддерживать,word,,,lola_lago_2,,,soportar,поддерживать,Импортировано из блока «Lola Lago 2»,active
v0196,general_library,simple,простой,word,,,lola_lago_2,,,simple,простой,Импортировано из блока «Lola Lago 2»,active
v0197,general_library,raro,редкий,word,,,lola_lago_2,,,raro,редкий,Импортировано из блока «Lola Lago 2»,active
v0198,general_library,impuestos,налоги,word,,,lola_lago_2,,,impuestos,налоги,Импортировано из блока «Lola Lago 2»,active
v0199,general_library,pagar,платить,word,,,lola_lago_2,,,pagar,платить,Импортировано из блока «Lola Lago 2»,active
v0200,general_library,tarde,поздно,word,,,lola_lago_2,,,tarde,поздно,Импортировано из блока «Lola Lago 2»,active
v0201,general_library,además,кроме,word,,,lola_lago_2,,,además,кроме,Импортировано из блока «Lola Lago 2»,active
v0202,general_library,siempre,всегда,word,,,lola_lago_2,,,siempre,всегда,Импортировано из блока «Lola Lago 2»,active
v0203,general_library,enamorar,влюбить,word,,,lola_lago_2,,,enamorar,влюбить,Импортировано из блока «Lola Lago 2»,active
v0204,general_library,calvo,лысенький,word,,,lola_lago_2,,,calvo,лысенький,Импортировано из блока «Lola Lago 2»,active
v0205,general_library,ahora,сейчас,word,,,lola_lago_2,,,ahora,сейчас,Импортировано из блока «Lola Lago 2»,active
v0206,general_library,serio,серьезный,word,,,lola_lago_2,,,serio,серьезный,Импортировано из блока «Lola Lago 2»,active
v0207,general_library,guapo,красавчик,word,,,lola_lago_2,,,guapo,красавчик,Импортировано из блока «Lola Lago 2»,active
v0208,general_library,época,эпоха,word,,,lola_lago_2,,,época,эпоха,Импортировано из блока «Lola Lago 2»,active
v0209,general_library,junto,вместе,word,,,lola_lago_2,,,junto,вместе,Импортировано из блока «Lola Lago 2»,active
v0210,general_library,amistad,дружба,word,,,lola_lago_2,,,amistad,дружба,Импортировано из блока «Lola Lago 2»,active
v0211,general_library,extranjero,иностранный,word,,,lola_lago_2,,,extranjero,иностранный,Импортировано из блока «Lola Lago 2»,active
v0212,general_library,casado,женатый,word,,,lola_lago_2,,,casado,женатый,Импортировано из блока «Lola Lago 2»,active
v0213,general_library,descansar,отдыхать,word,,,lola_lago_2,,,descansar,отдыхать,Импортировано из блока «Lola Lago 2»,active
v0214,general_library,vale,хорошо,word,,,lola_lago_2,,,vale,хорошо,Импортировано из блока «Lola Lago 2»,active
v0215,general_library,encontrar,находиться,word,,,lola_lago_2,,,encontrar,находиться,Импортировано из блока «Lola Lago 2»,active
v0216,general_library,vuelo,рейс,word,,,lola_lago_2,,,vuelo,рейс,Импортировано из блока «Lola Lago 2»,active
v0217,general_library,apetecer,хотеться,word,,,lola_lago_2,,,apetecer,хотеться,Импортировано из блока «Lola Lago 2»,active
v0218,general_library,mar,море,word,,,lola_lago_2,,,mar,море,Импортировано из блока «Lola Lago 2»,active
v0219,general_library,pensar,думать,word,,,lola_lago_2,,,pensar,думать,Импортировано из блока «Lola Lago 2»,active
v0220,general_library,canción,песня,word,,,lola_lago_2,,,canción,песня,Импортировано из блока «Lola Lago 2»,active
v0221,general_library,bolso,сумка,word,,,lola_lago_2,,,bolso,сумка,Импортировано из блока «Lola Lago 2»,active
v0222,general_library,recoger,собрать,word,,,lola_lago_2,,,recoger,собрать,Импортировано из блока «Lola Lago 2»,active
v0223,general_library,que viene,следующий,phrase,,,lola_lago_2,,,que viene,следующий,Импортировано из блока «Lola Lago 2»,active
v0224,general_library,golpe,удар,word,,,lola_lago_2,,,golpe,удар,Импортировано из блока «Lola Lago 2»,active
v0225,general_library,cerrar,закрыть,word,,,lola_lago_2,,,cerrar,закрыть,Импортировано из блока «Lola Lago 2»,active
v0226,general_library,puerta,дверь,word,,,lola_lago_2,,,puerta,дверь,Импортировано из блока «Lola Lago 2»,active
v0227,general_library,todavía,все еще,word,,,lola_lago_2,,,todavía,все еще,Импортировано из блока «Lola Lago 2»,active
v0228,general_library,socio,партнер,word,,,lola_lago_1,,,socio,партнер,Импортировано из блока «Lola Lago 1»,active
v0229,general_library,otro,другой,word,,,lola_lago_1,,,otro,другой,Импортировано из блока «Lola Lago 1»,active
v0230,general_library,marido,муж,word,,,lola_lago_1,,,marido,муж,Импортировано из блока «Lola Lago 1»,active
v0231,general_library,jubilarse,выйти на пенсию,word,,,lola_lago_1,,,jubilarse,выйти на пенсию,Импортировано из блока «Lola Lago 1»,active
v0232,general_library,calle,улица,word,,,lola_lago_1,,,calle,улица,Импортировано из блока «Lola Lago 1»,active
v0233,general_library,pequeño,небольшой,word,,,lola_lago_1,,,pequeño,небольшой,Импортировано из блока «Lola Lago 1»,active
v0234,general_library,antiguo,древний,word,,,lola_lago_1,,,antiguo,древний,Импортировано из блока «Lola Lago 1»,active
v0235,general_library,viejo,старый,word,,,lola_lago_1,,,viejo,старый,Импортировано из блока «Lola Lago 1»,active
v0236,general_library,joven,молодой,word,,,lola_lago_1,,,joven,молодой,Импортировано из блока «Lola Lago 1»,active
v0237,general_library,tranquilamente,спокойно,word,,,lola_lago_1,,,tranquilamente,спокойно,Импортировано из блока «Lola Lago 1»,active
v0238,general_library,efectivamente,фактически,word,,,lola_lago_1,,,efectivamente,фактически,Импортировано из блока «Lola Lago 1»,active
v0239,general_library,carta,письмо,word,,,lola_lago_1,,,carta,письмо,Импортировано из блока «Lola Lago 1»,active
v0240,general_library,cambiar,изменить,word,,,lola_lago_1,,,cambiar,изменить,Импортировано из блока «Lola Lago 1»,active
v0241,general_library,ningún,ни один,word,,,lola_lago_1,,,ningún,ни один,Импортировано из блока «Lola Lago 1»,active
v0242,general_library,nada,ничто,word,,,lola_lago_1,,,nada,ничто,Импортировано из блока «Lola Lago 1»,active
v0243,general_library,funcionar,работает,word,,,lola_lago_1,,,funcionar,работает,Импортировано из блока «Lola Lago 1»,active
v0244,general_library,todo,всё,word,,,lola_lago_1,,,todo,всё,Импортировано из блока «Lola Lago 1»,active
v0245,general_library,joyas,драгоценности,word,,,lola_lago_1,,,joyas,драгоценности,Импортировано из блока «Lola Lago 1»,active
v0246,general_library,espiar,шпионить,word,,,lola_lago_1,,,espiar,шпионить,Импортировано из блока «Lola Lago 1»,active
v0247,general_library,por eso,поэтому,phrase,,,lola_lago_1,,,por eso,поэтому,Импортировано из блока «Lola Lago 1»,active
v0248,general_library,faltar,отсутствовать,word,,,lola_lago_1,,,faltar,отсутствовать,Импортировано из блока «Lola Lago 1»,active
v0249,general_library,siglo,век,word,,,unit_2,,,siglo,век,Импортировано из блока «Unit 2»,active
v0250,general_library,enero,январь,word,,,unit_2,,,enero,январь,Импортировано из блока «Unit 2»,active
v0251,general_library,febrero,февраль,word,,,unit_2,,,febrero,февраль,Импортировано из блока «Unit 2»,active
v0252,general_library,marzo,март,word,,,unit_2,,,marzo,март,Импортировано из блока «Unit 2»,active
v0253,general_library,abril,апрель,word,,,unit_2,,,abril,апрель,Импортировано из блока «Unit 2»,active
v0254,general_library,mayo,май,word,,,unit_2,,,mayo,май,Импортировано из блока «Unit 2»,active
v0255,general_library,junio,июнь,word,,,unit_2,,,junio,июнь,Импортировано из блока «Unit 2»,active
v0256,general_library,julio,июль,word,,,unit_2,,,julio,июль,Импортировано из блока «Unit 2»,active
v0257,general_library,agosto,август,word,,,unit_2,,,agosto,август,Импортировано из блока «Unit 2»,active
v0258,general_library,septiembre,сентябрь,word,,,unit_2,,,septiembre,сентябрь,Импортировано из блока «Unit 2»,active
v0259,general_library,octubre,октябрь,word,,,unit_2,,,octubre,октябрь,Импортировано из блока «Unit 2»,active
v0260,general_library,noviembre,ноябрь,word,,,unit_2,,,noviembre,ноябрь,Импортировано из блока «Unit 2»,active
v0261,general_library,diciembre,декабрь,word,,,unit_2,,,diciembre,декабрь,Импортировано из блока «Unit 2»,active
v0262,general_library,fecha,дата,word,,,unit_2,,,fecha,дата,Импортировано из блока «Unit 2»,active
v0263,general_library,hoy,сегодня,word,,,unit_2,,,hoy,сегодня,Импортировано из блока «Unit 2»,active
v0264,general_library,Creo que,"я думаю, что",phrase,,,unit_2,,,Creo que,"я думаю, что",Импортировано из блока «Unit 2»,active
v0265,general_library,lunes,понедельник,word,,,unit_2,,,lunes,понедельник,Импортировано из блока «Unit 2»,active
v0266,general_library,martes,вторник,word,,,unit_2,,,martes,вторник,Импортировано из блока «Unit 2»,active
v0267,general_library,miercoles,среда,word,,,unit_2,,,miercoles,среда,Импортировано из блока «Unit 2»,active
v0268,general_library,jueves,четверг,word,,,unit_2,,,jueves,четверг,Импортировано из блока «Unit 2»,active
v0269,general_library,viernes,пятница,word,,,unit_2,,,viernes,пятница,Импортировано из блока «Unit 2»,active
v0270,general_library,sabado,суббота,word,,,unit_2,,,sabado,суббота,Импортировано из блока «Unit 2»,active
v0271,general_library,domingo,воскресенье,word,,,unit_2,,,domingo,воскресенье,Импортировано из блока «Unit 2»,active
v0272,general_library,me gusta,мне нравится,phrase,,,unit_2,,,me gusta,мне нравится,Импортировано из блока «Unit 2»,active
v0273,general_library,me interesa,мне интересно,phrase,,,unit_2,,,me interesa,мне интересно,Импортировано из блока «Unit 2»,active
v0274,general_library,a menudo,часто,phrase,,,unit_2,,,a menudo,часто,Импортировано из блока «Unit 2»,active
v0275,general_library,nunca,никогда,word,,,unit_2,,,nunca,никогда,Импортировано из блока «Unit 2»,active
v0276,general_library,negro,черный,word,,,unit_2,,,negro,черный,Импортировано из блока «Unit 2»,active
v0277,general_library,marrón,коричневый,word,,,unit_2,,,marrón,коричневый,Импортировано из блока «Unit 2»,active
v0278,general_library,gris,серый,word,,,unit_2,,,gris,серый,Импортировано из блока «Unit 2»,active
v0279,general_library,blanco,белый,word,,,unit_2,,,blanco,белый,Импортировано из блока «Unit 2»,active
v0280,general_library,amarillo,желтый,word,,,unit_2,,,amarillo,желтый,Импортировано из блока «Unit 2»,active
v0281,general_library,anaranjado,оранжевый,word,,,unit_2,,,anaranjado,оранжевый,Импортировано из блока «Unit 2»,active
v0282,general_library,rojo,красный,word,,,unit_2,,,rojo,красный,Импортировано из блока «Unit 2»,active
v0283,general_library,rosado,розоывй,word,,,unit_2,,,rosado,розоывй,Импортировано из блока «Unit 2»,active
v0284,general_library,morado,фиолетовый,word,,,unit_2,,,morado,фиолетовый,Импортировано из блока «Unit 2»,active
v0285,general_library,azul,синий,word,,,unit_2,,,azul,синий,Импортировано из блока «Unit 2»,active
v0286,general_library,verde,зеленый,word,,,unit_2,,,verde,зеленый,Импортировано из блока «Unit 2»,active
v0287,general_library,camiseta,футболка,word,,,odezhda,,,camiseta,футболка,Импортировано из блока «Одежда»,active
v0288,general_library,camisa,рубашка,word,,,odezhda,,,camisa,рубашка,Импортировано из блока «Одежда»,active
v0289,general_library,pantalones,брюки,word,,,odezhda,,,pantalones,брюки,Импортировано из блока «Одежда»,active
v0290,general_library,falda,юбка,word,,,odezhda,,,falda,юбка,Импортировано из блока «Одежда»,active
v0291,general_library,chaqueta,куртка,word,,,odezhda,,,chaqueta,куртка,Импортировано из блока «Одежда»,active
v0292,general_library,shorts,шорты,word,,,odezhda,,,shorts,шорты,Импортировано из блока «Одежда»,active
v0293,general_library,jersey,свитшот,word,,,odezhda,,,jersey,свитшот,Импортировано из блока «Одежда»,active
v0294,general_library,sudadera,худи,word,,,odezhda,,,sudadera,худи,Импортировано из блока «Одежда»,active
v0295,general_library,abrigo,пальто,word,,,odezhda,,,abrigo,пальто,Импортировано из блока «Одежда»,active
v0296,general_library,las medias,колготки,phrase,,,odezhda,,,las medias,колготки,Импортировано из блока «Одежда»,active
v0297,general_library,kimono,кимоно,word,,,odezhda,,,kimono,кимоно,Импортировано из блока «Одежда»,active
v0298,general_library,rebeca,кардиган,word,,,odezhda,,,rebeca,кардиган,Импортировано из блока «Одежда»,active
v0299,general_library,bata,халат,word,,,odezhda,,,bata,халат,Импортировано из блока «Одежда»,active
v0300,general_library,polo,поло,word,,,odezhda,,,polo,поло,Импортировано из блока «Одежда»,active
v0301,general_library,traje,костюм,word,,,odezhda,,,traje,костюм,Импортировано из блока «Одежда»,active
v0302,general_library,blusa,блуза,word,,,odezhda,,,blusa,блуза,Импортировано из блока «Одежда»,active
v0303,general_library,sujetador,лифчик,word,,,odezhda,,,sujetador,лифчик,Импортировано из блока «Одежда»,active
v0304,general_library,bragas,женские трусы,word,,,odezhda,,,bragas,женские трусы,Импортировано из блока «Одежда»,active
v0305,general_library,calzoncillos,мужские трусы,word,,,odezhda,,,calzoncillos,мужские трусы,Импортировано из блока «Одежда»,active
v0306,general_library,calcetines,носки,word,,,odezhda,,,calcetines,носки,Импортировано из блока «Одежда»,active
v0307,general_library,bañadores,купальник,word,,,odezhda,,,bañadores,купальник,Импортировано из блока «Одежда»,active
v0308,general_library,biquini,бикини,word,,,odezhda,,,biquini,бикини,Импортировано из блока «Одежда»,active
v0309,general_library,vaqueros,джинсы,word,,,odezhda,,,vaqueros,джинсы,Импортировано из блока «Одежда»,active
v0310,general_library,gafas,очки,word,,,odezhda,,,gafas,очки,Импортировано из блока «Одежда»,active
v0311,general_library,ser,быть,word,,,glagoly,,,ser,быть,Импортировано из блока «Глаголы»,active
v0312,general_library,tener,иметь,word,,,glagoly,,,tener,иметь,Импортировано из блока «Глаголы»,active
v0313,general_library,llamarse,называться,word,,,glagoly,,,llamarse,называться,Импортировано из блока «Глаголы»,active
v0314,general_library,enseñar,учить чему-то,word,,,glagoly,,,enseñar,учить чему-то,Импортировано из блока «Глаголы»,active
v0315,general_library,hacer,сделать,word,,,glagoly,,,hacer,сделать,Импортировано из блока «Глаголы»,active
v0316,general_library,ir,"идти, ехать",word,,,glagoly,,,ir,"идти, ехать",Импортировано из блока «Глаголы»,active
v0317,general_library,venir,приходить,word,,,glagoly,,,venir,приходить,Импортировано из блока «Глаголы»,active
v0318,general_library,saber,"знать, уметь",word,,,glagoly,,,saber,"знать, уметь",Импортировано из блока «Глаголы»,active
v0319,general_library,ver,смотреть,word,,,glagoly,,,ver,смотреть,Импортировано из блока «Глаголы»,active
v0320,general_library,querer,хотеть,word,,,glagoly,,,querer,хотеть,Импортировано из блока «Глаголы»,active
v0321,general_library,empezar,начать,word,,,glagoly,,,empezar,начать,Импортировано из блока «Глаголы»,active
v0322,general_library,calentar,нагревать,word,,,glagoly,,,calentar,нагревать,Импортировано из блока «Глаголы»,active
v0323,general_library,entender,понимать,word,,,glagoly,,,entender,понимать,Импортировано из блока «Глаголы»,active
v0324,general_library,mentir,лгать,word,,,glagoly,,,mentir,лгать,Импортировано из блока «Глаголы»,active
v0325,general_library,preferir,предпочитать,word,,,glagoly,,,preferir,предпочитать,Импортировано из блока «Глаголы»,active
v0326,general_library,contar,учитывать,word,,,glagoly,,,contar,учитывать,Импортировано из блока «Глаголы»,active
v0327,general_library,costar,стоить,word,,,glagoly,,,costar,стоить,Импортировано из блока «Глаголы»,active
v0328,general_library,probar,пробовать,word,,,glagoly,,,probar,пробовать,Импортировано из блока «Глаголы»,active
v0329,general_library,recordar,помнить,word,,,glagoly,,,recordar,помнить,Импортировано из блока «Глаголы»,active
v0330,general_library,soñar,мечтать,word,,,glagoly,,,soñar,мечтать,Импортировано из блока «Глаголы»,active
v0331,general_library,poder,мочь,word,,,glagoly,,,poder,мочь,Импортировано из блока «Глаголы»,active
v0332,general_library,soler,иметь привычку,word,,,glagoly,,,soler,иметь привычку,Импортировано из блока «Глаголы»,active
v0333,general_library,doler,болеть,word,,,glagoly,,,doler,болеть,Импортировано из блока «Глаголы»,active
v0334,general_library,morder,кусать,word,,,glagoly,,,morder,кусать,Импортировано из блока «Глаголы»,active
v0335,general_library,mover,двигать,word,,,glagoly,,,mover,двигать,Импортировано из блока «Глаголы»,active
v0336,general_library,volver,вернуться,word,,,glagoly,,,volver,вернуться,Импортировано из блока «Глаголы»,active
v0337,general_library,dormir,спать,word,,,glagoly,,,dormir,спать,Импортировано из блока «Глаголы»,active
v0338,general_library,jugar,играть,word,,,glagoly,,,jugar,играть,Импортировано из блока «Глаголы»,active
v0339,general_library,repetir,повторять,word,,,glagoly,,,repetir,повторять,Импортировано из блока «Глаголы»,active
v0340,general_library,sonreir,улыбаться,word,,,glagoly,,,sonreir,улыбаться,Импортировано из блока «Глаголы»,active
v0341,general_library,medir,измерять,word,,,glagoly,,,medir,измерять,Импортировано из блока «Глаголы»,active
v0342,general_library,corregir,исправить,word,,,glagoly,,,corregir,исправить,Импортировано из блока «Глаголы»,active
v0343,general_library,pedir,просить,word,,,glagoly,,,pedir,просить,Импортировано из блока «Глаголы»,active
v0344,general_library,elegir,выбрать,word,,,glagoly,,,elegir,выбрать,Импортировано из блока «Глаголы»,active
v0345,general_library,conseguir,получить,word,,,glagoly,,,conseguir,получить,Импортировано из блока «Глаголы»,active
v0346,general_library,freir,жарить,word,,,glagoly,,,freir,жарить,Импортировано из блока «Глаголы»,active
v0347,general_library,reir,смеяться,word,,,glagoly,,,reir,смеяться,Импортировано из блока «Глаголы»,active
v0348,general_library,servir,подавать,word,,,glagoly,,,servir,подавать,Импортировано из блока «Глаголы»,active
v0349,general_library,suponer,предположить,word,,,glagoly,,,suponer,предположить,Импортировано из блока «Глаголы»,active
v0350,general_library,enfrente de,перед,phrase,,,narechiya_mesta,,,enfrente de,перед,Импортировано из блока «Наречия места»,active
v0351,general_library,detrás de,сзади,phrase,,,narechiya_mesta,,,detrás de,сзади,Импортировано из блока «Наречия места»,active
v0352,general_library,encima de,на,phrase,,,narechiya_mesta,,,encima de,на,Импортировано из блока «Наречия места»,active
v0353,general_library,cerca de,рядом,phrase,,,narechiya_mesta,,,cerca de,рядом,Импортировано из блока «Наречия места»,active
v0354,general_library,sobre,над,word,,,narechiya_mesta,,,sobre,над,Импортировано из блока «Наречия места»,active
v0355,general_library,al lado de,рядом,phrase,,,narechiya_mesta,,,al lado de,рядом,Импортировано из блока «Наречия места»,active
v0356,general_library,a la izquierda de,слева,phrase,,,narechiya_mesta,,,a la izquierda de,слева,Импортировано из блока «Наречия места»,active
v0357,general_library,a la derecha de,справа,phrase,,,narechiya_mesta,,,a la derecha de,справа,Импортировано из блока «Наречия места»,active
v0358,general_library,debajo de,под,phrase,,,narechiya_mesta,,,debajo de,под,Импортировано из блока «Наречия места»,active
v0359,general_library,alrededor de,вокруг,phrase,,,narechiya_mesta,,,alrededor de,вокруг,Импортировано из блока «Наречия места»,active
v0360,general_library,fuera de,снаружи,phrase,,,narechiya_mesta,,,fuera de,снаружи,Импортировано из блока «Наречия места»,active
v0361,general_library,dentro de,внутри,phrase,,,narechiya_mesta,,,dentro de,внутри,Импортировано из блока «Наречия места»,active
v0362,general_library,entre,между,word,,,narechiya_mesta,,,entre,между,Импортировано из блока «Наречия места»,active
v0363,general_library,estar enfermo,болеть,phrase,,,vyrazheniya_estar,,,estar enfermo,болеть,Импортировано из блока «Выражения estar»,active
v0364,general_library,estar resfriado,быть простуженным,phrase,,,vyrazheniya_estar,,,estar resfriado,быть простуженным,Импортировано из блока «Выражения estar»,active
v0365,general_library,estar cansado,чувствовать усталость,phrase,,,vyrazheniya_estar,,,estar cansado,чувствовать усталость,Импортировано из блока «Выражения estar»,active
v0366,general_library,estar agotado,быть истощенным,phrase,,,vyrazheniya_estar,,,estar agotado,быть истощенным,Импортировано из блока «Выражения estar»,active
v0367,general_library,estar contento,быть счастливым,phrase,,,vyrazheniya_estar,,,estar contento,быть счастливым,Импортировано из блока «Выражения estar»,active
v0368,general_library,estar triste,грустить,phrase,,,vyrazheniya_estar,,,estar triste,грустить,Импортировано из блока «Выражения estar»,active
v0369,general_library,estar aburrido,скучать,phrase,,,vyrazheniya_estar,,,estar aburrido,скучать,Импортировано из блока «Выражения estar»,active
v0370,general_library,estar enfadado,злиться,phrase,,,vyrazheniya_estar,,,estar enfadado,злиться,Импортировано из блока «Выражения estar»,active
v0371,general_library,estar de buen humor,быть в хорошем настроении,phrase,,,vyrazheniya_estar,,,estar de buen humor,быть в хорошем настроении,Импортировано из блока «Выражения estar»,active
v0372,general_library,estar de mal humor,быть в плохом настроении,phrase,,,vyrazheniya_estar,,,estar de mal humor,быть в плохом настроении,Импортировано из блока «Выражения estar»,active
v0373,general_library,estar preocupado,быть обеспокоенным,phrase,,,vyrazheniya_estar,,,estar preocupado,быть обеспокоенным,Импортировано из блока «Выражения estar»,active
v0374,general_library,estar nervioso,нервничать,phrase,,,vyrazheniya_estar,,,estar nervioso,нервничать,Импортировано из блока «Выражения estar»,active
v0375,general_library,estar casado,быть женатым,phrase,,,vyrazheniya_estar,,,estar casado,быть женатым,Импортировано из блока «Выражения estar»,active
v0376,general_library,estar divorciado,быть в разводе,phrase,,,vyrazheniya_estar,,,estar divorciado,быть в разводе,Импортировано из блока «Выражения estar»,active
v0377,general_library,estar ocupado,быть занятым чем-то,phrase,,,vyrazheniya_estar,,,estar ocupado,быть занятым чем-то,Импортировано из блока «Выражения estar»,active
v0378,general_library,estar libre,быть свободным,phrase,,,vyrazheniya_estar,,,estar libre,быть свободным,Импортировано из блока «Выражения estar»,active
v0379,general_library,estar seguro,быть уверенным,phrase,,,vyrazheniya_estar,,,estar seguro,быть уверенным,Импортировано из блока «Выражения estar»,active
v0380,general_library,estar sano,быть здоровым,phrase,,,vyrazheniya_estar,,,estar sano,быть здоровым,Импортировано из блока «Выражения estar»,active
v0381,general_library,estar acostumbrado,привыкнуть,phrase,,,vyrazheniya_estar,,,estar acostumbrado,привыкнуть,Импортировано из блока «Выражения estar»,active
v0382,general_library,estar harto,быть по горло сытым,phrase,,,vyrazheniya_estar,,,estar harto,быть по горло сытым,Импортировано из блока «Выражения estar»,active
v0383,general_library,estar de pie,стоять,phrase,,,vyrazheniya_estar,,,estar de pie,стоять,Импортировано из блока «Выражения estar»,active
v0384,general_library,estar sentado,сидеть,phrase,,,vyrazheniya_estar,,,estar sentado,сидеть,Импортировано из блока «Выражения estar»,active
v0385,general_library,estar tumbado,лежать,phrase,,,vyrazheniya_estar,,,estar tumbado,лежать,Импортировано из блока «Выражения estar»,active
v0386,general_library,estar dormido,спать,phrase,,,vyrazheniya_estar,,,estar dormido,спать,Импортировано из блока «Выражения estar»,active
v0387,general_library,estar despierto,бодрствовать,phrase,,,vyrazheniya_estar,,,estar despierto,бодрствовать,Импортировано из блока «Выражения estar»,active
v0388,general_library,estar de acuerdo,быть согласным,phrase,,,vyrazheniya_estar,,,estar de acuerdo,быть согласным,Импортировано из блока «Выражения estar»,active
v0389,general_library,estar abierto,быть открытым,phrase,,,vyrazheniya_estar,,,estar abierto,быть открытым,Импортировано из блока «Выражения estar»,active
v0390,general_library,estar cerrado,быть закрытым,phrase,,,vyrazheniya_estar,,,estar cerrado,быть закрытым,Импортировано из блока «Выражения estar»,active
v0391,general_library,estar deprimido,быть подавленным,phrase,,,vyrazheniya_estar,,,estar deprimido,быть подавленным,Импортировано из блока «Выражения estar»,active
v0392,general_library,estar lleno de,"быть наполненным (например, энергией)",phrase,,,vyrazheniya_estar,,,estar lleno de,"быть наполненным (например, энергией)",Импортировано из блока «Выражения estar»,active
v0393,general_library,actor,актриса,word,,,professii,,,actor,актриса,Импортировано из блока «Профессии»,active
v0394,general_library,administrativo,администратор,word,,,professii,,,administrativo,администратор,Импортировано из блока «Профессии»,active
v0395,general_library,arquitecto,архитектор,word,,,professii,,,arquitecto,архитектор,Импортировано из блока «Профессии»,active
v0396,general_library,bombero,пожарный,word,,,professii,,,bombero,пожарный,Импортировано из блока «Профессии»,active
v0397,general_library,cajero,касса,word,,,professii,,,cajero,касса,Импортировано из блока «Профессии»,active
v0398,general_library,camarero,официант,word,,,professii,,,camarero,официант,Импортировано из блока «Профессии»,active
v0399,general_library,cartero,почтальон,word,,,professii,,,cartero,почтальон,Импортировано из блока «Профессии»,active
v0400,general_library,cientifico,ученый,word,,,professii,,,cientifico,ученый,Импортировано из блока «Профессии»,active
v0401,general_library,cocinero,повар,word,,,professii,,,cocinero,повар,Импортировано из блока «Профессии»,active
v0402,general_library,dentista,стоматолог,word,,,professii,,,dentista,стоматолог,Импортировано из блока «Профессии»,active
v0403,general_library,electricista,электрик,word,,,professii,,,electricista,электрик,Импортировано из блока «Профессии»,active
v0404,general_library,fotografo,фотограф,word,,,professii,,,fotografo,фотограф,Импортировано из блока «Профессии»,active
v0405,general_library,juez,судья,word,,,professii,,,juez,судья,Импортировано из блока «Профессии»,active
v0406,general_library,mecánico,механик,word,,,professii,,,mecánico,механик,Импортировано из блока «Профессии»,active
v0407,general_library,medico,медик,word,,,professii,,,medico,медик,Импортировано из блока «Профессии»,active
v0408,general_library,peluquero,парикмахер,word,,,professii,,,peluquero,парикмахер,Импортировано из блока «Профессии»,active
v0409,general_library,profesor,учитель,word,,,professii,,,profesor,учитель,Импортировано из блока «Профессии»,active
v0410,general_library,periodista,журналист,word,,,professii,,,periodista,журналист,Импортировано из блока «Профессии»,active
v0411,general_library,policia,полицейский,word,,,professii,,,policia,полицейский,Импортировано из блока «Профессии»,active
v0412,general_library,programador,программист,word,,,professii,,,programador,программист,Импортировано из блока «Профессии»,active
v0413,general_library,amor de su vida,любовь всей жизни,phrase,,,vyrazheniya,,,amor de su vida,любовь всей жизни,Импортировано из блока «Выражения»,active
v0414,general_library,qué te parece?,что думаешь?,phrase,,,vyrazheniya,,,qué te parece?,что думаешь?,Импортировано из блока «Выражения»,active
v0415,general_library,de acuerdo,согласен,phrase,,,vyrazheniya,,,de acuerdo,согласен,Импортировано из блока «Выражения»,active
v0416,general_library,hay que,нужно что-то сделать,phrase,,,vyrazheniya,,,hay que,нужно что-то сделать,Импортировано из блока «Выражения»,active
v0417,general_library,tener ganas,хотеть чего-то,phrase,,,vyrazheniya,,,tener ganas,хотеть чего-то,Импортировано из блока «Выражения»,active
v0418,general_library,disfrutar de la vida,наслаждаться жизнью,phrase,,,vyrazheniya,,,disfrutar de la vida,наслаждаться жизнью,Импортировано из блока «Выражения»,active
v0419,general_library,de nada,не за что,phrase,,,vyrazheniya,,,de nada,не за что,Импортировано из блока «Выражения»,active
v0420,general_library,montar a caballo,ехать верхом на лошади,phrase,,,vyrazheniya,,,montar a caballo,ехать верхом на лошади,Импортировано из блока «Выражения»,active
v0421,general_library,no para de,останавливаться,phrase,,,vyrazheniya,,,no para de,останавливаться,Импортировано из блока «Выражения»,active
v0422,general_library,cállate la boca,заткнись!,phrase,,,vyrazheniya,,,cállate la boca,заткнись!,Импортировано из блока «Выражения»,active
v0423,general_library,qué pena,как жаль,phrase,,,vyrazheniya,,,qué pena,как жаль,Импортировано из блока «Выражения»,active
v0424,general_library,lo siento,Я сожалею,phrase,,,vyrazheniya,,,lo siento,Я сожалею,Импортировано из блока «Выражения»,active
v0425,general_library,no puede ser,не может быть!,phrase,,,vyrazheniya,,,no puede ser,не может быть!,Импортировано из блока «Выражения»,active
v0426,general_library,dios mio,боже мой,phrase,,,vyrazheniya,,,dios mio,боже мой,Импортировано из блока «Выражения»,active
v0427,general_library,tomar un taxi,взять такси,phrase,,,vyrazheniya,,,tomar un taxi,взять такси,Импортировано из блока «Выражения»,active
v0428,general_library,qué casualidad!,какая случайность!,phrase,,,vyrazheniya,,,qué casualidad!,какая случайность!,Импортировано из блока «Выражения»,active
v0429,general_library,a decir verdad,честно говоря,phrase,,,vyrazheniya,,,a decir verdad,честно говоря,Импортировано из блока «Выражения»,active
v0430,general_library,encontrarse con,встретиться с кем-то,phrase,,,vyrazheniya,,,encontrarse con,встретиться с кем-то,Импортировано из блока «Выражения»,active
v0431,general_library,Dios mío,боже мой!,phrase,,,vyrazheniya,,,Dios mío,боже мой!,Импортировано из блока «Выражения»,active
v0432,general_library,al mismo tiempo,одновременно,phrase,,,vyrazheniya,,,al mismo tiempo,одновременно,Импортировано из блока «Выражения»,active
v0433,general_library,qué pena!,какая жалость,phrase,,,vyrazheniya,,,qué pena!,какая жалость,Импортировано из блока «Выражения»,active
v0434,general_library,Qué te pasa?,Что с тобой?,phrase,,,vyrazheniya,,,Qué te pasa?,Что с тобой?,Импортировано из блока «Выражения»,active
v0435,general_library,ser aficionado a algo,быть увлеченным чем-то,phrase,,,vyrazheniya,,,ser aficionado a algo,быть увлеченным чем-то,Импортировано из блока «Выражения»,active
v0436,general_library,de vez en cuando,время от времени,phrase,,,vyrazheniya,,,de vez en cuando,время от времени,Импортировано из блока «Выражения»,active
v0437,body,la cabeza,голова,noun,f,singular,"body,a1",Me duele la cabeza.,У меня болит голова.,cabeza,голова,Базовая лексика по теме «Части тела».,active
v0438,body,la cara,лицо,noun,f,singular,"body,a1",Tiene la cara sano.,У него здоровая лицо.,cara,лицо,Базовая лексика по теме «Части тела».,active
v0439,body,el pelo,волосы,noun,m,singular,"body,a1",Lávate el pelo.,Помой волосы.,pelo,волосы,Базовая лексика по теме «Части тела».,active
v0440,body,la frente,лоб,noun,f,singular,"body,a1",Me duele la frente.,У меня болит лоб.,frente,лоб,Базовая лексика по теме «Части тела».,active
v0441,body,el ojo,глаз,noun,m,singular,"body,a1",Tiene el ojo sano.,У него здоровый глаз.,ojo,глаз,Базовая лексика по теме «Части тела».,active
v0442,body,la oreja,ухо,noun,f,singular,"body,a1",Lávate la oreja.,Помой ухо.,oreja,ухо,Базовая лексика по теме «Части тела».,active
v0443,body,la nariz,нос,noun,f,singular,"body,a1",Me duele la nariz.,У меня болит нос.,nariz,нос,Базовая лексика по теме «Части тела».,active
v0444,body,la boca,рот,noun,f,singular,"body,a1",Tiene la boca sano.,У него здоровая рот.,boca,рот,Базовая лексика по теме «Части тела».,active
v0445,body,el labio,губа,noun,m,singular,"body,a1",Lávate el labio.,Помой губа.,labio,губа,Базовая лексика по теме «Части тела».,active
v0446,body,el diente,зуб,noun,m,singular,"body,a1",Me duele el diente.,У меня болит зуб.,diente,зуб,Базовая лексика по теме «Части тела».,active
v0447,body,la lengua,язык,noun,f,singular,"body,a1",Tiene la lengua sano.,У него здоровая язык.,lengua,язык,Базовая лексика по теме «Части тела».,active
v0448,body,la mejilla,щека,noun,f,singular,"body,a1",Lávate la mejilla.,Помой щека.,mejilla,щека,Базовая лексика по теме «Части тела».,active
v0449,body,la barbilla,подбородок,noun,f,singular,"body,a1",Me duele la barbilla.,У меня болит подбородок.,barbilla,подбородок,Базовая лексика по теме «Части тела».,active
v0450,body,el cuello,шея,noun,m,singular,"body,a1",Tiene el cuello sano.,У него здоровый шея.,cuello,шея,Базовая лексика по теме «Части тела».,active
v0451,body,el hombro,плечо,noun,m,singular,"body,a1",Lávate el hombro.,Помой плечо.,hombro,плечо,Базовая лексика по теме «Части тела».,active
v0452,body,el brazo,рука,noun,m,singular,"body,a1",Me duele el brazo.,У меня болит рука.,brazo,рука,Базовая лексика по теме «Части тела».,active
v0453,body,el codo,локоть,noun,m,singular,"body,a1",Tiene el codo sano.,У него здоровый локоть.,codo,локоть,Базовая лексика по теме «Части тела».,active
v0454,body,la muñeca,запястье,noun,f,singular,"body,a1",Lávate la muñeca.,Помой запястье.,muñeca,запястье,Базовая лексика по теме «Части тела».,active
v0455,body,la mano,кисть,noun,f,singular,"body,a1",Me duele la mano.,У меня болит кисть.,mano,кисть,Базовая лексика по теме «Части тела».,active
v0456,body,el dedo,палец,noun,m,singular,"body,a1",Tiene el dedo sano.,У него здоровый палец.,dedo,палец,Базовая лексика по теме «Части тела».,active
v0457,body,el pulgar,большой палец,noun,m,singular,"body,a1",Lávate el pulgar.,Помой большой палец.,pulgar,большой палец,Базовая лексика по теме «Части тела».,active
v0458,body,la uña,ноготь,noun,f,singular,"body,a1",Me duele la uña.,У меня болит ноготь.,uña,ноготь,Базовая лексика по теме «Части тела».,active
v0459,body,el pecho,грудь,noun,m,singular,"body,a1",Tiene el pecho sano.,У него здоровый грудь.,pecho,грудь,Базовая лексика по теме «Части тела».,active
v0460,body,la espalda,спина,noun,f,singular,"body,a1",Lávate la espalda.,Помой спина.,espalda,спина,Базовая лексика по теме «Части тела».,active
v0461,body,el vientre,живот,noun,m,singular,"body,a1",Me duele el vientre.,У меня болит живот.,vientre,живот,Базовая лексика по теме «Части тела».,active
v0462,body,la cintura,талия,noun,f,singular,"body,a1",Tiene la cintura sano.,У него здоровая талия.,cintura,талия,Базовая лексика по теме «Части тела».,active
v0463,body,la cadera,бедро,noun,f,singular,"body,a1",Lávate la cadera.,Помой бедро.,cadera,бедро,Базовая лексика по теме «Части тела».,active
v0464,body,la rodilla,колено,noun,f,singular,"body,a1",Me duele la rodilla.,У меня болит колено.,rodilla,колено,Базовая лексика по теме «Части тела».,active
v0465,body,la pierna,нога,noun,f,singular,"body,a1",Tiene la pierna sano.,У него здоровая нога.,pierna,нога,Базовая лексика по теме «Части тела».,active
v0466,body,la espinilla,голень,noun,f,singular,"body,a1",Lávate la espinilla.,Помой голень.,espinilla,голень,Базовая лексика по теме «Части тела».,active
v0467,body,el tobillo,лодыжка,noun,m,singular,"body,a1",Me duele el tobillo.,У меня болит лодыжка.,tobillo,лодыжка,Базовая лексика по теме «Части тела».,active
v0468,body,el pie,ступня,noun,m,singular,"body,a1",Tiene el pie sano.,У него здоровый ступня.,pie,ступня,Базовая лексика по теме «Части тела».,active
v0469,body,el talón,пятка,noun,m,singular,"body,a1",Lávate el talón.,Помой пятка.,talón,пятка,Базовая лексика по теме «Части тела».,active
v0470,body,el dedo del pie,палец ноги,noun,m,singular,"body,a1",Me duele el dedo del pie.,У меня болит палец ноги.,dedo dpie,палец ноги,Базовая лексика по теме «Части тела».,active
v0471,body,el corazón,сердце,noun,m,singular,"body,a1",Tiene el corazón sano.,У него здоровый сердце.,corazón,сердце,Базовая лексика по теме «Части тела».,active
v0472,body,el cerebro,мозг,noun,m,singular,"body,a1",Lávate el cerebro.,Помой мозг.,cerebro,мозг,Базовая лексика по теме «Части тела».,active
v0473,body,los pulmones,лёгкие,noun,m,singular,"body,a1",Me duele los pulmones.,У меня болит лёгкие.,pulmones,лёгкие,Базовая лексика по теме «Части тела».,active
v0474,body,el estómago,желудок,noun,m,singular,"body,a1",Tiene el estómago sano.,У него здоровый желудок.,estómago,желудок,Базовая лексика по теме «Части тела».,active
v0475,body,el hígado,печень,noun,m,singular,"body,a1",Lávate el hígado.,Помой печень.,hígado,печень,Базовая лексика по теме «Части тела».,active
v0476,body,el riñón,почка,noun,m,singular,"body,a1",Me duele el riñón.,У меня болит почка.,riñón,почка,Базовая лексика по теме «Части тела».,active
v0477,body,la sangre,кровь,noun,f,singular,"body,a1",Tiene la sangre sano.,У него здоровая кровь.,sangre,кровь,Базовая лексика по теме «Части тела».,active
v0478,body,la piel,кожа,noun,f,singular,"body,a1",Lávate la piel.,Помой кожа.,piel,кожа,Базовая лексика по теме «Части тела».,active
v0479,body,el hueso,кость,noun,m,singular,"body,a1",Me duele el hueso.,У меня болит кость.,hueso,кость,Базовая лексика по теме «Части тела».,active
v0480,body,el músculo,мышца,noun,m,singular,"body,a1",Tiene el músculo sano.,У него здоровый мышца.,músculo,мышца,Базовая лексика по теме «Части тела».,active
v0481,body,la articulación,сустав,noun,f,singular,"body,a1",Lávate la articulación.,Помой сустав.,articulación,сустав,Базовая лексика по теме «Части тела».,active
v0482,body,el nervio,нерв,noun,m,singular,"body,a1",Me duele el nervio.,У меня болит нерв.,nervio,нерв,Базовая лексика по теме «Части тела».,active
v0483,body,la garganta,горло,noun,f,singular,"body,a1",Tiene la garganta sano.,У него здоровая горло.,garganta,горло,Базовая лексика по теме «Части тела».,active
v0484,body,la ceja,бровь,noun,f,singular,"body,a1",Lávate la ceja.,Помой бровь.,ceja,бровь,Базовая лексика по теме «Части тела».,active
v0485,body,la pestaña,ресница,noun,f,singular,"body,a1",Me duele la pestaña.,У меня болит ресница.,pestaña,ресница,Базовая лексика по теме «Части тела».,active
v0486,body,el dedo índice,указательный палец,noun,m,singular,"body,a1",Tiene el dedo índice sano.,У него здоровый указательный палец.,dedo índice,указательный палец,Базовая лексика по теме «Части тела».,active
v0487,body,el dedo medio,средний палец,noun,m,singular,"body,a1",Lávate el dedo medio.,Помой средний палец.,dedo medio,средний палец,Базовая лексика по теме «Части тела».,active
v0488,body,el dedo anular,безымянный палец,noun,m,singular,"body,a1",Me duele el dedo anular.,У меня болит безымянный палец.,dedo anular,безымянный палец,Базовая лексика по теме «Части тела».,active
v0489,body,el meñique,мизинец,noun,m,singular,"body,a1",Tiene el meñique sano.,У него здоровый мизинец.,meñique,мизинец,Базовая лексика по теме «Части тела».,active
v0490,body,el pecho izquierdo,левая грудь,noun,m,singular,"body,a1",Lávate el pecho izquierdo.,Помой левая грудь.,pecho izquierdo,левая грудь,Базовая лексика по теме «Части тела».,active
v0491,body,la mandíbula,челюсть,noun,f,singular,"body,a1",Me duele la mandíbula.,У меня болит челюсть.,mandíbula,челюсть,Базовая лексика по теме «Части тела».,active
v0492,body,la frente alta,высокий лоб,noun,f,singular,"body,a1",Tiene la frente alta sano.,У него здоровая высокий лоб.,frente alta,высокий лоб,Базовая лексика по теме «Части тела».,active
v0493,body,el talón de Aquiles,ахиллово сухожилие,noun,m,singular,"body,a1",Lávate el talón de Aquiles.,Помой ахиллово сухожилие.,talón de Aquiles,ахиллово сухожилие,Базовая лексика по теме «Части тела».,active
v0494,body,la palma,ладонь,noun,f,singular,"body,a1",Me duele la palma.,У меня болит ладонь.,palma,ладонь,Базовая лексика по теме «Части тела».,active
v0495,body,el pecho derecho,правая грудь,noun,m,singular,"body,a1",Tiene el pecho derecho sano.,У него здоровый правая грудь.,pecho derecho,правая грудь,Базовая лексика по теме «Части тела».,active
v0496,body,la sien,висок,noun,f,singular,"body,a1",Lávate la sien.,Помой висок.,sien,висок,Базовая лексика по теме «Части тела».,active
v0497,family,la madre,мама,noun,f,singular,"family,a1",Mi padre trabaja en Madrid.,Мой папа работает в Мадриде.,madre,мама,Базовая лексика по теме «Семья».,active
v0498,family,el padre,папа,noun,m,singular,"family,a1",Mi hermano estudia español.,Мой брат изучает испанский.,padre,папа,Базовая лексика по теме «Семья».,active
v0499,family,la mamá,мама,noun,f,singular,"family,a1",Tengo una hermana menor.,У меня есть младшая сестра.,mamá,мама,Базовая лексика по теме «Семья».,active
v0500,family,el papá,папа,noun,m,singular,"family,a1",Mi abuela vive cerca.,Моя бабушка живёт рядом.,papá,папа,Базовая лексика по теме «Семья».,active
v0501,family,el hijo,сын,noun,m,singular,"family,a1",Mi abuelo tiene setenta años.,Моему дедушке семьдесят лет.,hijo,сын,Базовая лексика по теме «Семья».,active
v0502,family,la hija,дочь,noun,f,singular,"family,a1",Mi primo juega al fútbol.,Мой двоюродный брат играет в футбол.,hija,дочь,Базовая лексика по теме «Семья».,active
v0503,family,el hermano,брат,noun,m,singular,"family,a1",Visitamos a nuestros tíos.,Мы навещаем наших дядю и тётю.,hermano,брат,Базовая лексика по теме «Семья».,active
v0504,family,la hermana,сестра,noun,f,singular,"family,a1",Mi madre cocina muy bien.,Моя мама очень хорошо готовит.,hermana,сестра,Базовая лексика по теме «Семья».,active
v0505,family,el bebé,младенец,noun,m,singular,"family,a1",Mi padre trabaja en Madrid.,Мой папа работает в Мадриде.,bebé,младенец,Базовая лексика по теме «Семья».,active
v0506,family,el niño,мальчик,noun,m,singular,"family,a1",Mi hermano estudia español.,Мой брат изучает испанский.,niño,мальчик,Базовая лексика по теме «Семья».,active
v0507,family,la niña,девочка,noun,f,singular,"family,a1",Tengo una hermana menor.,У меня есть младшая сестра.,niña,девочка,Базовая лексика по теме «Семья».,active
v0508,family,el marido,муж,noun,m,singular,"family,a1",Mi abuela vive cerca.,Моя бабушка живёт рядом.,marido,муж,Базовая лексика по теме «Семья».,active
v0509,family,la mujer,жена,noun,f,singular,"family,a1",Mi abuelo tiene setenta años.,Моему дедушке семьдесят лет.,mujer,жена,Базовая лексика по теме «Семья».,active
v0510,family,el esposo,супруг,noun,m,singular,"family,a1",Mi primo juega al fútbol.,Мой двоюродный брат играет в футбол.,esposo,супруг,Базовая лексика по теме «Семья».,active
v0511,family,la esposa,супруга,noun,f,singular,"family,a1",Visitamos a nuestros tíos.,Мы навещаем наших дядю и тётю.,esposa,супруга,Базовая лексика по теме «Семья».,active
v0512,family,el novio,парень,noun,m,singular,"family,a1",Mi madre cocina muy bien.,Моя мама очень хорошо готовит.,novio,парень,Базовая лексика по теме «Семья».,active
v0513,family,la novia,девушка,noun,f,singular,"family,a1",Mi padre trabaja en Madrid.,Мой папа работает в Мадриде.,novia,девушка,Базовая лексика по теме «Семья».,active
v0514,family,la pareja,пара,noun,f,singular,"family,a1",Mi hermano estudia español.,Мой брат изучает испанский.,pareja,пара,Базовая лексика по теме «Семья».,active
v0515,family,el abuelo,дедушка,noun,m,singular,"family,a1",Tengo una hermana menor.,У меня есть младшая сестра.,abuelo,дедушка,Базовая лексика по теме «Семья».,active
v0516,family,la abuela,бабушка,noun,f,singular,"family,a1",Mi abuela vive cerca.,Моя бабушка живёт рядом.,abuela,бабушка,Базовая лексика по теме «Семья».,active
v0517,family,el bisabuelo,прадедушка,noun,m,singular,"family,a1",Mi abuelo tiene setenta años.,Моему дедушке семьдесят лет.,bisabuelo,прадедушка,Базовая лексика по теме «Семья».,active
v0518,family,la bisabuela,прабабушка,noun,f,singular,"family,a1",Mi primo juega al fútbol.,Мой двоюродный брат играет в футбол.,bisabuela,прабабушка,Базовая лексика по теме «Семья».,active
v0519,family,el nieto,внук,noun,m,singular,"family,a1",Visitamos a nuestros tíos.,Мы навещаем наших дядю и тётю.,nieto,внук,Базовая лексика по теме «Семья».,active
v0520,family,la nieta,внучка,noun,f,singular,"family,a1",Mi madre cocina muy bien.,Моя мама очень хорошо готовит.,nieta,внучка,Базовая лексика по теме «Семья».,active
v0521,family,el tío,дядя,noun,m,singular,"family,a1",Mi padre trabaja en Madrid.,Мой папа работает в Мадриде.,tío,дядя,Базовая лексика по теме «Семья».,active
v0522,family,la tía,тётя,noun,f,singular,"family,a1",Mi hermano estudia español.,Мой брат изучает испанский.,tía,тётя,Базовая лексика по теме «Семья».,active
v0523,family,el primo,двоюродный брат,noun,m,singular,"family,a1",Tengo una hermana menor.,У меня есть младшая сестра.,primo,двоюродный брат,Базовая лексика по теме «Семья».,active
v0524,family,la prima,двоюродная сестра,noun,f,singular,"family,a1",Mi abuela vive cerca.,Моя бабушка живёт рядом.,prima,двоюродная сестра,Базовая лексика по теме «Семья».,active
v0525,family,el sobrino,племянник,noun,m,singular,"family,a1",Mi abuelo tiene setenta años.,Моему дедушке семьдесят лет.,sobrino,племянник,Базовая лексика по теме «Семья».,active
v0526,family,la sobrina,племянница,noun,f,singular,"family,a1",Mi primo juega al fútbol.,Мой двоюродный брат играет в футбол.,sobrina,племянница,Базовая лексика по теме «Семья».,active
v0527,family,el suegro,свёкор/тесть,noun,m,singular,"family,a1",Visitamos a nuestros tíos.,Мы навещаем наших дядю и тётю.,suegro,свёкор/тесть,Базовая лексика по теме «Семья».,active
v0528,family,la suegra,свекровь/тёща,noun,f,singular,"family,a1",Mi madre cocina muy bien.,Моя мама очень хорошо готовит.,suegra,свекровь/тёща,Базовая лексика по теме «Семья».,active
v0529,family,el yerno,зять,noun,m,singular,"family,a1",Mi padre trabaja en Madrid.,Мой папа работает в Мадриде.,yerno,зять,Базовая лексика по теме «Семья».,active
v0530,family,la nuera,невестка,noun,f,singular,"family,a1",Mi hermano estudia español.,Мой брат изучает испанский.,nuera,невестка,Базовая лексика по теме «Семья».,active
v0531,family,el cuñado,шурин/золовка,noun,m,singular,"family,a1",Tengo una hermana menor.,У меня есть младшая сестра.,cuñado,шурин/золовка,Базовая лексика по теме «Семья».,active
v0532,family,la cuñada,невестка/свояченица,noun,f,singular,"family,a1",Mi abuela vive cerca.,Моя бабушка живёт рядом.,cuñada,невестка/свояченица,Базовая лексика по теме «Семья».,active
v0533,family,el padrastro,отчим,noun,m,singular,"family,a1",Mi abuelo tiene setenta años.,Моему дедушке семьдесят лет.,padrastro,отчим,Базовая лексика по теме «Семья».,active
v0534,family,la madrastra,мачеха,noun,f,singular,"family,a1",Mi primo juega al fútbol.,Мой двоюродный брат играет в футбол.,madrastra,мачеха,Базовая лексика по теме «Семья».,active
v0535,family,la familia,семья,noun,f,singular,"family,a1",Visitamos a nuestros tíos.,Мы навещаем наших дядю и тётю.,familia,семья,Базовая лексика по теме «Семья».,active
v0536,family,el familiar,родственник,noun,m,singular,"family,a1",Mi madre cocina muy bien.,Моя мама очень хорошо готовит.,familiar,родственник,Базовая лексика по теме «Семья».,active
v0537,family,el pariente,родственник,noun,m,singular,"family,a1",Mi padre trabaja en Madrid.,Мой папа работает в Мадриде.,pariente,родственник,Базовая лексика по теме «Семья».,active
v0538,family,el gemelo,близнец,noun,m,singular,"family,a1",Mi hermano estudia español.,Мой брат изучает испанский.,gemelo,близнец,Базовая лексика по теме «Семья».,active
v0539,family,la gemela,близнец,noun,f,singular,"family,a1",Tengo una hermana menor.,У меня есть младшая сестра.,gemela,близнец,Базовая лексика по теме «Семья».,active
v0540,family,el mellizo,двойняшка,noun,m,singular,"family,a1",Mi abuela vive cerca.,Моя бабушка живёт рядом.,mellizo,двойняшка,Базовая лексика по теме «Семья».,active
v0541,family,la melliza,двойняшка,noun,f,singular,"family,a1",Mi abuelo tiene setenta años.,Моему дедушке семьдесят лет.,melliza,двойняшка,Базовая лексика по теме «Семья».,active
v0542,family,el apellido,фамилия,noun,m,singular,"family,a1",Mi primo juega al fútbol.,Мой двоюродный брат играет в футбол.,apellido,фамилия,Базовая лексика по теме «Семья».,active
v0543,family,la generación,поколение,noun,f,singular,"family,a1",Visitamos a nuestros tíos.,Мы навещаем наших дядю и тётю.,generación,поколение,Базовая лексика по теме «Семья».,active
v0544,family,el anciano,пожилой человек,noun,m,singular,"family,a1",Mi madre cocina muy bien.,Моя мама очень хорошо готовит.,anciano,пожилой человек,Базовая лексика по теме «Семья».,active
v0545,family,el adulto,взрослый,noun,m,singular,"family,a1",Mi padre trabaja en Madrid.,Мой папа работает в Мадриде.,adulto,взрослый,Базовая лексика по теме «Семья».,active
v0546,family,el joven,молодой человек,noun,m,singular,"family,a1",Mi hermano estudia español.,Мой брат изучает испанский.,joven,молодой человек,Базовая лексика по теме «Семья».,active
v0547,family,el adolescente,подросток,noun,m,singular,"family,a1",Tengo una hermana menor.,У меня есть младшая сестра.,adolescente,подросток,Базовая лексика по теме «Семья».,active
v0548,family,el hogar,"дом, семья",noun,m,singular,"family,a1",Mi abuela vive cerca.,Моя бабушка живёт рядом.,hogar,"дом, семья",Базовая лексика по теме «Семья».,active
v0549,family,el matrimonio,брак,noun,m,singular,"family,a1",Mi abuelo tiene setenta años.,Моему дедушке семьдесят лет.,matrimonio,брак,Базовая лексика по теме «Семья».,active
v0550,family,el divorcio,развод,noun,m,singular,"family,a1",Mi primo juega al fútbol.,Мой двоюродный брат играет в футбол.,divorcio,развод,Базовая лексика по теме «Семья».,active
v0551,family,la boda,свадьба,noun,f,singular,"family,a1",Visitamos a nuestros tíos.,Мы навещаем наших дядю и тётю.,boda,свадьба,Базовая лексика по теме «Семья».,active
v0552,family,el compromiso,помолвка,noun,m,singular,"family,a1",Mi madre cocina muy bien.,Моя мама очень хорошо готовит.,compromiso,помолвка,Базовая лексика по теме «Семья».,active
v0553,family,el soltero,холостяк,noun,m,singular,"family,a1",Mi padre trabaja en Madrid.,Мой папа работает в Мадриде.,soltero,холостяк,Базовая лексика по теме «Семья».,active
v0554,family,el casado,женатый,noun,m,singular,"family,a1",Mi hermano estudia español.,Мой брат изучает испанский.,casado,женатый,Базовая лексика по теме «Семья».,active
v0555,family,la viuda,вдова,noun,f,singular,"family,a1",Tengo una hermana menor.,У меня есть младшая сестра.,viuda,вдова,Базовая лексика по теме «Семья».,active
v0556,family,el viudo,вдовец,noun,m,singular,"family,a1",Mi abuela vive cerca.,Моя бабушка живёт рядом.,viudo,вдовец,Базовая лексика по теме «Семья».,active
v0557,personality,amable,добрый,adjective,,,"personality,a1",Siempre llega puntual.,Он всегда приходит вовремя.,amable,добрый,Базовая лексика по теме «Характер человека».,active
v0558,personality,simpático,приятный,adjective,,,"personality,a1",Mi amigo es muy trabajador.,Мой друг очень трудолюбивый.,simpático,приятный,Базовая лексика по теме «Характер человека».,active
v0559,personality,generoso,щедрый,adjective,,,"personality,a1",Hoy estoy cansado.,Сегодня я устал.,generoso,щедрый,Базовая лексика по теме «Характер человека».,active
v0560,personality,honesto,честный,adjective,,,"personality,a1",Nunca es egoísta.,Он никогда не бывает эгоистом.,honesto,честный,Базовая лексика по теме «Характер человека».,active
v0561,personality,inteligente,умный,adjective,,,"personality,a1",Pareces muy feliz.,Ты выглядишь очень счастливым.,inteligente,умный,Базовая лексика по теме «Характер человека».,active
v0562,personality,trabajador,трудолюбивый,adjective,,,"personality,a1",Es una persona muy amable.,Это очень добрый человек.,trabajador,трудолюбивый,Базовая лексика по теме «Характер человека».,active
v0563,personality,responsable,ответственный,adjective,,,"personality,a1",Siempre llega puntual.,Он всегда приходит вовремя.,responsable,ответственный,Базовая лексика по теме «Характер человека».,active
v0564,personality,tranquilo,спокойный,adjective,,,"personality,a1",Mi amigo es muy trabajador.,Мой друг очень трудолюбивый.,tranquilo,спокойный,Базовая лексика по теме «Характер человека».,active
v0565,personality,paciente,терпеливый,adjective,,,"personality,a1",Hoy estoy cansado.,Сегодня я устал.,paciente,терпеливый,Базовая лексика по теме «Характер человека».,active
v0566,personality,valiente,смелый,adjective,,,"personality,a1",Nunca es egoísta.,Он никогда не бывает эгоистом.,valiente,смелый,Базовая лексика по теме «Характер человека».,active
v0567,personality,alegre,весёлый,adjective,,,"personality,a1",Pareces muy feliz.,Ты выглядишь очень счастливым.,alegre,весёлый,Базовая лексика по теме «Характер человека».,active
v0568,personality,optimista,оптимистичный,adjective,,,"personality,a1",Es una persona muy amable.,Это очень добрый человек.,optimista,оптимистичный,Базовая лексика по теме «Характер человека».,active
v0569,personality,creativo,творческий,adjective,,,"personality,a1",Siempre llega puntual.,Он всегда приходит вовремя.,creativo,творческий,Базовая лексика по теме «Характер человека».,active
v0570,personality,educado,вежливый,adjective,,,"personality,a1",Mi amigo es muy trabajador.,Мой друг очень трудолюбивый.,educado,вежливый,Базовая лексика по теме «Характер человека».,active
v0571,personality,divertido,весёлый,adjective,,,"personality,a1",Hoy estoy cansado.,Сегодня я устал.,divertido,весёлый,Базовая лексика по теме «Характер человека».,active
v0572,personality,cariñoso,заботливый,adjective,,,"personality,a1",Nunca es egoísta.,Он никогда не бывает эгоистом.,cariñoso,заботливый,Базовая лексика по теме «Характер человека».,active
v0573,personality,humilde,скромный,adjective,,,"personality,a1",Pareces muy feliz.,Ты выглядишь очень счастливым.,humilde,скромный,Базовая лексика по теме «Характер человека».,active
v0574,personality,sociable,общительный,adjective,,,"personality,a1",Es una persona muy amable.,Это очень добрый человек.,sociable,общительный,Базовая лексика по теме «Характер человека».,active
v0575,personality,puntual,пунктуальный,adjective,,,"personality,a1",Siempre llega puntual.,Он всегда приходит вовремя.,puntual,пунктуальный,Базовая лексика по теме «Характер человека».,active
v0576,personality,activo,активный,adjective,,,"personality,a1",Mi amigo es muy trabajador.,Мой друг очень трудолюбивый.,activo,активный,Базовая лексика по теме «Характер человека».,active
v0577,personality,perezoso,ленивый,adjective,,,"personality,a1",Hoy estoy cansado.,Сегодня я устал.,perezoso,ленивый,Базовая лексика по теме «Характер человека».,active
v0578,personality,egoísta,эгоистичный,adjective,,,"personality,a1",Nunca es egoísta.,Он никогда не бывает эгоистом.,egoísta,эгоистичный,Базовая лексика по теме «Характер человека».,active
v0579,personality,mentiroso,лживый,adjective,,,"personality,a1",Pareces muy feliz.,Ты выглядишь очень счастливым.,mentiroso,лживый,Базовая лексика по теме «Характер человека».,active
v0580,personality,tímido,застенчивый,adjective,,,"personality,a1",Es una persona muy amable.,Это очень добрый человек.,tímido,застенчивый,Базовая лексика по теме «Характер человека».,active
v0581,personality,serio,серьёзный,adjective,,,"personality,a1",Siempre llega puntual.,Он всегда приходит вовремя.,serio,серьёзный,Базовая лексика по теме «Характер человека».,active
v0582,personality,nervioso,нервный,adjective,,,"personality,a1",Mi amigo es muy trabajador.,Мой друг очень трудолюбивый.,nervioso,нервный,Базовая лексика по теме «Характер человека».,active
v0583,personality,impaciente,нетерпеливый,adjective,,,"personality,a1",Hoy estoy cansado.,Сегодня я устал.,impaciente,нетерпеливый,Базовая лексика по теме «Характер человека».,active
v0584,personality,enfadado,сердитый,adjective,,,"personality,a1",Nunca es egoísta.,Он никогда не бывает эгоистом.,enfadado,сердитый,Базовая лексика по теме «Характер человека».,active
v0585,personality,orgulloso,гордый,adjective,,,"personality,a1",Pareces muy feliz.,Ты выглядишь очень счастливым.,orgulloso,гордый,Базовая лексика по теме «Характер человека».,active
v0586,personality,testarudo,упрямый,adjective,,,"personality,a1",Es una persona muy amable.,Это очень добрый человек.,testarudo,упрямый,Базовая лексика по теме «Характер человека».,active
v0587,personality,grosero,грубый,adjective,,,"personality,a1",Siempre llega puntual.,Он всегда приходит вовремя.,grosero,грубый,Базовая лексика по теме «Характер человека».,active
v0588,personality,antipático,неприятный,adjective,,,"personality,a1",Mi amigo es muy trabajador.,Мой друг очень трудолюбивый.,antipático,неприятный,Базовая лексика по теме «Характер человека».,active
v0589,personality,celoso,ревнивый,adjective,,,"personality,a1",Hoy estoy cansado.,Сегодня я устал.,celoso,ревнивый,Базовая лексика по теме «Характер человека».,active
v0590,personality,desordenado,неорганизованный,adjective,,,"personality,a1",Nunca es egoísta.,Он никогда не бывает эгоистом.,desordenado,неорганизованный,Базовая лексика по теме «Характер человека».,active
v0591,personality,irresponsable,безответственный,adjective,,,"personality,a1",Pareces muy feliz.,Ты выглядишь очень счастливым.,irresponsable,безответственный,Базовая лексика по теме «Характер человека».,active
v0592,personality,pesimista,пессимистичный,adjective,,,"personality,a1",Es una persona muy amable.,Это очень добрый человек.,pesimista,пессимистичный,Базовая лексика по теме «Характер человека».,active
v0593,personality,agresivo,агрессивный,adjective,,,"personality,a1",Siempre llega puntual.,Он всегда приходит вовремя.,agresivo,агрессивный,Базовая лексика по теме «Характер человека».,active
v0594,personality,callado,молчаливый,adjective,,,"personality,a1",Mi amigo es muy trabajador.,Мой друг очень трудолюбивый.,callado,молчаливый,Базовая лексика по теме «Характер человека».,active
v0595,personality,hablador,болтливый,adjective,,,"personality,a1",Hoy estoy cansado.,Сегодня я устал.,hablador,болтливый,Базовая лексика по теме «Характер человека».,active
v0596,personality,curioso,любопытный,adjective,,,"personality,a1",Nunca es egoísta.,Он никогда не бывает эгоистом.,curioso,любопытный,Базовая лексика по теме «Характер человека».,active
v0597,personality,cansado,уставший,adjective,,,"personality,a1",Pareces muy feliz.,Ты выглядишь очень счастливым.,cansado,уставший,Базовая лексика по теме «Характер человека».,active
v0598,personality,ocupado,занятый,adjective,,,"personality,a1",Es una persona muy amable.,Это очень добрый человек.,ocupado,занятый,Базовая лексика по теме «Характер человека».,active
v0599,personality,libre,свободный,adjective,,,"personality,a1",Siempre llega puntual.,Он всегда приходит вовремя.,libre,свободный,Базовая лексика по теме «Характер человека».,active
v0600,personality,feliz,счастливый,adjective,,,"personality,a1",Mi amigo es muy trabajador.,Мой друг очень трудолюбивый.,feliz,счастливый,Базовая лексика по теме «Характер человека».,active
v0601,personality,triste,грустный,adjective,,,"personality,a1",Hoy estoy cansado.,Сегодня я устал.,triste,грустный,Базовая лексика по теме «Характер человека».,active
v0602,personality,preocupado,обеспокоенный,adjective,,,"personality,a1",Nunca es egoísta.,Он никогда не бывает эгоистом.,preocupado,обеспокоенный,Базовая лексика по теме «Характер человека».,active
v0603,personality,sorprendido,удивлённый,adjective,,,"personality,a1",Pareces muy feliz.,Ты выглядишь очень счастливым.,sorprendido,удивлённый,Базовая лексика по теме «Характер человека».,active
v0604,personality,emocionado,взволнованный,adjective,,,"personality,a1",Es una persona muy amable.,Это очень добрый человек.,emocionado,взволнованный,Базовая лексика по теме «Характер человека».,active
v0605,personality,aburrido,скучающий,adjective,,,"personality,a1",Siempre llega puntual.,Он всегда приходит вовремя.,aburrido,скучающий,Базовая лексика по теме «Характер человека».,active
v0606,personality,relajado,расслабленный,adjective,,,"personality,a1",Mi amigo es muy trabajador.,Мой друг очень трудолюбивый.,relajado,расслабленный,Базовая лексика по теме «Характер человека».,active
v0607,personality,amigable,дружелюбный,adjective,,,"personality,a1",Hoy estoy cansado.,Сегодня я устал.,amigable,дружелюбный,Базовая лексика по теме «Характер человека».,active
v0608,personality,flexible,гибкий,adjective,,,"personality,a1",Nunca es egoísta.,Он никогда не бывает эгоистом.,flexible,гибкий,Базовая лексика по теме «Характер человека».,active
v0609,personality,fuerte,сильный,adjective,,,"personality,a1",Pareces muy feliz.,Ты выглядишь очень счастливым.,fuerte,сильный,Базовая лексика по теме «Характер человека».,active
v0610,personality,débil,слабый,adjective,,,"personality,a1",Es una persona muy amable.,Это очень добрый человек.,débil,слабый,Базовая лексика по теме «Характер человека».,active
v0611,personality,amable,любезный,adjective,,,"personality,a1",Siempre llega puntual.,Он всегда приходит вовремя.,amable,любезный,Базовая лексика по теме «Характер человека».,active
v0612,personality,ambicioso,амбициозный,adjective,,,"personality,a1",Mi amigo es muy trabajador.,Мой друг очень трудолюбивый.,ambicioso,амбициозный,Базовая лексика по теме «Характер человека».,active
v0613,personality,ordenado,организованный,adjective,,,"personality,a1",Hoy estoy cansado.,Сегодня я устал.,ordenado,организованный,Базовая лексика по теме «Характер человека».,active
v0614,personality,prudente,осторожный,adjective,,,"personality,a1",Nunca es egoísta.,Он никогда не бывает эгоистом.,prudente,осторожный,Базовая лексика по теме «Характер человека».,active
v0615,personality,sincero,искренний,adjective,,,"personality,a1",Pareces muy feliz.,Ты выглядишь очень счастливым.,sincero,искренний,Базовая лексика по теме «Характер человека».,active
v0616,personality,fiel,верный,adjective,,,"personality,a1",Es una persona muy amable.,Это очень добрый человек.,fiel,верный,Базовая лексика по теме «Характер человека».,active
v0617,appearance,alto,высокий,adjective,,,"appearance,a1",Es bastante alto para su edad.,Он довольно высокий для своего возраста.,alto;alta,высокий;высокая,Базовая лексика по теме «Внешность человека».,active
v0618,appearance,bajo,"низкий, невысокий",adjective,,,"appearance,a1","Mi hermano es bajo, pero muy fuerte.","Мой брат невысокий, но очень сильный.",bajo;baja,низкий;низкая;невысокий;невысокая,Базовая лексика по теме «Внешность человека».,active
v0619,appearance,de estatura media,среднего роста,adjective,,,"appearance,a1",Ella es de estatura media y tiene el pelo corto.,Она среднего роста и у неё короткие волосы.,de estatura media,среднего роста,Базовая лексика по теме «Внешность человека».,active
v0620,appearance,delgado,"худой, стройный",adjective,,,"appearance,a1",Carlos es delgado y corre todos los días.,Карлос стройный и бегает каждый день.,delgado;delgada,худой;худая;стройный;стройная,Базовая лексика по теме «Внешность человека».,active
v0621,appearance,gordo,"полный, толстый",adjective,,,"appearance,a1",El gato está un poco gordo.,Кот немного толстый.,gordo;gorda,полный;полная;толстый;толстая,Базовая лексика по теме «Внешность человека».,active
v0622,appearance,fuerte,сильный,adjective,,,"appearance,a1",Mi padre es fuerte y levanta cajas pesadas.,Мой отец сильный и поднимает тяжёлые коробки.,fuerte,сильный;сильная,Базовая лексика по теме «Внешность человека».,active
v0623,appearance,débil,слабый,adjective,,,"appearance,a1",Después de la gripe me siento débil.,После гриппа я чувствую себя слабым.,débil,слабый;слабая,Базовая лексика по теме «Внешность человека».,active
v0624,appearance,musculoso,мускулистый,adjective,,,"appearance,a1",El entrenador es muy musculoso.,Тренер очень мускулистый.,musculoso;musculosa,мускулистый;мускулистая,Базовая лексика по теме «Внешность человека».,active
v0625,appearance,atlético,спортивный,adjective,,,"appearance,a1",Tiene un cuerpo atlético.,У него спортивное тело.,atlético;atlética,спортивный;спортивная,Базовая лексика по теме «Внешность человека».,active
v0626,appearance,joven,молодой,adjective,,,"appearance,a1","Mi profesora es joven, pero tiene mucha experiencia.","Моя преподавательница молодая, но у неё большой опыт.",joven,молодой;молодая,Базовая лексика по теме «Внешность человека».,active
v0627,appearance,mayor,"пожилой, старше",adjective,,,"appearance,a1",Su hermano mayor vive en Sevilla.,Его старший брат живёт в Севилье.,mayor,старший;старшая;пожилой;пожилая,Базовая лексика по теме «Внешность человека».,active
v0628,appearance,viejo,старый,adjective,,,"appearance,a1",El perro ya está viejo y camina despacio.,Пёс уже старый и ходит медленно.,viejo;vieja,старый;старая,Базовая лексика по теме «Внешность человека».,active
v0629,appearance,guapo,"красивый, симпатичный",adjective,,,"appearance,a1",Tu primo es muy guapo.,Твой двоюродный брат очень симпатичный.,guapo;guapa,красивый;красивая;симпатичный;симпатичная,Базовая лексика по теме «Внешность человека».,active
v0630,appearance,bonito,"красивый, милый",adjective,,,"appearance,a1",Tiene una sonrisa bonita.,У неё красивая улыбка.,bonito;bonita,красивый;красивая;милый;милая,Базовая лексика по теме «Внешность человека».,active
v0631,appearance,feo,некрасивый,adjective,,,"appearance,a1",No me gusta decir que alguien es feo.,"Мне не нравится говорить, что кто-то некрасивый.",feo;fea,некрасивый;некрасивая,Базовая лексика по теме «Внешность человека».,active
v0632,appearance,atractivo,привлекательный,adjective,,,"appearance,a1",Es una persona atractiva y segura.,Это привлекательный и уверенный человек.,atractivo;atractiva,привлекательный;привлекательная,Базовая лексика по теме «Внешность человека».,active
v0633,appearance,elegante,элегантный,adjective,,,"appearance,a1",Hoy vas muy elegante.,Сегодня ты очень элегантно выглядишь.,elegante,элегантный;элегантная,Базовая лексика по теме «Внешность человека».,active
v0634,appearance,moderno,"современный, модный",adjective,,,"appearance,a1",Lleva un estilo moderno.,У него современный стиль.,moderno;moderna,современный;современная;модный;модная,Базовая лексика по теме «Внешность человека».,active
v0635,appearance,deportivo,спортивный,adjective,,,"appearance,a1",Prefiere un estilo deportivo.,Он предпочитает спортивный стиль.,deportivo;deportiva,спортивный;спортивная,Базовая лексика по теме «Внешность человека».,active
v0636,appearance,limpio,чистый,adjective,,,"appearance,a1",El niño siempre llega limpio al colegio.,Ребёнок всегда приходит в школу чистым.,limpio;limpia,чистый;чистая,Базовая лексика по теме «Внешность человека».,active
v0637,appearance,sucio,грязный,adjective,,,"appearance,a1",Después del partido tenía la camiseta sucia.,После матча у него была грязная футболка.,sucio;sucia,грязный;грязная,Базовая лексика по теме «Внешность человека».,active
v0638,appearance,rubio,"светловолосый, блондин",adjective,,,"appearance,a1",Mi hermana es rubia y tiene los ojos verdes.,"Моя сестра блондинка, и у неё зелёные глаза.",rubio;rubia,светловолосый;светловолосая;блондин;блондинка,Базовая лексика по теме «Внешность человека».,active
v0639,appearance,moreno,"темноволосый, брюнет",adjective,,,"appearance,a1",Pedro es moreno y lleva barba.,Педро брюнет и носит бороду.,moreno;morena,темноволосый;темноволосая;брюнет;брюнетка,Базовая лексика по теме «Внешность человека».,active
v0640,appearance,castaño,"каштановый, шатен",adjective,,,"appearance,a1",Tiene el pelo castaño claro.,У неё светло-каштановые волосы.,castaño;castaña,каштановый;каштановая;шатен;шатенка,Базовая лексика по теме «Внешность человека».,active
v0641,appearance,pelirrojo,рыжий,adjective,,,"appearance,a1",De pequeña era pelirroja.,В детстве она была рыжей.,pelirrojo;pelirroja,рыжий;рыжая,Базовая лексика по теме «Внешность человека».,active
v0642,appearance,calvo,лысый,adjective,,,"appearance,a1",Mi tío es calvo y siempre lleva gorra.,Мой дядя лысый и всегда носит кепку.,calvo;calva,лысый;лысая,Базовая лексика по теме «Внешность человека».,active
v0643,appearance,canoso,седой,adjective,,,"appearance,a1",El abuelo ya está canoso.,Дедушка уже седой.,canoso;canosa,седой;седая,Базовая лексика по теме «Внешность человека».,active
v0644,appearance,rizado,кудрявый,adjective,,,"appearance,a1",Me encanta su pelo rizado.,Мне очень нравятся её кудрявые волосы.,rizado;rizada,кудрявый;кудрявая,Базовая лексика по теме «Внешность человека».,active
v0645,appearance,liso,"прямой, гладкий",adjective,,,"appearance,a1",Tiene el pelo liso y largo.,У неё прямые и длинные волосы.,liso;lisa,прямой;прямая;гладкий;гладкая,Базовая лексика по теме «Внешность человека».,active
v0646,appearance,ondulado,волнистый,adjective,,,"appearance,a1",Mi madre tiene el pelo ondulado.,У моей мамы волнистые волосы.,ondulado;ondulada,волнистый;волнистая,Базовая лексика по теме «Внешность человека».,active
v0647,appearance,corto,короткий,adjective,,,"appearance,a1",Quiero el pelo más corto.,Я хочу волосы покороче.,corto;corta,короткий;короткая,Базовая лексика по теме «Внешность человека».,active
v0648,appearance,largo,длинный,adjective,,,"appearance,a1",Su hija tiene el pelo largo.,У его дочери длинные волосы.,largo;larga,длинный;длинная,Базовая лексика по теме «Внешность человека».,active
v0649,appearance,la barba,борода,noun,f,singular,"appearance,a1",Se afeitó la barba antes de la entrevista.,Он сбрил бороду перед собеседованием.,barba;la barba,борода,Базовая лексика по теме «Внешность человека».,active
v0650,appearance,el bigote,усы,noun,m,singular,"appearance,a1",Mi abuelo siempre tuvo bigote.,У моего дедушки всегда были усы.,bigote;el bigote,усы,Базовая лексика по теме «Внешность человека».,active
v0651,appearance,los ojos azules,голубые глаза,expression,m,plural,"appearance,a1",Tiene los ojos azules como su madre.,"У него голубые глаза, как у его мамы.",ojos azules;los ojos azules,голубые глаза;синие глаза,Базовая лексика по теме «Внешность человека».,active
v0652,appearance,los ojos verdes,зелёные глаза,expression,m,plural,"appearance,a1",Mi prima tiene los ojos verdes.,У моей двоюродной сестры зелёные глаза.,ojos verdes;los ojos verdes,зелёные глаза,Базовая лексика по теме «Внешность человека».,active
v0653,appearance,los ojos marrones,карие глаза,expression,m,plural,"appearance,a1",En mi familia casi todos tienen los ojos marrones.,В моей семье почти у всех карие глаза.,ojos marrones;los ojos marrones,карие глаза,Базовая лексика по теме «Внешность человека».,active
v0654,appearance,los ojos negros,чёрные глаза,expression,m,plural,"appearance,a1",La chica de la foto tiene los ojos negros.,У девушки на фото чёрные глаза.,ojos negros;los ojos negros,чёрные глаза,Базовая лексика по теме «Внешность человека».,active
v0655,appearance,sonriente,улыбчивый,adjective,,,"appearance,a1",Siempre está sonriente en las fotos.,На фотографиях он всегда улыбчивый.,sonriente,улыбчивый;улыбчивая,Базовая лексика по теме «Внешность человека».,active
v0656,appearance,pálido,бледный,adjective,,,"appearance,a1",Estás muy pálido; ¿te encuentras bien?,Ты очень бледный; ты хорошо себя чувствуешь?,pálido;pálida,бледный;бледная,Базовая лексика по теме «Внешность человека».,active
v0657,appearance,bronceado,загорелый,adjective,,,"appearance,a1",Volvió de la playa muy bronceado.,Он вернулся с пляжа очень загорелым.,bronceado;bronceada,загорелый;загорелая,Базовая лексика по теме «Внешность человека».,active
v0658,appearance,moreno de piel,смуглый,adjective,,,"appearance,a1",Es moreno de piel y tiene el pelo negro.,Он смуглый и у него чёрные волосы.,moreno de piel;morena de piel,смуглый;смуглая,Базовая лексика по теме «Внешность человека».,active
v0659,appearance,claro de piel,светлокожий,adjective,,,"appearance,a1",Mi hermano es claro de piel.,Мой брат светлокожий.,claro de piel;clara de piel,светлокожий;светлокожая,Базовая лексика по теме «Внешность человека».,active
v0660,appearance,la piel clara,светлая кожа,noun,f,singular,"appearance,a1",Tiene la piel clara y se quema fácilmente.,"У неё светлая кожа, и она легко обгорает.",piel clara;la piel clara,светлая кожа,Базовая лексика по теме «Внешность человека».,active
v0661,appearance,la piel oscura,тёмная кожа,noun,f,singular,"appearance,a1",Su padre tiene la piel oscura.,У его отца тёмная кожа.,piel oscura;la piel oscura,тёмная кожа,Базовая лексика по теме «Внешность человека».,active
v0662,appearance,la cara redonda,круглое лицо,noun,f,singular,"appearance,a1",De niño tenía la cara redonda.,В детстве у него было круглое лицо.,cara redonda;la cara redonda,круглое лицо,Базовая лексика по теме «Внешность человека».,active
v0663,appearance,la cara alargada,вытянутое лицо,noun,f,singular,"appearance,a1",Tiene la cara alargada y la nariz fina.,У неё вытянутое лицо и тонкий нос.,cara alargada;la cara alargada,вытянутое лицо,Базовая лексика по теме «Внешность человека».,active
v0664,appearance,la nariz grande,большой нос,noun,f,singular,"appearance,a1",Mi abuelo tenía la nariz grande.,У моего дедушки был большой нос.,nariz grande;la nariz grande,большой нос,Базовая лексика по теме «Внешность человека».,active
v0665,appearance,la nariz pequeña,маленький нос,noun,f,singular,"appearance,a1",El bebé tiene la nariz pequeña.,У младенца маленький нос.,nariz pequeña;la nariz pequeña,маленький нос,Базовая лексика по теме «Внешность человека».,active
v0666,appearance,las pecas,веснушки,expression,f,plural,"appearance,a1",De pequeña tenía muchas pecas.,В детстве у неё было много веснушек.,pecas;las pecas,веснушки,Базовая лексика по теме «Внешность человека».,active
v0667,appearance,la cicatriz,шрам,noun,f,singular,"appearance,a1",Tiene una cicatriz pequeña en la frente.,У него маленький шрам на лбу.,cicatriz;la cicatriz,шрам,Базовая лексика по теме «Внешность человека».,active
v0668,appearance,las gafas,очки,expression,f,plural,"appearance,a1",Lleva gafas para leer.,Он носит очки для чтения.,gafas;las gafas,очки,Базовая лексика по теме «Внешность человека».,active
v0669,appearance,el lunar,родинка,noun,m,singular,"appearance,a1",Tiene un lunar junto a la boca.,У неё родинка рядом со ртом.,lunar;el lunar,родинка,Базовая лексика по теме «Внешность человека».,active
v0670,appearance,la sonrisa,улыбка,noun,f,singular,"appearance,a1",Su sonrisa es muy bonita.,У неё очень красивая улыбка.,sonrisa;la sonrisa,улыбка,Базовая лексика по теме «Внешность человека».,active
v0671,appearance,la ropa elegante,элегантная одежда,expression,f,singular,"appearance,a1",Para la boda llevó ropa elegante.,На свадьбу он надел элегантную одежду.,ropa elegante;la ropa elegante,элегантная одежда,Базовая лексика по теме «Внешность человека».,active
v0672,appearance,la ropa cómoda,удобная одежда,expression,f,singular,"appearance,a1",En casa uso ropa cómoda.,Дома я ношу удобную одежду.,ropa cómoda;la ropa cómoda,удобная одежда,Базовая лексика по теме «Внешность человека».,active
v0673,appearance,vestido de negro,одетый в чёрное,adjective,,,"appearance,a1",Hoy viene vestido de negro.,Сегодня он пришёл одетым в чёрное.,vestido de negro;vestida de negro,одетый в чёрное;одетая в чёрное,Базовая лексика по теме «Внешность человека».,active
v0674,appearance,bien vestido,хорошо одетый,adjective,,,"appearance,a1",Tu jefe siempre va bien vestido.,Твой начальник всегда хорошо одет.,bien vestido;bien vestida,хорошо одетый;хорошо одетая,Базовая лексика по теме «Внешность человека».,active
v0675,appearance,mal vestido,плохо одетый,adjective,,,"appearance,a1","No estaba mal vestido, solo cansado.","Он не был плохо одет, просто выглядел уставшим.",mal vestido;mal vestida,плохо одетый;плохо одетая,Базовая лексика по теме «Внешность человека».,active
v0676,appearance,parecer,"выглядеть, казаться",verb,,,"appearance,a1",Pareces más joven con ese corte de pelo.,С этой стрижкой ты выглядишь моложе.,parecer,выглядеть;казаться,Базовая лексика по теме «Внешность человека».,active
v0677,food_1,el pan,хлеб,noun,m,singular,"food_1,a1",Me gusta el pan.,Мне нравится хлеб.,pan,хлеб,Базовая лексика по теме «Продукты».,active
v0678,food_1,el arroz,рис,noun,m,singular,"food_1,a1",Me gusta el arroz.,Мне нравится рис.,arroz,рис,Базовая лексика по теме «Продукты».,active
v0679,food_1,la pasta,паста,noun,f,singular,"food_1,a1",Me gusta la pasta.,Мне нравится паста.,pasta,паста,Базовая лексика по теме «Продукты».,active
v0680,food_1,la sopa,суп,noun,f,singular,"food_1,a1",Me gusta la sopa.,Мне нравится суп.,sopa,суп,Базовая лексика по теме «Продукты».,active
v0681,food_1,la carne,мясо,noun,f,singular,"food_1,a1",Me gusta la carne.,Мне нравится мясо.,carne,мясо,Базовая лексика по теме «Продукты».,active
v0682,food_1,el pollo,курица,noun,m,singular,"food_1,a1",Me gusta el pollo.,Мне нравится курица.,pollo,курица,Базовая лексика по теме «Продукты».,active
v0683,food_1,la ternera,говядина,noun,f,singular,"food_1,a1",Me gusta la ternera.,Мне нравится говядина.,ternera,говядина,Базовая лексика по теме «Продукты».,active
v0684,food_1,el cerdo,свинина,noun,m,singular,"food_1,a1",Me gusta el cerdo.,Мне нравится свинина.,cerdo,свинина,Базовая лексика по теме «Продукты».,active
v0685,food_1,el pescado,рыба,noun,m,singular,"food_1,a1",Me gusta el pescado.,Мне нравится рыба.,pescado,рыба,Базовая лексика по теме «Продукты».,active
v0686,food_1,el salmón,лосось,noun,m,singular,"food_1,a1",Me gusta el salmón.,Мне нравится лосось.,salmón,лосось,Базовая лексика по теме «Продукты».,active
v0687,food_1,el huevo,яйцо,noun,m,singular,"food_1,a1",Me gusta el huevo.,Мне нравится яйцо.,huevo,яйцо,Базовая лексика по теме «Продукты».,active
v0688,food_1,la leche,молоко,noun,f,singular,"food_1,a1",Me gusta la leche.,Мне нравится молоко.,leche,молоко,Базовая лексика по теме «Продукты».,active
v0689,food_1,el queso,сыр,noun,m,singular,"food_1,a1",Me gusta el queso.,Мне нравится сыр.,queso,сыр,Базовая лексика по теме «Продукты».,active
v0690,food_1,la mantequilla,сливочное масло,noun,f,singular,"food_1,a1",Me gusta la mantequilla.,Мне нравится сливочное масло.,mantequilla,сливочное масло,Базовая лексика по теме «Продукты».,active
v0691,food_1,el yogur,йогурт,noun,m,singular,"food_1,a1",Me gusta el yogur.,Мне нравится йогурт.,yogur,йогурт,Базовая лексика по теме «Продукты».,active
v0692,food_1,la nata,сливки,noun,f,singular,"food_1,a1",Me gusta la nata.,Мне нравится сливки.,nata,сливки,Базовая лексика по теме «Продукты».,active
v0693,food_1,la sal,соль,noun,f,singular,"food_1,a1",Me gusta la sal.,Мне нравится соль.,sal,соль,Базовая лексика по теме «Продукты».,active
v0694,food_1,el azúcar,сахар,noun,m,singular,"food_1,a1",Me gusta el azúcar.,Мне нравится сахар.,azúcar,сахар,Базовая лексика по теме «Продукты».,active
v0695,food_1,la pimienta,перец,noun,f,singular,"food_1,a1",Me gusta la pimienta.,Мне нравится перец.,pimienta,перец,Базовая лексика по теме «Продукты».,active
v0696,food_1,el aceite,масло,noun,m,singular,"food_1,a1",Me gusta el aceite.,Мне нравится масло.,aceite,масло,Базовая лексика по теме «Продукты».,active
v0697,food_1,el agua,вода,noun,m,singular,"food_1,a1",Me gusta el agua.,Мне нравится вода.,agua,вода,Базовая лексика по теме «Продукты».,active
v0698,food_1,el café,кофе,noun,m,singular,"food_1,a1",Me gusta el café.,Мне нравится кофе.,café,кофе,Базовая лексика по теме «Продукты».,active
v0699,food_1,el té,чай,noun,m,singular,"food_1,a1",Me gusta el té.,Мне нравится чай.,té,чай,Базовая лексика по теме «Продукты».,active
v0700,food_1,el zumo,сок,noun,m,singular,"food_1,a1",Me gusta el zumo.,Мне нравится сок.,zumo,сок,Базовая лексика по теме «Продукты».,active
v0701,food_1,la harina,мука,noun,f,singular,"food_1,a1",Me gusta la harina.,Мне нравится мука.,harina,мука,Базовая лексика по теме «Продукты».,active
v0702,food_1,el cereal,хлопья,noun,m,singular,"food_1,a1",Me gusta el cereal.,Мне нравится хлопья.,cereal,хлопья,Базовая лексика по теме «Продукты».,active
v0703,food_1,la avena,овсянка,noun,f,singular,"food_1,a1",Me gusta la avena.,Мне нравится овсянка.,avena,овсянка,Базовая лексика по теме «Продукты».,active
v0704,food_1,la miel,мёд,noun,f,singular,"food_1,a1",Me gusta la miel.,Мне нравится мёд.,miel,мёд,Базовая лексика по теме «Продукты».,active
v0705,food_1,la mermelada,джем,noun,f,singular,"food_1,a1",Me gusta la mermelada.,Мне нравится джем.,mermelada,джем,Базовая лексика по теме «Продукты».,active
v0706,food_1,el chocolate,шоколад,noun,m,singular,"food_1,a1",Me gusta el chocolate.,Мне нравится шоколад.,chocolate,шоколад,Базовая лексика по теме «Продукты».,active
v0707,food_1,la galleta,печенье,noun,f,singular,"food_1,a1",Me gusta la galleta.,Мне нравится печенье.,galleta,печенье,Базовая лексика по теме «Продукты».,active
v0708,food_1,el pastel,торт,noun,m,singular,"food_1,a1",Me gusta el pastel.,Мне нравится торт.,pastel,торт,Базовая лексика по теме «Продукты».,active
v0709,food_1,el helado,мороженое,noun,m,singular,"food_1,a1",Me gusta el helado.,Мне нравится мороженое.,helado,мороженое,Базовая лексика по теме «Продукты».,active
v0710,food_1,la pizza,пицца,noun,f,singular,"food_1,a1",Me gusta la pizza.,Мне нравится пицца.,pizza,пицца,Базовая лексика по теме «Продукты».,active
v0711,food_1,la hamburguesa,гамбургер,noun,f,singular,"food_1,a1",Me gusta la hamburguesa.,Мне нравится гамбургер.,hamburguesa,гамбургер,Базовая лексика по теме «Продукты».,active
v0712,food_1,el bocadillo,бутерброд,noun,m,singular,"food_1,a1",Me gusta el bocadillo.,Мне нравится бутерброд.,bocadillo,бутерброд,Базовая лексика по теме «Продукты».,active
v0713,food_1,la ensalada,салат,noun,f,singular,"food_1,a1",Me gusta la ensalada.,Мне нравится салат.,ensalada,салат,Базовая лексика по теме «Продукты».,active
v0714,food_1,la patata,картофель,noun,f,singular,"food_1,a1",Me gusta la patata.,Мне нравится картофель.,patata,картофель,Базовая лексика по теме «Продукты».,active
v0715,food_1,el tomate,помидор,noun,m,singular,"food_1,a1",Me gusta el tomate.,Мне нравится помидор.,tomate,помидор,Базовая лексика по теме «Продукты».,active
v0716,food_1,el pepino,огурец,noun,m,singular,"food_1,a1",Me gusta el pepino.,Мне нравится огурец.,pepino,огурец,Базовая лексика по теме «Продукты».,active
v0717,food_1,la cebolla,лук,noun,f,singular,"food_1,a1",Me gusta la cebolla.,Мне нравится лук.,cebolla,лук,Базовая лексика по теме «Продукты».,active
v0718,food_1,el ajo,чеснок,noun,m,singular,"food_1,a1",Me gusta el ajo.,Мне нравится чеснок.,ajo,чеснок,Базовая лексика по теме «Продукты».,active
v0719,food_1,la zanahoria,морковь,noun,f,singular,"food_1,a1",Me gusta la zanahoria.,Мне нравится морковь.,zanahoria,морковь,Базовая лексика по теме «Продукты».,active
v0720,food_1,el pimiento,перец,noun,m,singular,"food_1,a1",Me gusta el pimiento.,Мне нравится перец.,pimiento,перец,Базовая лексика по теме «Продукты».,active
v0721,food_1,el maíz,кукуруза,noun,m,singular,"food_1,a1",Me gusta el maíz.,Мне нравится кукуруза.,maíz,кукуруза,Базовая лексика по теме «Продукты».,active
v0722,food_1,los guisantes,горошек,noun,m,singular,"food_1,a1",Me gusta los guisantes.,Мне нравится горошек.,guisantes,горошек,Базовая лексика по теме «Продукты».,active
v0723,food_1,el champiñón,шампиньон,noun,m,singular,"food_1,a1",Me gusta el champiñón.,Мне нравится шампиньон.,champiñón,шампиньон,Базовая лексика по теме «Продукты».,active
v0724,food_1,el limón,лимон,noun,m,singular,"food_1,a1",Me gusta el limón.,Мне нравится лимон.,limón,лимон,Базовая лексика по теме «Продукты».,active
v0725,food_1,la naranja,апельсин,noun,f,singular,"food_1,a1",Me gusta la naranja.,Мне нравится апельсин.,naranja,апельсин,Базовая лексика по теме «Продукты».,active
v0726,food_1,la manzana,яблоко,noun,f,singular,"food_1,a1",Me gusta la manzana.,Мне нравится яблоко.,manzana,яблоко,Базовая лексика по теме «Продукты».,active
v0727,food_2,el plátano,банан,noun,m,singular,"food_2,a1",Me gusta el plátano.,Мне нравится банан.,plátano,банан,Базовая лексика по теме «Продукты».,active
v0728,food_2,la pera,груша,noun,f,singular,"food_2,a1",Me gusta la pera.,Мне нравится груша.,pera,груша,Базовая лексика по теме «Продукты».,active
v0729,food_2,la uva,виноград,noun,f,singular,"food_2,a1",Me gusta la uva.,Мне нравится виноград.,uva,виноград,Базовая лексика по теме «Продукты».,active
v0730,food_2,la fresa,клубника,noun,f,singular,"food_2,a1",Me gusta la fresa.,Мне нравится клубника.,fresa,клубника,Базовая лексика по теме «Продукты».,active
v0731,food_2,la cereza,вишня,noun,f,singular,"food_2,a1",Me gusta la cereza.,Мне нравится вишня.,cereza,вишня,Базовая лексика по теме «Продукты».,active
v0732,food_2,el melocotón,персик,noun,m,singular,"food_2,a1",Me gusta el melocotón.,Мне нравится персик.,melocotón,персик,Базовая лексика по теме «Продукты».,active
v0733,food_2,la sandía,арбуз,noun,f,singular,"food_2,a1",Me gusta la sandía.,Мне нравится арбуз.,sandía,арбуз,Базовая лексика по теме «Продукты».,active
v0734,food_2,el melón,дыня,noun,m,singular,"food_2,a1",Me gusta el melón.,Мне нравится дыня.,melón,дыня,Базовая лексика по теме «Продукты».,active
v0735,food_2,la piña,ананас,noun,f,singular,"food_2,a1",Me gusta la piña.,Мне нравится ананас.,piña,ананас,Базовая лексика по теме «Продукты».,active
v0736,food_2,el kiwi,киви,noun,m,singular,"food_2,a1",Me gusta el kiwi.,Мне нравится киви.,kiwi,киви,Базовая лексика по теме «Продукты».,active
v0737,food_2,el coco,кокос,noun,m,singular,"food_2,a1",Me gusta el coco.,Мне нравится кокос.,coco,кокос,Базовая лексика по теме «Продукты».,active
v0738,food_2,la frambuesa,малина,noun,f,singular,"food_2,a1",Me gusta la frambuesa.,Мне нравится малина.,frambuesa,малина,Базовая лексика по теме «Продукты».,active
v0739,food_2,el arándano,черника,noun,m,singular,"food_2,a1",Me gusta el arándano.,Мне нравится черника.,arándano,черника,Базовая лексика по теме «Продукты».,active
v0740,food_2,la lechuga,салат-латук,noun,f,singular,"food_2,a1",Me gusta la lechuga.,Мне нравится салат-латук.,lechuga,салат-латук,Базовая лексика по теме «Продукты».,active
v0741,food_2,el brócoli,брокколи,noun,m,singular,"food_2,a1",Me gusta el brócoli.,Мне нравится брокколи.,brócoli,брокколи,Базовая лексика по теме «Продукты».,active
v0742,food_2,la col,капуста,noun,f,singular,"food_2,a1",Me gusta la col.,Мне нравится капуста.,col,капуста,Базовая лексика по теме «Продукты».,active
v0743,food_2,la coliflor,цветная капуста,noun,f,singular,"food_2,a1",Me gusta la coliflor.,Мне нравится цветная капуста.,coliflor,цветная капуста,Базовая лексика по теме «Продукты».,active
v0744,food_2,las espinacas,шпинат,noun,f,singular,"food_2,a1",Me gusta las espinacas.,Мне нравится шпинат.,espinacas,шпинат,Базовая лексика по теме «Продукты».,active
v0745,food_2,el calabacín,кабачок,noun,m,singular,"food_2,a1",Me gusta el calabacín.,Мне нравится кабачок.,calabacín,кабачок,Базовая лексика по теме «Продукты».,active
v0746,food_2,la berenjena,баклажан,noun,f,singular,"food_2,a1",Me gusta la berenjena.,Мне нравится баклажан.,berenjena,баклажан,Базовая лексика по теме «Продукты».,active
v0747,food_2,la judía,фасоль,noun,f,singular,"food_2,a1",Me gusta la judía.,Мне нравится фасоль.,judía,фасоль,Базовая лексика по теме «Продукты».,active
v0748,food_2,la lenteja,чечевица,noun,f,singular,"food_2,a1",Me gusta la lenteja.,Мне нравится чечевица.,lenteja,чечевица,Базовая лексика по теме «Продукты».,active
v0749,food_2,el garbanzo,нут,noun,m,singular,"food_2,a1",Me gusta el garbanzo.,Мне нравится нут.,garbanzo,нут,Базовая лексика по теме «Продукты».,active
v0750,food_2,la nuez,грецкий орех,noun,f,singular,"food_2,a1",Me gusta la nuez.,Мне нравится грецкий орех.,nuez,грецкий орех,Базовая лексика по теме «Продукты».,active
v0751,food_2,la almendra,миндаль,noun,f,singular,"food_2,a1",Me gusta la almendra.,Мне нравится миндаль.,almendra,миндаль,Базовая лексика по теме «Продукты».,active
v0752,food_2,el cacahuete,арахис,noun,m,singular,"food_2,a1",Me gusta el cacahuete.,Мне нравится арахис.,cacahuete,арахис,Базовая лексика по теме «Продукты».,active
v0753,food_2,la pasa,изюм,noun,f,singular,"food_2,a1",Me gusta la pasa.,Мне нравится изюм.,pasa,изюм,Базовая лексика по теме «Продукты».,active
v0754,food_2,el vinagre,уксус,noun,m,singular,"food_2,a1",Me gusta el vinagre.,Мне нравится уксус.,vinagre,уксус,Базовая лексика по теме «Продукты».,active
v0755,food_2,la salsa,соус,noun,f,singular,"food_2,a1",Me gusta la salsa.,Мне нравится соус.,salsa,соус,Базовая лексика по теме «Продукты».,active
v0756,food_2,la mayonesa,майонез,noun,f,singular,"food_2,a1",Me gusta la mayonesa.,Мне нравится майонез.,mayonesa,майонез,Базовая лексика по теме «Продукты».,active
v0757,food_2,la mostaza,горчица,noun,f,singular,"food_2,a1",Me gusta la mostaza.,Мне нравится горчица.,mostaza,горчица,Базовая лексика по теме «Продукты».,active
v0758,food_2,el ketchup,кетчуп,noun,m,singular,"food_2,a1",Me gusta el ketchup.,Мне нравится кетчуп.,ketchup,кетчуп,Базовая лексика по теме «Продукты».,active
v0759,food_2,el marisco,морепродукты,noun,m,singular,"food_2,a1",Me gusta el marisco.,Мне нравится морепродукты.,marisco,морепродукты,Базовая лексика по теме «Продукты».,active
v0760,food_2,el jamón,ветчина,noun,m,singular,"food_2,a1",Me gusta el jamón.,Мне нравится ветчина.,jamón,ветчина,Базовая лексика по теме «Продукты».,active
v0761,food_2,la salchicha,сосиска,noun,f,singular,"food_2,a1",Me gusta la salchicha.,Мне нравится сосиска.,salchicha,сосиска,Базовая лексика по теме «Продукты».,active
v0762,food_2,el tocino,бекон,noun,m,singular,"food_2,a1",Me gusta el tocino.,Мне нравится бекон.,tocino,бекон,Базовая лексика по теме «Продукты».,active
v0763,food_2,el atún,тунец,noun,m,singular,"food_2,a1",Me gusta el atún.,Мне нравится тунец.,atún,тунец,Базовая лексика по теме «Продукты».,active
v0764,food_2,el camarón,креветка,noun,m,singular,"food_2,a1",Me gusta el camarón.,Мне нравится креветка.,camarón,креветка,Базовая лексика по теме «Продукты».,active
v0765,food_2,el pulpo,осьминог,noun,m,singular,"food_2,a1",Me gusta el pulpo.,Мне нравится осьминог.,pulpo,осьминог,Базовая лексика по теме «Продукты».,active
v0766,food_2,el calamar,кальмар,noun,m,singular,"food_2,a1",Me gusta el calamar.,Мне нравится кальмар.,calamar,кальмар,Базовая лексика по теме «Продукты».,active
v0767,food_2,la tortilla,омлет,noun,f,singular,"food_2,a1",Me gusta la tortilla.,Мне нравится омлет.,tortilla,омлет,Базовая лексика по теме «Продукты».,active
v0768,food_2,el desayuno,завтрак,noun,m,singular,"food_2,a1",Me gusta el desayuno.,Мне нравится завтрак.,desayuno,завтрак,Базовая лексика по теме «Продукты».,active
v0769,food_2,el almuerzo,обед,noun,m,singular,"food_2,a1",Me gusta el almuerzo.,Мне нравится обед.,almuerzo,обед,Базовая лексика по теме «Продукты».,active
v0770,food_2,la cena,ужин,noun,f,singular,"food_2,a1",Me gusta la cena.,Мне нравится ужин.,cena,ужин,Базовая лексика по теме «Продукты».,active
v0771,food_2,el postre,десерт,noun,m,singular,"food_2,a1",Me gusta el postre.,Мне нравится десерт.,postre,десерт,Базовая лексика по теме «Продукты».,active
v0772,food_2,el bocadito,закуска,noun,m,singular,"food_2,a1",Me gusta el bocadito.,Мне нравится закуска.,bocadito,закуска,Базовая лексика по теме «Продукты».,active
v0773,food_2,el ingrediente,ингредиент,noun,m,singular,"food_2,a1",Me gusta el ingrediente.,Мне нравится ингредиент.,ingrediente,ингредиент,Базовая лексика по теме «Продукты».,active
v0774,food_2,la receta,рецепт,noun,f,singular,"food_2,a1",Me gusta la receta.,Мне нравится рецепт.,receta,рецепт,Базовая лексика по теме «Продукты».,active
v0775,food_2,la comida,еда,noun,f,singular,"food_2,a1",Me gusta la comida.,Мне нравится еда.,comida,еда,Базовая лексика по теме «Продукты».,active
v0776,food_2,la bebida,напиток,noun,f,singular,"food_2,a1",Me gusta la bebida.,Мне нравится напиток.,bebida,напиток,Базовая лексика по теме «Продукты».,active
v0777,body,la cabeza,голова,noun,f,singular,"body,a1",Me duele la cabeza.,У меня болит голова.,cabeza,голова,Базовая лексика по теме «Части тела».,active
v0778,body,la cara,лицо,noun,f,singular,"body,a1",Tiene la cara sano.,У него здоровая лицо.,cara,лицо,Базовая лексика по теме «Части тела».,active
v0779,body,el pelo,волосы,noun,m,singular,"body,a1",Lávate el pelo.,Помой волосы.,pelo,волосы,Базовая лексика по теме «Части тела».,active
v0780,body,la frente,лоб,noun,f,singular,"body,a1",Me duele la frente.,У меня болит лоб.,frente,лоб,Базовая лексика по теме «Части тела».,active
v0781,body,el ojo,глаз,noun,m,singular,"body,a1",Tiene el ojo sano.,У него здоровый глаз.,ojo,глаз,Базовая лексика по теме «Части тела».,active
v0782,body,la oreja,ухо,noun,f,singular,"body,a1",Lávate la oreja.,Помой ухо.,oreja,ухо,Базовая лексика по теме «Части тела».,active
v0783,body,la nariz,нос,noun,f,singular,"body,a1",Me duele la nariz.,У меня болит нос.,nariz,нос,Базовая лексика по теме «Части тела».,active
v0784,body,la boca,рот,noun,f,singular,"body,a1",Tiene la boca sano.,У него здоровая рот.,boca,рот,Базовая лексика по теме «Части тела».,active
v0785,body,el labio,губа,noun,m,singular,"body,a1",Lávate el labio.,Помой губа.,labio,губа,Базовая лексика по теме «Части тела».,active
v0786,body,el diente,зуб,noun,m,singular,"body,a1",Me duele el diente.,У меня болит зуб.,diente,зуб,Базовая лексика по теме «Части тела».,active
v0787,body,la lengua,язык,noun,f,singular,"body,a1",Tiene la lengua sano.,У него здоровая язык.,lengua,язык,Базовая лексика по теме «Части тела».,active
v0788,body,la mejilla,щека,noun,f,singular,"body,a1",Lávate la mejilla.,Помой щека.,mejilla,щека,Базовая лексика по теме «Части тела».,active
v0789,body,la barbilla,подбородок,noun,f,singular,"body,a1",Me duele la barbilla.,У меня болит подбородок.,barbilla,подбородок,Базовая лексика по теме «Части тела».,active
v0790,body,el cuello,шея,noun,m,singular,"body,a1",Tiene el cuello sano.,У него здоровый шея.,cuello,шея,Базовая лексика по теме «Части тела».,active
v0791,body,el hombro,плечо,noun,m,singular,"body,a1",Lávate el hombro.,Помой плечо.,hombro,плечо,Базовая лексика по теме «Части тела».,active
v0792,body,el brazo,рука,noun,m,singular,"body,a1",Me duele el brazo.,У меня болит рука.,brazo,рука,Базовая лексика по теме «Части тела».,active
v0793,body,el codo,локоть,noun,m,singular,"body,a1",Tiene el codo sano.,У него здоровый локоть.,codo,локоть,Базовая лексика по теме «Части тела».,active
v0794,body,la muñeca,запястье,noun,f,singular,"body,a1",Lávate la muñeca.,Помой запястье.,muñeca,запястье,Базовая лексика по теме «Части тела».,active
v0795,body,la mano,кисть,noun,f,singular,"body,a1",Me duele la mano.,У меня болит кисть.,mano,кисть,Базовая лексика по теме «Части тела».,active
v0796,body,el dedo,палец,noun,m,singular,"body,a1",Tiene el dedo sano.,У него здоровый палец.,dedo,палец,Базовая лексика по теме «Части тела».,active
v0797,body,el pulgar,большой палец,noun,m,singular,"body,a1",Lávate el pulgar.,Помой большой палец.,pulgar,большой палец,Базовая лексика по теме «Части тела».,active
v0798,body,la uña,ноготь,noun,f,singular,"body,a1",Me duele la uña.,У меня болит ноготь.,uña,ноготь,Базовая лексика по теме «Части тела».,active
v0799,body,el pecho,грудь,noun,m,singular,"body,a1",Tiene el pecho sano.,У него здоровый грудь.,pecho,грудь,Базовая лексика по теме «Части тела».,active
v0800,body,la espalda,спина,noun,f,singular,"body,a1",Lávate la espalda.,Помой спина.,espalda,спина,Базовая лексика по теме «Части тела».,active
v0801,body,el vientre,живот,noun,m,singular,"body,a1",Me duele el vientre.,У меня болит живот.,vientre,живот,Базовая лексика по теме «Части тела».,active
v0802,body,la cintura,талия,noun,f,singular,"body,a1",Tiene la cintura sano.,У него здоровая талия.,cintura,талия,Базовая лексика по теме «Части тела».,active
v0803,body,la cadera,бедро,noun,f,singular,"body,a1",Lávate la cadera.,Помой бедро.,cadera,бедро,Базовая лексика по теме «Части тела».,active
v0804,body,la rodilla,колено,noun,f,singular,"body,a1",Me duele la rodilla.,У меня болит колено.,rodilla,колено,Базовая лексика по теме «Части тела».,active
v0805,body,la pierna,нога,noun,f,singular,"body,a1",Tiene la pierna sano.,У него здоровая нога.,pierna,нога,Базовая лексика по теме «Части тела».,active
v0806,body,la espinilla,голень,noun,f,singular,"body,a1",Lávate la espinilla.,Помой голень.,espinilla,голень,Базовая лексика по теме «Части тела».,active
v0807,body,el tobillo,лодыжка,noun,m,singular,"body,a1",Me duele el tobillo.,У меня болит лодыжка.,tobillo,лодыжка,Базовая лексика по теме «Части тела».,active
v0808,body,el pie,ступня,noun,m,singular,"body,a1",Tiene el pie sano.,У него здоровый ступня.,pie,ступня,Базовая лексика по теме «Части тела».,active
v0809,body,el talón,пятка,noun,m,singular,"body,a1",Lávate el talón.,Помой пятка.,talón,пятка,Базовая лексика по теме «Части тела».,active
v0810,body,el dedo del pie,палец ноги,noun,m,singular,"body,a1",Me duele el dedo del pie.,У меня болит палец ноги.,dedo dpie,палец ноги,Базовая лексика по теме «Части тела».,active
v0811,body,el corazón,сердце,noun,m,singular,"body,a1",Tiene el corazón sano.,У него здоровый сердце.,corazón,сердце,Базовая лексика по теме «Части тела».,active
v0812,body,el cerebro,мозг,noun,m,singular,"body,a1",Lávate el cerebro.,Помой мозг.,cerebro,мозг,Базовая лексика по теме «Части тела».,active
v0813,body,los pulmones,лёгкие,noun,m,singular,"body,a1",Me duele los pulmones.,У меня болит лёгкие.,pulmones,лёгкие,Базовая лексика по теме «Части тела».,active
v0814,body,el estómago,желудок,noun,m,singular,"body,a1",Tiene el estómago sano.,У него здоровый желудок.,estómago,желудок,Базовая лексика по теме «Части тела».,active
v0815,body,el hígado,печень,noun,m,singular,"body,a1",Lávate el hígado.,Помой печень.,hígado,печень,Базовая лексика по теме «Части тела».,active
v0816,body,el riñón,почка,noun,m,singular,"body,a1",Me duele el riñón.,У меня болит почка.,riñón,почка,Базовая лексика по теме «Части тела».,active
v0817,body,la sangre,кровь,noun,f,singular,"body,a1",Tiene la sangre sano.,У него здоровая кровь.,sangre,кровь,Базовая лексика по теме «Части тела».,active
v0818,body,la piel,кожа,noun,f,singular,"body,a1",Lávate la piel.,Помой кожа.,piel,кожа,Базовая лексика по теме «Части тела».,active
v0819,body,el hueso,кость,noun,m,singular,"body,a1",Me duele el hueso.,У меня болит кость.,hueso,кость,Базовая лексика по теме «Части тела».,active
v0820,body,el músculo,мышца,noun,m,singular,"body,a1",Tiene el músculo sano.,У него здоровый мышца.,músculo,мышца,Базовая лексика по теме «Части тела».,active
v0821,body,la articulación,сустав,noun,f,singular,"body,a1",Lávate la articulación.,Помой сустав.,articulación,сустав,Базовая лексика по теме «Части тела».,active
v0822,body,el nervio,нерв,noun,m,singular,"body,a1",Me duele el nervio.,У меня болит нерв.,nervio,нерв,Базовая лексика по теме «Части тела».,active
v0823,body,la garganta,горло,noun,f,singular,"body,a1",Tiene la garganta sano.,У него здоровая горло.,garganta,горло,Базовая лексика по теме «Части тела».,active
v0824,body,la ceja,бровь,noun,f,singular,"body,a1",Lávate la ceja.,Помой бровь.,ceja,бровь,Базовая лексика по теме «Части тела».,active
v0825,body,la pestaña,ресница,noun,f,singular,"body,a1",Me duele la pestaña.,У меня болит ресница.,pestaña,ресница,Базовая лексика по теме «Части тела».,active
v0826,body,el dedo índice,указательный палец,noun,m,singular,"body,a1",Tiene el dedo índice sano.,У него здоровый указательный палец.,dedo índice,указательный палец,Базовая лексика по теме «Части тела».,active
v0827,body,el dedo medio,средний палец,noun,m,singular,"body,a1",Lávate el dedo medio.,Помой средний палец.,dedo medio,средний палец,Базовая лексика по теме «Части тела».,active
v0828,body,el dedo anular,безымянный палец,noun,m,singular,"body,a1",Me duele el dedo anular.,У меня болит безымянный палец.,dedo anular,безымянный палец,Базовая лексика по теме «Части тела».,active
v0829,body,el meñique,мизинец,noun,m,singular,"body,a1",Tiene el meñique sano.,У него здоровый мизинец.,meñique,мизинец,Базовая лексика по теме «Части тела».,active
v0830,body,el pecho izquierdo,левая грудь,noun,m,singular,"body,a1",Lávate el pecho izquierdo.,Помой левая грудь.,pecho izquierdo,левая грудь,Базовая лексика по теме «Части тела».,active
v0831,body,la mandíbula,челюсть,noun,f,singular,"body,a1",Me duele la mandíbula.,У меня болит челюсть.,mandíbula,челюсть,Базовая лексика по теме «Части тела».,active
v0832,body,la frente alta,высокий лоб,noun,f,singular,"body,a1",Tiene la frente alta sano.,У него здоровая высокий лоб.,frente alta,высокий лоб,Базовая лексика по теме «Части тела».,active
v0833,body,el talón de Aquiles,ахиллово сухожилие,noun,m,singular,"body,a1",Lávate el talón de Aquiles.,Помой ахиллово сухожилие.,talón de Aquiles,ахиллово сухожилие,Базовая лексика по теме «Части тела».,active
v0834,body,la palma,ладонь,noun,f,singular,"body,a1",Me duele la palma.,У меня болит ладонь.,palma,ладонь,Базовая лексика по теме «Части тела».,active
v0835,body,el pecho derecho,правая грудь,noun,m,singular,"body,a1",Tiene el pecho derecho sano.,У него здоровый правая грудь.,pecho derecho,правая грудь,Базовая лексика по теме «Части тела».,active
v0836,body,la sien,висок,noun,f,singular,"body,a1",Lávate la sien.,Помой висок.,sien,висок,Базовая лексика по теме «Части тела».,active
v0837,animals,el perro,собака,noun,m,singular,"animals,a1",Vimos el perro en el zoológico.,Мы увидели собака в зоопарке.,el perro,собака,Базовая лексика по теме «Животные».,active
v0838,animals,el gato,кот,noun,m,singular,"animals,a1",Vimos el gato en el zoológico.,Мы увидели кот в зоопарке.,el gato,кот,Базовая лексика по теме «Животные».,active
v0839,animals,el pájaro,птица,noun,m,singular,"animals,a1",Vimos el pájaro en el zoológico.,Мы увидели птица в зоопарке.,el pájaro,птица,Базовая лексика по теме «Животные».,active
v0840,animals,el pez,рыба,noun,m,singular,"animals,a1",Vimos el pez en el zoológico.,Мы увидели рыба в зоопарке.,el pez,рыба,Базовая лексика по теме «Животные».,active
v0841,animals,el caballo,лошадь,noun,m,singular,"animals,a1",Vimos el caballo en el zoológico.,Мы увидели лошадь в зоопарке.,el caballo,лошадь,Базовая лексика по теме «Животные».,active
v0842,animals,la vaca,корова,noun,f,singular,"animals,a1",Vimos la vaca en el zoológico.,Мы увидели корова в зоопарке.,la vaca,корова,Базовая лексика по теме «Животные».,active
v0843,animals,el toro,бык,noun,m,singular,"animals,a1",Vimos el toro en el zoológico.,Мы увидели бык в зоопарке.,el toro,бык,Базовая лексика по теме «Животные».,active
v0844,animals,la oveja,овца,noun,f,singular,"animals,a1",Vimos la oveja en el zoológico.,Мы увидели овца в зоопарке.,la oveja,овца,Базовая лексика по теме «Животные».,active
v0845,animals,la cabra,коза,noun,f,singular,"animals,a1",Vimos la cabra en el zoológico.,Мы увидели коза в зоопарке.,la cabra,коза,Базовая лексика по теме «Животные».,active
v0846,animals,el cerdo,свинья,noun,m,singular,"animals,a1",Vimos el cerdo en el zoológico.,Мы увидели свинья в зоопарке.,el cerdo,свинья,Базовая лексика по теме «Животные».,active
v0847,animals,el conejo,кролик,noun,m,singular,"animals,a1",Vimos el conejo en el zoológico.,Мы увидели кролик в зоопарке.,el conejo,кролик,Базовая лексика по теме «Животные».,active
v0848,animals,el hámster,хомяк,noun,m,singular,"animals,a1",Vimos el hámster en el zoológico.,Мы увидели хомяк в зоопарке.,el hámster,хомяк,Базовая лексика по теме «Животные».,active
v0849,animals,el ratón,мышь,noun,m,singular,"animals,a1",Vimos el ratón en el zoológico.,Мы увидели мышь в зоопарке.,el ratón,мышь,Базовая лексика по теме «Животные».,active
v0850,animals,la rata,крыса,noun,f,singular,"animals,a1",Vimos la rata en el zoológico.,Мы увидели крыса в зоопарке.,la rata,крыса,Базовая лексика по теме «Животные».,active
v0851,animals,la tortuga,черепаха,noun,f,singular,"animals,a1",Vimos la tortuga en el zoológico.,Мы увидели черепаха в зоопарке.,la tortuga,черепаха,Базовая лексика по теме «Животные».,active
v0852,animals,la rana,лягушка,noun,f,singular,"animals,a1",Vimos la rana en el zoológico.,Мы увидели лягушка в зоопарке.,la rana,лягушка,Базовая лексика по теме «Животные».,active
v0853,animals,la serpiente,змея,noun,f,singular,"animals,a1",Vimos la serpiente en el zoológico.,Мы увидели змея в зоопарке.,la serpiente,змея,Базовая лексика по теме «Животные».,active
v0854,animals,el lagarto,ящерица,noun,m,singular,"animals,a1",Vimos el lagarto en el zoológico.,Мы увидели ящерица в зоопарке.,el lagarto,ящерица,Базовая лексика по теме «Животные».,active
v0855,animals,el cocodrilo,крокодил,noun,m,singular,"animals,a1",Vimos el cocodrilo en el zoológico.,Мы увидели крокодил в зоопарке.,el cocodrilo,крокодил,Базовая лексика по теме «Животные».,active
v0856,animals,el elefante,слон,noun,m,singular,"animals,a1",Vimos el elefante en el zoológico.,Мы увидели слон в зоопарке.,el elefante,слон,Базовая лексика по теме «Животные».,active
v0857,animals,el león,лев,noun,m,singular,"animals,a1",Vimos el león en el zoológico.,Мы увидели лев в зоопарке.,el león,лев,Базовая лексика по теме «Животные».,active
v0858,animals,la tigresa,тигрица,noun,f,singular,"animals,a1",Vimos la tigresa en el zoológico.,Мы увидели тигрица в зоопарке.,la tigresa,тигрица,Базовая лексика по теме «Животные».,active
v0859,animals,el tigre,тигр,noun,m,singular,"animals,a1",Vimos el tigre en el zoológico.,Мы увидели тигр в зоопарке.,el tigre,тигр,Базовая лексика по теме «Животные».,active
v0860,animals,el oso,медведь,noun,m,singular,"animals,a1",Vimos el oso en el zoológico.,Мы увидели медведь в зоопарке.,el oso,медведь,Базовая лексика по теме «Животные».,active
v0861,animals,el lobo,волк,noun,m,singular,"animals,a1",Vimos el lobo en el zoológico.,Мы увидели волк в зоопарке.,el lobo,волк,Базовая лексика по теме «Животные».,active
v0862,animals,el zorro,лиса,noun,m,singular,"animals,a1",Vimos el zorro en el zoológico.,Мы увидели лиса в зоопарке.,el zorro,лиса,Базовая лексика по теме «Животные».,active
v0863,animals,el ciervo,олень,noun,m,singular,"animals,a1",Vimos el ciervo en el zoológico.,Мы увидели олень в зоопарке.,el ciervo,олень,Базовая лексика по теме «Животные».,active
v0864,animals,el mono,обезьяна,noun,m,singular,"animals,a1",Vimos el mono en el zoológico.,Мы увидели обезьяна в зоопарке.,el mono,обезьяна,Базовая лексика по теме «Животные».,active
v0865,animals,la jirafa,жираф,noun,f,singular,"animals,a1",Vimos la jirafa en el zoológico.,Мы увидели жираф в зоопарке.,la jirafa,жираф,Базовая лексика по теме «Животные».,active
v0866,animals,la cebra,зебра,noun,f,singular,"animals,a1",Vimos la cebra en el zoológico.,Мы увидели зебра в зоопарке.,la cebra,зебра,Базовая лексика по теме «Животные».,active
v0867,animals,el rinoceronte,носорог,noun,m,singular,"animals,a1",Vimos el rinoceronte en el zoológico.,Мы увидели носорог в зоопарке.,el rinoceronte,носорог,Базовая лексика по теме «Животные».,active
v0868,animals,el hipopótamo,бегемот,noun,m,singular,"animals,a1",Vimos el hipopótamo en el zoológico.,Мы увидели бегемот в зоопарке.,el hipopótamo,бегемот,Базовая лексика по теме «Животные».,active
v0869,animals,el panda,панда,noun,m,singular,"animals,a1",Vimos el panda en el zoológico.,Мы увидели панда в зоопарке.,el panda,панда,Базовая лексика по теме «Животные».,active
v0870,animals,el koala,коала,noun,m,singular,"animals,a1",Vimos el koala en el zoológico.,Мы увидели коала в зоопарке.,el koala,коала,Базовая лексика по теме «Животные».,active
v0871,animals,el canguro,кенгуру,noun,m,singular,"animals,a1",Vimos el canguro en el zoológico.,Мы увидели кенгуру в зоопарке.,el canguro,кенгуру,Базовая лексика по теме «Животные».,active
v0872,animals,el camello,верблюд,noun,m,singular,"animals,a1",Vimos el camello en el zoológico.,Мы увидели верблюд в зоопарке.,el camello,верблюд,Базовая лексика по теме «Животные».,active
v0873,animals,el delfín,дельфин,noun,m,singular,"animals,a1",Vimos el delfín en el zoológico.,Мы увидели дельфин в зоопарке.,el delfín,дельфин,Базовая лексика по теме «Животные».,active
v0874,animals,la ballena,кит,noun,f,singular,"animals,a1",Vimos la ballena en el zoológico.,Мы увидели кит в зоопарке.,la ballena,кит,Базовая лексика по теме «Животные».,active
v0875,animals,el tiburón,акула,noun,m,singular,"animals,a1",Vimos el tiburón en el zoológico.,Мы увидели акула в зоопарке.,el tiburón,акула,Базовая лексика по теме «Животные».,active
v0876,animals,el pulpo,осьминог,noun,m,singular,"animals,a1",Vimos el pulpo en el zoológico.,Мы увидели осьминог в зоопарке.,el pulpo,осьминог,Базовая лексика по теме «Животные».,active
v0877,animals,la medusa,медуза,noun,f,singular,"animals,a1",Vimos la medusa en el zoológico.,Мы увидели медуза в зоопарке.,la medusa,медуза,Базовая лексика по теме «Животные».,active
v0878,animals,el pingüino,пингвин,noun,m,singular,"animals,a1",Vimos el pingüino en el zoológico.,Мы увидели пингвин в зоопарке.,el pingüino,пингвин,Базовая лексика по теме «Животные».,active
v0879,animals,la foca,тюлень,noun,f,singular,"animals,a1",Vimos la foca en el zoológico.,Мы увидели тюлень в зоопарке.,la foca,тюлень,Базовая лексика по теме «Животные».,active
v0880,animals,la gaviota,чайка,noun,f,singular,"animals,a1",Vimos la gaviota en el zoológico.,Мы увидели чайка в зоопарке.,la gaviota,чайка,Базовая лексика по теме «Животные».,active
v0881,animals,el águila,орёл,noun,f,singular,"animals,a1",Vimos el águila en el zoológico.,Мы увидели орёл в зоопарке.,el águila,орёл,Базовая лексика по теме «Животные».,active
v0882,animals,el búho,сова,noun,m,singular,"animals,a1",Vimos el búho en el zoológico.,Мы увидели сова в зоопарке.,el búho,сова,Базовая лексика по теме «Животные».,active
v0883,animals,la gallina,курица,noun,f,singular,"animals,a1",Vimos la gallina en el zoológico.,Мы увидели курица в зоопарке.,la gallina,курица,Базовая лексика по теме «Животные».,active
v0884,animals,el gallo,петух,noun,m,singular,"animals,a1",Vimos el gallo en el zoológico.,Мы увидели петух в зоопарке.,el gallo,петух,Базовая лексика по теме «Животные».,active
v0885,animals,el pato,утка,noun,m,singular,"animals,a1",Vimos el pato en el zoológico.,Мы увидели утка в зоопарке.,el pato,утка,Базовая лексика по теме «Животные».,active
v0886,animals,el cisne,лебедь,noun,m,singular,"animals,a1",Vimos el cisne en el zoológico.,Мы увидели лебедь в зоопарке.,el cisne,лебедь,Базовая лексика по теме «Животные».,active
v0887,animals,la mariposa,бабочка,noun,f,singular,"animals,a1",Vimos la mariposa en el zoológico.,Мы увидели бабочка в зоопарке.,la mariposa,бабочка,Базовая лексика по теме «Животные».,active
v0888,animals,la abeja,пчела,noun,f,singular,"animals,a1",Vimos la abeja en el zoológico.,Мы увидели пчела в зоопарке.,la abeja,пчела,Базовая лексика по теме «Животные».,active
v0889,animals,la mosca,муха,noun,f,singular,"animals,a1",Vimos la mosca en el zoológico.,Мы увидели муха в зоопарке.,la mosca,муха,Базовая лексика по теме «Животные».,active
v0890,animals,el mosquito,комар,noun,m,singular,"animals,a1",Vimos el mosquito en el zoológico.,Мы увидели комар в зоопарке.,el mosquito,комар,Базовая лексика по теме «Животные».,active
v0891,animals,la araña,паук,noun,f,singular,"animals,a1",Vimos la araña en el zoológico.,Мы увидели паук в зоопарке.,la araña,паук,Базовая лексика по теме «Животные».,active
v0892,animals,la hormiga,муравей,noun,f,singular,"animals,a1",Vimos la hormiga en el zoológico.,Мы увидели муравей в зоопарке.,la hormiga,муравей,Базовая лексика по теме «Животные».,active
v0893,animals,el caracol,улитка,noun,m,singular,"animals,a1",Vimos el caracol en el zoológico.,Мы увидели улитка в зоопарке.,el caracol,улитка,Базовая лексика по теме «Животные».,active
v0894,animals,el burro,осёл,noun,m,singular,"animals,a1",Vimos el burro en el zoológico.,Мы увидели осёл в зоопарке.,el burro,осёл,Базовая лексика по теме «Животные».,active
v0895,animals,el pavo,индюк,noun,m,singular,"animals,a1",Vimos el pavo en el zoológico.,Мы увидели индюк в зоопарке.,el pavo,индюк,Базовая лексика по теме «Животные».,active
v0896,animals,el loro,попугай,noun,m,singular,"animals,a1",Vimos el loro en el zoológico.,Мы увидели попугай в зоопарке.,el loro,попугай,Базовая лексика по теме «Животные».,active
v0897,animals,el búfalo,буйвол,noun,m,singular,"animals,a1",Vimos el búfalo en el zoológico.,Мы увидели буйвол в зоопарке.,el búfalo,буйвол,Базовая лексика по теме «Животные».,active
v0898,animals,el erizo,ёж,noun,m,singular,"animals,a1",Vimos el erizo en el zoológico.,Мы увидели ёж в зоопарке.,el erizo,ёж,Базовая лексика по теме «Животные».,active
v0899,animals,el topo,крот,noun,m,singular,"animals,a1",Vimos el topo en el zoológico.,Мы увидели крот в зоопарке.,el topo,крот,Базовая лексика по теме «Животные».,active
v0900,animals,la ardilla,белка,noun,f,singular,"animals,a1",Vimos la ardilla en el zoológico.,Мы увидели белка в зоопарке.,la ardilla,белка,Базовая лексика по теме «Животные».,active
v0901,animals,el murciélago,летучая мышь,noun,m,singular,"animals,a1",Vimos el murciélago en el zoológico.,Мы увидели летучая мышь в зоопарке.,el murciélago,летучая мышь,Базовая лексика по теме «Животные».,active
v0902,animals,el insecto,насекомое,noun,m,singular,"animals,a1",Vimos el insecto en el zoológico.,Мы увидели насекомое в зоопарке.,el insecto,насекомое,Базовая лексика по теме «Животные».,active
v0903,animals,el animal,животное,noun,m,singular,"animals,a1",Vimos el animal en el zoológico.,Мы увидели животное в зоопарке.,el animal,животное,Базовая лексика по теме «Животные».,active
v0904,animals,la mascota,домашний питомец,noun,f,singular,"animals,a1",Vimos la mascota en el zoológico.,Мы увидели домашний питомец в зоопарке.,la mascota,домашний питомец,Базовая лексика по теме «Животные».,active
v0905,animals,la fauna,фауна,noun,f,singular,"animals,a1",Vimos la fauna en el zoológico.,Мы увидели фауна в зоопарке.,la fauna,фауна,Базовая лексика по теме «Животные».,active
v0906,animals,el rebaño,стадо,noun,m,singular,"animals,a1",Vimos el rebaño en el zoológico.,Мы увидели стадо в зоопарке.,el rebaño,стадо,Базовая лексика по теме «Животные».,active
v0907,animals,la manada,стая,noun,f,singular,"animals,a1",Vimos la manada en el zoológico.,Мы увидели стая в зоопарке.,la manada,стая,Базовая лексика по теме «Животные».,active
v0908,animals,la jaula,клетка,noun,f,singular,"animals,a1",Vimos la jaula en el zoológico.,Мы увидели клетка в зоопарке.,la jaula,клетка,Базовая лексика по теме «Животные».,active
v0909,animals,el nido,гнездо,noun,m,singular,"animals,a1",Vimos el nido en el zoológico.,Мы увидели гнездо в зоопарке.,el nido,гнездо,Базовая лексика по теме «Животные».,active
v0910,animals,la cola,хвост,noun,f,singular,"animals,a1",Vimos la cola en el zoológico.,Мы увидели хвост в зоопарке.,la cola,хвост,Базовая лексика по теме «Животные».,active
v0911,animals,la pata,лапа,noun,f,singular,"animals,a1",Vimos la pata en el zoológico.,Мы увидели лапа в зоопарке.,la pata,лапа,Базовая лексика по теме «Животные».,active
v0912,animals,el pico,клюв,noun,m,singular,"animals,a1",Vimos el pico en el zoológico.,Мы увидели клюв в зоопарке.,el pico,клюв,Базовая лексика по теме «Животные».,active
v0913,animals,el ala,крыло,noun,f,singular,"animals,a1",Vimos el ala en el zoológico.,Мы увидели крыло в зоопарке.,el ala,крыло,Базовая лексика по теме «Животные».,active
v0914,animals,el cuerno,рог,noun,m,singular,"animals,a1",Vimos el cuerno en el zoológico.,Мы увидели рог в зоопарке.,el cuerno,рог,Базовая лексика по теме «Животные».,active
v0915,animals,el pelaje,шерсть,noun,m,singular,"animals,a1",Vimos el pelaje en el zoológico.,Мы увидели шерсть в зоопарке.,el pelaje,шерсть,Базовая лексика по теме «Животные».,active
v0916,animals,la pluma,перо,noun,f,singular,"animals,a1",Vimos la pluma en el zoológico.,Мы увидели перо в зоопарке.,la pluma,перо,Базовая лексика по теме «Животные».,active
v0917,food_1,el pan,хлеб,noun,m,singular,"food_1,a1",Me gusta el pan.,Мне нравится хлеб.,pan,хлеб,Базовая лексика по теме «Продукты».,active
v0918,food_1,el arroz,рис,noun,m,singular,"food_1,a1",Me gusta el arroz.,Мне нравится рис.,arroz,рис,Базовая лексика по теме «Продукты».,active
v0919,food_1,la pasta,паста,noun,f,singular,"food_1,a1",Me gusta la pasta.,Мне нравится паста.,pasta,паста,Базовая лексика по теме «Продукты».,active
v0920,food_1,la sopa,суп,noun,f,singular,"food_1,a1",Me gusta la sopa.,Мне нравится суп.,sopa,суп,Базовая лексика по теме «Продукты».,active
v0921,food_1,la carne,мясо,noun,f,singular,"food_1,a1",Me gusta la carne.,Мне нравится мясо.,carne,мясо,Базовая лексика по теме «Продукты».,active
v0922,food_1,el pollo,курица,noun,m,singular,"food_1,a1",Me gusta el pollo.,Мне нравится курица.,pollo,курица,Базовая лексика по теме «Продукты».,active
v0923,food_1,la ternera,говядина,noun,f,singular,"food_1,a1",Me gusta la ternera.,Мне нравится говядина.,ternera,говядина,Базовая лексика по теме «Продукты».,active
v0924,food_1,el cerdo,свинина,noun,m,singular,"food_1,a1",Me gusta el cerdo.,Мне нравится свинина.,cerdo,свинина,Базовая лексика по теме «Продукты».,active
v0925,food_1,el pescado,рыба,noun,m,singular,"food_1,a1",Me gusta el pescado.,Мне нравится рыба.,pescado,рыба,Базовая лексика по теме «Продукты».,active
v0926,food_1,el salmón,лосось,noun,m,singular,"food_1,a1",Me gusta el salmón.,Мне нравится лосось.,salmón,лосось,Базовая лексика по теме «Продукты».,active
v0927,food_1,el huevo,яйцо,noun,m,singular,"food_1,a1",Me gusta el huevo.,Мне нравится яйцо.,huevo,яйцо,Базовая лексика по теме «Продукты».,active
v0928,food_1,la leche,молоко,noun,f,singular,"food_1,a1",Me gusta la leche.,Мне нравится молоко.,leche,молоко,Базовая лексика по теме «Продукты».,active
v0929,food_1,el queso,сыр,noun,m,singular,"food_1,a1",Me gusta el queso.,Мне нравится сыр.,queso,сыр,Базовая лексика по теме «Продукты».,active
v0930,food_1,la mantequilla,сливочное масло,noun,f,singular,"food_1,a1",Me gusta la mantequilla.,Мне нравится сливочное масло.,mantequilla,сливочное масло,Базовая лексика по теме «Продукты».,active
v0931,food_1,el yogur,йогурт,noun,m,singular,"food_1,a1",Me gusta el yogur.,Мне нравится йогурт.,yogur,йогурт,Базовая лексика по теме «Продукты».,active
v0932,food_1,la nata,сливки,noun,f,singular,"food_1,a1",Me gusta la nata.,Мне нравится сливки.,nata,сливки,Базовая лексика по теме «Продукты».,active
v0933,food_1,la sal,соль,noun,f,singular,"food_1,a1",Me gusta la sal.,Мне нравится соль.,sal,соль,Базовая лексика по теме «Продукты».,active
v0934,food_1,el azúcar,сахар,noun,m,singular,"food_1,a1",Me gusta el azúcar.,Мне нравится сахар.,azúcar,сахар,Базовая лексика по теме «Продукты».,active
v0935,food_1,la pimienta,перец,noun,f,singular,"food_1,a1",Me gusta la pimienta.,Мне нравится перец.,pimienta,перец,Базовая лексика по теме «Продукты».,active
v0936,food_1,el aceite,масло,noun,m,singular,"food_1,a1",Me gusta el aceite.,Мне нравится масло.,aceite,масло,Базовая лексика по теме «Продукты».,active
v0937,food_1,el agua,вода,noun,m,singular,"food_1,a1",Me gusta el agua.,Мне нравится вода.,agua,вода,Базовая лексика по теме «Продукты».,active
v0938,food_1,el café,кофе,noun,m,singular,"food_1,a1",Me gusta el café.,Мне нравится кофе.,café,кофе,Базовая лексика по теме «Продукты».,active
v0939,food_1,el té,чай,noun,m,singular,"food_1,a1",Me gusta el té.,Мне нравится чай.,té,чай,Базовая лексика по теме «Продукты».,active
v0940,food_1,el zumo,сок,noun,m,singular,"food_1,a1",Me gusta el zumo.,Мне нравится сок.,zumo,сок,Базовая лексика по теме «Продукты».,active
v0941,food_1,la harina,мука,noun,f,singular,"food_1,a1",Me gusta la harina.,Мне нравится мука.,harina,мука,Базовая лексика по теме «Продукты».,active
v0942,food_1,el cereal,хлопья,noun,m,singular,"food_1,a1",Me gusta el cereal.,Мне нравится хлопья.,cereal,хлопья,Базовая лексика по теме «Продукты».,active
v0943,food_1,la avena,овсянка,noun,f,singular,"food_1,a1",Me gusta la avena.,Мне нравится овсянка.,avena,овсянка,Базовая лексика по теме «Продукты».,active
v0944,food_1,la miel,мёд,noun,f,singular,"food_1,a1",Me gusta la miel.,Мне нравится мёд.,miel,мёд,Базовая лексика по теме «Продукты».,active
v0945,food_1,la mermelada,джем,noun,f,singular,"food_1,a1",Me gusta la mermelada.,Мне нравится джем.,mermelada,джем,Базовая лексика по теме «Продукты».,active
v0946,food_1,el chocolate,шоколад,noun,m,singular,"food_1,a1",Me gusta el chocolate.,Мне нравится шоколад.,chocolate,шоколад,Базовая лексика по теме «Продукты».,active
v0947,food_1,la galleta,печенье,noun,f,singular,"food_1,a1",Me gusta la galleta.,Мне нравится печенье.,galleta,печенье,Базовая лексика по теме «Продукты».,active
v0948,food_1,el pastel,торт,noun,m,singular,"food_1,a1",Me gusta el pastel.,Мне нравится торт.,pastel,торт,Базовая лексика по теме «Продукты».,active
v0949,food_1,el helado,мороженое,noun,m,singular,"food_1,a1",Me gusta el helado.,Мне нравится мороженое.,helado,мороженое,Базовая лексика по теме «Продукты».,active
v0950,food_1,la pizza,пицца,noun,f,singular,"food_1,a1",Me gusta la pizza.,Мне нравится пицца.,pizza,пицца,Базовая лексика по теме «Продукты».,active
v0951,food_1,la hamburguesa,гамбургер,noun,f,singular,"food_1,a1",Me gusta la hamburguesa.,Мне нравится гамбургер.,hamburguesa,гамбургер,Базовая лексика по теме «Продукты».,active
v0952,food_1,el bocadillo,бутерброд,noun,m,singular,"food_1,a1",Me gusta el bocadillo.,Мне нравится бутерброд.,bocadillo,бутерброд,Базовая лексика по теме «Продукты».,active
v0953,food_1,la ensalada,салат,noun,f,singular,"food_1,a1",Me gusta la ensalada.,Мне нравится салат.,ensalada,салат,Базовая лексика по теме «Продукты».,active
v0954,food_1,la patata,картофель,noun,f,singular,"food_1,a1",Me gusta la patata.,Мне нравится картофель.,patata,картофель,Базовая лексика по теме «Продукты».,active
v0955,food_1,el tomate,помидор,noun,m,singular,"food_1,a1",Me gusta el tomate.,Мне нравится помидор.,tomate,помидор,Базовая лексика по теме «Продукты».,active
v0956,food_1,el pepino,огурец,noun,m,singular,"food_1,a1",Me gusta el pepino.,Мне нравится огурец.,pepino,огурец,Базовая лексика по теме «Продукты».,active
v0957,food_1,la cebolla,лук,noun,f,singular,"food_1,a1",Me gusta la cebolla.,Мне нравится лук.,cebolla,лук,Базовая лексика по теме «Продукты».,active
v0958,food_1,el ajo,чеснок,noun,m,singular,"food_1,a1",Me gusta el ajo.,Мне нравится чеснок.,ajo,чеснок,Базовая лексика по теме «Продукты».,active
v0959,food_1,la zanahoria,морковь,noun,f,singular,"food_1,a1",Me gusta la zanahoria.,Мне нравится морковь.,zanahoria,морковь,Базовая лексика по теме «Продукты».,active
v0960,food_1,el pimiento,перец,noun,m,singular,"food_1,a1",Me gusta el pimiento.,Мне нравится перец.,pimiento,перец,Базовая лексика по теме «Продукты».,active
v0961,food_1,el maíz,кукуруза,noun,m,singular,"food_1,a1",Me gusta el maíz.,Мне нравится кукуруза.,maíz,кукуруза,Базовая лексика по теме «Продукты».,active
v0962,food_1,los guisantes,горошек,noun,m,singular,"food_1,a1",Me gusta los guisantes.,Мне нравится горошек.,guisantes,горошек,Базовая лексика по теме «Продукты».,active
v0963,food_1,el champiñón,шампиньон,noun,m,singular,"food_1,a1",Me gusta el champiñón.,Мне нравится шампиньон.,champiñón,шампиньон,Базовая лексика по теме «Продукты».,active
v0964,food_1,el limón,лимон,noun,m,singular,"food_1,a1",Me gusta el limón.,Мне нравится лимон.,limón,лимон,Базовая лексика по теме «Продукты».,active
v0965,food_1,la naranja,апельсин,noun,f,singular,"food_1,a1",Me gusta la naranja.,Мне нравится апельсин.,naranja,апельсин,Базовая лексика по теме «Продукты».,active
v0966,food_1,la manzana,яблоко,noun,f,singular,"food_1,a1",Me gusta la manzana.,Мне нравится яблоко.,manzana,яблоко,Базовая лексика по теме «Продукты».,active
v0967,colors,rojo,красный,word,,,"colors,a1",El coche es rojo.,Машина красный.,rojo,красный,Базовая лексика: цвета.,active
v0968,colors,azul,синий,word,,,"colors,a1",El coche es azul.,Машина синий.,azul,синий,Базовая лексика: цвета.,active
v0969,colors,verde,зелёный,word,,,"colors,a1",El coche es verde.,Машина зелёный.,verde,зелёный,Базовая лексика: цвета.,active
v0970,colors,amarillo,жёлтый,word,,,"colors,a1",El coche es amarillo.,Машина жёлтый.,amarillo,жёлтый,Базовая лексика: цвета.,active
v0971,colors,naranja,оранжевый,word,,,"colors,a1",El coche es naranja.,Машина оранжевый.,naranja,оранжевый,Базовая лексика: цвета.,active
v0972,colors,rosa,розовый,word,,,"colors,a1",El coche es rosa.,Машина розовый.,rosa,розовый,Базовая лексика: цвета.,active
v0973,colors,morado,фиолетовый,word,,,"colors,a1",El coche es morado.,Машина фиолетовый.,morado,фиолетовый,Базовая лексика: цвета.,active
v0974,colors,violeta,фиолетовый,word,,,"colors,a1",El coche es violeta.,Машина фиолетовый.,violeta,фиолетовый,Базовая лексика: цвета.,active
v0975,colors,blanco,белый,word,,,"colors,a1",El coche es blanco.,Машина белый.,blanco,белый,Базовая лексика: цвета.,active
v0976,colors,negro,чёрный,word,,,"colors,a1",El coche es negro.,Машина чёрный.,negro,чёрный,Базовая лексика: цвета.,active
v0977,colors,gris,серый,word,,,"colors,a1",El coche es gris.,Машина серый.,gris,серый,Базовая лексика: цвета.,active
v0978,colors,marrón,коричневый,word,,,"colors,a1",El coche es marrón.,Машина коричневый.,marrón,коричневый,Базовая лексика: цвета.,active
v0979,colors,beige,бежевый,word,,,"colors,a1",El coche es beige.,Машина бежевый.,beige,бежевый,Базовая лексика: цвета.,active
v0980,colors,dorado,золотой,word,,,"colors,a1",El coche es dorado.,Машина золотой.,dorado,золотой,Базовая лексика: цвета.,active
v0981,colors,plateado,серебристый,word,,,"colors,a1",El coche es plateado.,Машина серебристый.,plateado,серебристый,Базовая лексика: цвета.,active
v0982,colors,claro,светлый,word,,,"colors,a1",El coche es claro.,Машина светлый.,claro,светлый,Базовая лексика: цвета.,active
v0983,colors,oscuro,тёмный,word,,,"colors,a1",El coche es oscuro.,Машина тёмный.,oscuro,тёмный,Базовая лексика: цвета.,active
v0984,colors,de color,цветной,word,,,"colors,a1",El coche es de color.,Машина цветной.,de color,цветной,Базовая лексика: цвета.,active
v0985,colors,multicolor,разноцветный,word,,,"colors,a1",El coche es multicolor.,Машина разноцветный.,multicolor,разноцветный,Базовая лексика: цвета.,active
v0986,colors,turquesa,бирюзовый,word,,,"colors,a1",El coche es turquesa.,Машина бирюзовый.,turquesa,бирюзовый,Базовая лексика: цвета.,active
v0987,colors,celeste,голубой,word,,,"colors,a1",El coche es celeste.,Машина голубой.,celeste,голубой,Базовая лексика: цвета.,active
v0988,colors,lila,сиреневый,word,,,"colors,a1",El coche es lila.,Машина сиреневый.,lila,сиреневый,Базовая лексика: цвета.,active
v0989,colors,crema,кремовый,word,,,"colors,a1",El coche es crema.,Машина кремовый.,crema,кремовый,Базовая лексика: цвета.,active
v0990,colors,granate,бордовый,word,,,"colors,a1",El coche es granate.,Машина бордовый.,granate,бордовый,Базовая лексика: цвета.,active
v0991,colors,fucsia,фуксия,word,,,"colors,a1",El coche es fucsia.,Машина фуксия.,fucsia,фуксия,Базовая лексика: цвета.,active
v0992,weather,el tiempo,погода,noun,m,singular,"weather,a1",Hoy vemos el tiempo.,Сегодня мы видим погода.,el tiempo,погода,Базовая лексика по теме «Погода».,active
v0993,weather,hace sol,солнечно,expression,,,"weather,a1",Hoy hace sol.,Сегодня солнечно.,hace sol,солнечно,Базовая лексика по теме «Погода».,active
v0994,weather,el sol,солнце,noun,m,singular,"weather,a1",Hoy vemos el sol.,Сегодня мы видим солнце.,el sol,солнце,Базовая лексика по теме «Погода».,active
v0995,weather,está nublado,облачно,expression,,,"weather,a1",Hoy está nublado.,Сегодня облачно.,está nublado,облачно,Базовая лексика по теме «Погода».,active
v0996,weather,la nube,облако,noun,f,singular,"weather,a1",Hoy vemos la nube.,Сегодня мы видим облако.,la nube,облако,Базовая лексика по теме «Погода».,active
v0997,weather,llueve,идёт дождь,expression,,,"weather,a1",Hoy llueve.,Сегодня идёт дождь.,llueve,идёт дождь,Базовая лексика по теме «Погода».,active
v0998,weather,la lluvia,дождь,noun,f,singular,"weather,a1",Hoy vemos la lluvia.,Сегодня мы видим дождь.,la lluvia,дождь,Базовая лексика по теме «Погода».,active
v0999,weather,la tormenta,гроза,noun,f,singular,"weather,a1",Hoy vemos la tormenta.,Сегодня мы видим гроза.,la tormenta,гроза,Базовая лексика по теме «Погода».,active
v1000,weather,el trueno,гром,noun,m,singular,"weather,a1",Hoy vemos el trueno.,Сегодня мы видим гром.,el trueno,гром,Базовая лексика по теме «Погода».,active
v1001,weather,el relámpago,молния,noun,m,singular,"weather,a1",Hoy vemos el relámpago.,Сегодня мы видим молния.,el relámpago,молния,Базовая лексика по теме «Погода».,active
v1002,weather,nieva,идёт снег,expression,,,"weather,a1",Hoy nieva.,Сегодня идёт снег.,nieva,идёт снег,Базовая лексика по теме «Погода».,active
v1003,weather,la nieve,снег,noun,f,singular,"weather,a1",Hoy vemos la nieve.,Сегодня мы видим снег.,la nieve,снег,Базовая лексика по теме «Погода».,active
v1004,weather,el granizo,град,noun,m,singular,"weather,a1",Hoy vemos el granizo.,Сегодня мы видим град.,el granizo,град,Базовая лексика по теме «Погода».,active
v1005,weather,la niebla,туман,noun,f,singular,"weather,a1",Hoy vemos la niebla.,Сегодня мы видим туман.,la niebla,туман,Базовая лексика по теме «Погода».,active
v1006,weather,el viento,ветер,noun,m,singular,"weather,a1",Hoy vemos el viento.,Сегодня мы видим ветер.,el viento,ветер,Базовая лексика по теме «Погода».,active
v1007,weather,hace viento,ветрено,expression,,,"weather,a1",Hoy hace viento.,Сегодня ветрено.,hace viento,ветрено,Базовая лексика по теме «Погода».,active
v1008,weather,el huracán,ураган,noun,m,singular,"weather,a1",Hoy vemos el huracán.,Сегодня мы видим ураган.,el huracán,ураган,Базовая лексика по теме «Погода».,active
v1009,weather,el arcoíris,радуга,noun,m,singular,"weather,a1",Hoy vemos el arcoíris.,Сегодня мы видим радуга.,el arcoíris,радуга,Базовая лексика по теме «Погода».,active
v1010,weather,la temperatura,температура,noun,f,singular,"weather,a1",Hoy vemos la temperatura.,Сегодня мы видим температура.,la temperatura,температура,Базовая лексика по теме «Погода».,active
v1011,weather,el grado,градус,noun,m,singular,"weather,a1",Hoy vemos el grado.,Сегодня мы видим градус.,el grado,градус,Базовая лексика по теме «Погода».,active
v1012,weather,hace calor,жарко,expression,,,"weather,a1",Hoy hace calor.,Сегодня жарко.,hace calor,жарко,Базовая лексика по теме «Погода».,active
v1013,weather,hace frío,холодно,expression,,,"weather,a1",Hoy hace frío.,Сегодня холодно.,hace frío,холодно,Базовая лексика по теме «Погода».,active
v1014,weather,hace fresco,прохладно,expression,,,"weather,a1",Hoy hace fresco.,Сегодня прохладно.,hace fresco,прохладно,Базовая лексика по теме «Погода».,active
v1015,weather,hace buen tiempo,хорошая погода,expression,,,"weather,a1",Hoy hace buen tiempo.,Сегодня хорошая погода.,hace buen tiempo,хорошая погода,Базовая лексика по теме «Погода».,active
v1016,weather,hace mal tiempo,плохая погода,expression,,,"weather,a1",Hoy hace mal tiempo.,Сегодня плохая погода.,hace mal tiempo,плохая погода,Базовая лексика по теме «Погода».,active
v1017,weather,está despejado,ясно,expression,,,"weather,a1",Hoy está despejado.,Сегодня ясно.,está despejado,ясно,Базовая лексика по теме «Погода».,active
v1018,weather,está húmedo,влажно,expression,,,"weather,a1",Hoy está húmedo.,Сегодня влажно.,está húmedo,влажно,Базовая лексика по теме «Погода».,active
v1019,weather,está seco,сухо,expression,,,"weather,a1",Hoy está seco.,Сегодня сухо.,está seco,сухо,Базовая лексика по теме «Погода».,active
v1020,weather,la humedad,влажность,noun,f,singular,"weather,a1",Hoy vemos la humedad.,Сегодня мы видим влажность.,la humedad,влажность,Базовая лексика по теме «Погода».,active
v1021,weather,la sequía,засуха,noun,f,singular,"weather,a1",Hoy vemos la sequía.,Сегодня мы видим засуха.,la sequía,засуха,Базовая лексика по теме «Погода».,active
v1022,weather,la helada,заморозки,noun,f,singular,"weather,a1",Hoy vemos la helada.,Сегодня мы видим заморозки.,la helada,заморозки,Базовая лексика по теме «Погода».,active
v1023,weather,la escarcha,иней,noun,f,singular,"weather,a1",Hoy vemos la escarcha.,Сегодня мы видим иней.,la escarcha,иней,Базовая лексика по теме «Погода».,active
v1024,weather,la primavera,весна,noun,f,singular,"weather,a1",Hoy vemos la primavera.,Сегодня мы видим весна.,la primavera,весна,Базовая лексика по теме «Погода».,active
v1025,weather,el verano,лето,noun,m,singular,"weather,a1",Hoy vemos el verano.,Сегодня мы видим лето.,el verano,лето,Базовая лексика по теме «Погода».,active
v1026,weather,el otoño,осень,noun,m,singular,"weather,a1",Hoy vemos el otoño.,Сегодня мы видим осень.,el otoño,осень,Базовая лексика по теме «Погода».,active
v1027,weather,el invierno,зима,noun,m,singular,"weather,a1",Hoy vemos el invierno.,Сегодня мы видим зима.,el invierno,зима,Базовая лексика по теме «Погода».,active
v1028,weather,el clima,климат,noun,m,singular,"weather,a1",Hoy vemos el clima.,Сегодня мы видим климат.,el clima,климат,Базовая лексика по теме «Погода».,active
v1029,weather,el pronóstico,прогноз,noun,m,singular,"weather,a1",Hoy vemos el pronóstico.,Сегодня мы видим прогноз.,el pronóstico,прогноз,Базовая лексика по теме «Погода».,active
v1030,weather,la brisa,бриз,noun,f,singular,"weather,a1",Hoy vemos la brisa.,Сегодня мы видим бриз.,la brisa,бриз,Базовая лексика по теме «Погода».,active
v1031,weather,la sombra,тень,noun,f,singular,"weather,a1",Hoy vemos la sombra.,Сегодня мы видим тень.,la sombra,тень,Базовая лексика по теме «Погода».,active
v1032,weather,el calor,жара,noun,m,singular,"weather,a1",Hoy vemos el calor.,Сегодня мы видим жара.,el calor,жара,Базовая лексика по теме «Погода».,active
v1033,weather,el frío,холод,noun,m,singular,"weather,a1",Hoy vemos el frío.,Сегодня мы видим холод.,el frío,холод,Базовая лексика по теме «Погода».,active
v1034,weather,la gota,капля,noun,f,singular,"weather,a1",Hoy vemos la gota.,Сегодня мы видим капля.,la gota,капля,Базовая лексика по теме «Погода».,active
v1035,weather,el copo de nieve,снежинка,noun,m,singular,"weather,a1",Hoy vemos el copo de nieve.,Сегодня мы видим снежинка.,el copo de nieve,снежинка,Базовая лексика по теме «Погода».,active
v1036,weather,el paraguas,зонт,noun,m,singular,"weather,a1",Hoy vemos el paraguas.,Сегодня мы видим зонт.,el paraguas,зонт,Базовая лексика по теме «Погода».,active
v1037,weather,el impermeable,дождевик,noun,m,singular,"weather,a1",Hoy vemos el impermeable.,Сегодня мы видим дождевик.,el impermeable,дождевик,Базовая лексика по теме «Погода».,active
v1038,weather,mojarse,намокнуть,verb,,,"weather,a1",Hoy vemos mojarse.,Сегодня мы видим намокнуть.,mojarse,намокнуть,Базовая лексика по теме «Погода».,active
v1039,weather,secarse,высохнуть,verb,,,"weather,a1",Hoy vemos secarse.,Сегодня мы видим высохнуть.,secarse,высохнуть,Базовая лексика по теме «Погода».,active
v1040,weather,cambiar el tiempo,смена погоды,expression,,,"weather,a1",Hoy cambiar el tiempo.,Сегодня смена погоды.,cambiar el tiempo,смена погоды,Базовая лексика по теме «Погода».,active
v1041,weather,el cielo,небо,noun,m,singular,"weather,a1",Hoy vemos el cielo.,Сегодня мы видим небо.,el cielo,небо,Базовая лексика по теме «Погода».,active
v1042,food_2,el plátano,банан,noun,m,singular,"food_2,a1",Me gusta el plátano.,Мне нравится банан.,plátano,банан,Базовая лексика по теме «Продукты».,active
v1043,food_2,la pera,груша,noun,f,singular,"food_2,a1",Me gusta la pera.,Мне нравится груша.,pera,груша,Базовая лексика по теме «Продукты».,active
v1044,food_2,la uva,виноград,noun,f,singular,"food_2,a1",Me gusta la uva.,Мне нравится виноград.,uva,виноград,Базовая лексика по теме «Продукты».,active
v1045,food_2,la fresa,клубника,noun,f,singular,"food_2,a1",Me gusta la fresa.,Мне нравится клубника.,fresa,клубника,Базовая лексика по теме «Продукты».,active
v1046,food_2,la cereza,вишня,noun,f,singular,"food_2,a1",Me gusta la cereza.,Мне нравится вишня.,cereza,вишня,Базовая лексика по теме «Продукты».,active
v1047,food_2,el melocotón,персик,noun,m,singular,"food_2,a1",Me gusta el melocotón.,Мне нравится персик.,melocotón,персик,Базовая лексика по теме «Продукты».,active
v1048,food_2,la sandía,арбуз,noun,f,singular,"food_2,a1",Me gusta la sandía.,Мне нравится арбуз.,sandía,арбуз,Базовая лексика по теме «Продукты».,active
v1049,food_2,el melón,дыня,noun,m,singular,"food_2,a1",Me gusta el melón.,Мне нравится дыня.,melón,дыня,Базовая лексика по теме «Продукты».,active
v1050,food_2,la piña,ананас,noun,f,singular,"food_2,a1",Me gusta la piña.,Мне нравится ананас.,piña,ананас,Базовая лексика по теме «Продукты».,active
v1051,food_2,el kiwi,киви,noun,m,singular,"food_2,a1",Me gusta el kiwi.,Мне нравится киви.,kiwi,киви,Базовая лексика по теме «Продукты».,active
v1052,food_2,el coco,кокос,noun,m,singular,"food_2,a1",Me gusta el coco.,Мне нравится кокос.,coco,кокос,Базовая лексика по теме «Продукты».,active
v1053,food_2,la frambuesa,малина,noun,f,singular,"food_2,a1",Me gusta la frambuesa.,Мне нравится малина.,frambuesa,малина,Базовая лексика по теме «Продукты».,active
v1054,food_2,el arándano,черника,noun,m,singular,"food_2,a1",Me gusta el arándano.,Мне нравится черника.,arándano,черника,Базовая лексика по теме «Продукты».,active
v1055,food_2,la lechuga,салат-латук,noun,f,singular,"food_2,a1",Me gusta la lechuga.,Мне нравится салат-латук.,lechuga,салат-латук,Базовая лексика по теме «Продукты».,active
v1056,food_2,el brócoli,брокколи,noun,m,singular,"food_2,a1",Me gusta el brócoli.,Мне нравится брокколи.,brócoli,брокколи,Базовая лексика по теме «Продукты».,active
v1057,food_2,la col,капуста,noun,f,singular,"food_2,a1",Me gusta la col.,Мне нравится капуста.,col,капуста,Базовая лексика по теме «Продукты».,active
v1058,food_2,la coliflor,цветная капуста,noun,f,singular,"food_2,a1",Me gusta la coliflor.,Мне нравится цветная капуста.,coliflor,цветная капуста,Базовая лексика по теме «Продукты».,active
v1059,food_2,las espinacas,шпинат,noun,f,singular,"food_2,a1",Me gusta las espinacas.,Мне нравится шпинат.,espinacas,шпинат,Базовая лексика по теме «Продукты».,active
v1060,food_2,el calabacín,кабачок,noun,m,singular,"food_2,a1",Me gusta el calabacín.,Мне нравится кабачок.,calabacín,кабачок,Базовая лексика по теме «Продукты».,active
v1061,food_2,la berenjena,баклажан,noun,f,singular,"food_2,a1",Me gusta la berenjena.,Мне нравится баклажан.,berenjena,баклажан,Базовая лексика по теме «Продукты».,active
v1062,food_2,la judía,фасоль,noun,f,singular,"food_2,a1",Me gusta la judía.,Мне нравится фасоль.,judía,фасоль,Базовая лексика по теме «Продукты».,active
v1063,food_2,la lenteja,чечевица,noun,f,singular,"food_2,a1",Me gusta la lenteja.,Мне нравится чечевица.,lenteja,чечевица,Базовая лексика по теме «Продукты».,active
v1064,food_2,el garbanzo,нут,noun,m,singular,"food_2,a1",Me gusta el garbanzo.,Мне нравится нут.,garbanzo,нут,Базовая лексика по теме «Продукты».,active
v1065,food_2,la nuez,грецкий орех,noun,f,singular,"food_2,a1",Me gusta la nuez.,Мне нравится грецкий орех.,nuez,грецкий орех,Базовая лексика по теме «Продукты».,active
v1066,food_2,la almendra,миндаль,noun,f,singular,"food_2,a1",Me gusta la almendra.,Мне нравится миндаль.,almendra,миндаль,Базовая лексика по теме «Продукты».,active
v1067,food_2,el cacahuete,арахис,noun,m,singular,"food_2,a1",Me gusta el cacahuete.,Мне нравится арахис.,cacahuete,арахис,Базовая лексика по теме «Продукты».,active
v1068,food_2,la pasa,изюм,noun,f,singular,"food_2,a1",Me gusta la pasa.,Мне нравится изюм.,pasa,изюм,Базовая лексика по теме «Продукты».,active
v1069,food_2,el vinagre,уксус,noun,m,singular,"food_2,a1",Me gusta el vinagre.,Мне нравится уксус.,vinagre,уксус,Базовая лексика по теме «Продукты».,active
v1070,food_2,la salsa,соус,noun,f,singular,"food_2,a1",Me gusta la salsa.,Мне нравится соус.,salsa,соус,Базовая лексика по теме «Продукты».,active
v1071,food_2,la mayonesa,майонез,noun,f,singular,"food_2,a1",Me gusta la mayonesa.,Мне нравится майонез.,mayonesa,майонез,Базовая лексика по теме «Продукты».,active
v1072,food_2,la mostaza,горчица,noun,f,singular,"food_2,a1",Me gusta la mostaza.,Мне нравится горчица.,mostaza,горчица,Базовая лексика по теме «Продукты».,active
v1073,food_2,el ketchup,кетчуп,noun,m,singular,"food_2,a1",Me gusta el ketchup.,Мне нравится кетчуп.,ketchup,кетчуп,Базовая лексика по теме «Продукты».,active
v1074,food_2,el marisco,морепродукты,noun,m,singular,"food_2,a1",Me gusta el marisco.,Мне нравится морепродукты.,marisco,морепродукты,Базовая лексика по теме «Продукты».,active
v1075,food_2,el jamón,ветчина,noun,m,singular,"food_2,a1",Me gusta el jamón.,Мне нравится ветчина.,jamón,ветчина,Базовая лексика по теме «Продукты».,active
v1076,food_2,la salchicha,сосиска,noun,f,singular,"food_2,a1",Me gusta la salchicha.,Мне нравится сосиска.,salchicha,сосиска,Базовая лексика по теме «Продукты».,active
v1077,food_2,el tocino,бекон,noun,m,singular,"food_2,a1",Me gusta el tocino.,Мне нравится бекон.,tocino,бекон,Базовая лексика по теме «Продукты».,active
v1078,food_2,el atún,тунец,noun,m,singular,"food_2,a1",Me gusta el atún.,Мне нравится тунец.,atún,тунец,Базовая лексика по теме «Продукты».,active
v1079,food_2,el camarón,креветка,noun,m,singular,"food_2,a1",Me gusta el camarón.,Мне нравится креветка.,camarón,креветка,Базовая лексика по теме «Продукты».,active
v1080,food_2,el pulpo,осьминог,noun,m,singular,"food_2,a1",Me gusta el pulpo.,Мне нравится осьминог.,pulpo,осьминог,Базовая лексика по теме «Продукты».,active
v1081,food_2,el calamar,кальмар,noun,m,singular,"food_2,a1",Me gusta el calamar.,Мне нравится кальмар.,calamar,кальмар,Базовая лексика по теме «Продукты».,active
v1082,food_2,la tortilla,омлет,noun,f,singular,"food_2,a1",Me gusta la tortilla.,Мне нравится омлет.,tortilla,омлет,Базовая лексика по теме «Продукты».,active
v1083,food_2,el desayuno,завтрак,noun,m,singular,"food_2,a1",Me gusta el desayuno.,Мне нравится завтрак.,desayuno,завтрак,Базовая лексика по теме «Продукты».,active
v1084,food_2,el almuerzo,обед,noun,m,singular,"food_2,a1",Me gusta el almuerzo.,Мне нравится обед.,almuerzo,обед,Базовая лексика по теме «Продукты».,active
v1085,food_2,la cena,ужин,noun,f,singular,"food_2,a1",Me gusta la cena.,Мне нравится ужин.,cena,ужин,Базовая лексика по теме «Продукты».,active
v1086,food_2,el postre,десерт,noun,m,singular,"food_2,a1",Me gusta el postre.,Мне нравится десерт.,postre,десерт,Базовая лексика по теме «Продукты».,active
v1087,food_2,el bocadito,закуска,noun,m,singular,"food_2,a1",Me gusta el bocadito.,Мне нравится закуска.,bocadito,закуска,Базовая лексика по теме «Продукты».,active
v1088,food_2,el ingrediente,ингредиент,noun,m,singular,"food_2,a1",Me gusta el ingrediente.,Мне нравится ингредиент.,ingrediente,ингредиент,Базовая лексика по теме «Продукты».,active
v1089,food_2,la receta,рецепт,noun,f,singular,"food_2,a1",Me gusta la receta.,Мне нравится рецепт.,receta,рецепт,Базовая лексика по теме «Продукты».,active
v1090,food_2,la comida,еда,noun,f,singular,"food_2,a1",Me gusta la comida.,Мне нравится еда.,comida,еда,Базовая лексика по теме «Продукты».,active
v1091,food_2,la bebida,напиток,noun,f,singular,"food_2,a1",Me gusta la bebida.,Мне нравится напиток.,bebida,напиток,Базовая лексика по теме «Продукты».,active
v1092,personality,amable,добрый,adjective,,,"personality,a1",Siempre llega puntual.,Он всегда приходит вовремя.,amable,добрый,Базовая лексика по теме «Характер человека».,active
v1093,personality,simpático,приятный,adjective,,,"personality,a1",Mi amigo es muy trabajador.,Мой друг очень трудолюбивый.,simpático,приятный,Базовая лексика по теме «Характер человека».,active
v1094,personality,generoso,щедрый,adjective,,,"personality,a1",Hoy estoy cansado.,Сегодня я устал.,generoso,щедрый,Базовая лексика по теме «Характер человека».,active
v1095,personality,honesto,честный,adjective,,,"personality,a1",Nunca es egoísta.,Он никогда не бывает эгоистом.,honesto,честный,Базовая лексика по теме «Характер человека».,active
v1096,personality,inteligente,умный,adjective,,,"personality,a1",Pareces muy feliz.,Ты выглядишь очень счастливым.,inteligente,умный,Базовая лексика по теме «Характер человека».,active
v1097,personality,trabajador,трудолюбивый,adjective,,,"personality,a1",Es una persona muy amable.,Это очень добрый человек.,trabajador,трудолюбивый,Базовая лексика по теме «Характер человека».,active
v1098,personality,responsable,ответственный,adjective,,,"personality,a1",Siempre llega puntual.,Он всегда приходит вовремя.,responsable,ответственный,Базовая лексика по теме «Характер человека».,active
v1099,personality,tranquilo,спокойный,adjective,,,"personality,a1",Mi amigo es muy trabajador.,Мой друг очень трудолюбивый.,tranquilo,спокойный,Базовая лексика по теме «Характер человека».,active
v1100,personality,paciente,терпеливый,adjective,,,"personality,a1",Hoy estoy cansado.,Сегодня я устал.,paciente,терпеливый,Базовая лексика по теме «Характер человека».,active
v1101,personality,valiente,смелый,adjective,,,"personality,a1",Nunca es egoísta.,Он никогда не бывает эгоистом.,valiente,смелый,Базовая лексика по теме «Характер человека».,active
v1102,personality,alegre,весёлый,adjective,,,"personality,a1",Pareces muy feliz.,Ты выглядишь очень счастливым.,alegre,весёлый,Базовая лексика по теме «Характер человека».,active
v1103,personality,optimista,оптимистичный,adjective,,,"personality,a1",Es una persona muy amable.,Это очень добрый человек.,optimista,оптимистичный,Базовая лексика по теме «Характер человека».,active
v1104,personality,creativo,творческий,adjective,,,"personality,a1",Siempre llega puntual.,Он всегда приходит вовремя.,creativo,творческий,Базовая лексика по теме «Характер человека».,active
v1105,personality,educado,вежливый,adjective,,,"personality,a1",Mi amigo es muy trabajador.,Мой друг очень трудолюбивый.,educado,вежливый,Базовая лексика по теме «Характер человека».,active
v1106,personality,divertido,весёлый,adjective,,,"personality,a1",Hoy estoy cansado.,Сегодня я устал.,divertido,весёлый,Базовая лексика по теме «Характер человека».,active
v1107,personality,cariñoso,заботливый,adjective,,,"personality,a1",Nunca es egoísta.,Он никогда не бывает эгоистом.,cariñoso,заботливый,Базовая лексика по теме «Характер человека».,active
v1108,personality,humilde,скромный,adjective,,,"personality,a1",Pareces muy feliz.,Ты выглядишь очень счастливым.,humilde,скромный,Базовая лексика по теме «Характер человека».,active
v1109,personality,sociable,общительный,adjective,,,"personality,a1",Es una persona muy amable.,Это очень добрый человек.,sociable,общительный,Базовая лексика по теме «Характер человека».,active
v1110,personality,puntual,пунктуальный,adjective,,,"personality,a1",Siempre llega puntual.,Он всегда приходит вовремя.,puntual,пунктуальный,Базовая лексика по теме «Характер человека».,active
v1111,personality,activo,активный,adjective,,,"personality,a1",Mi amigo es muy trabajador.,Мой друг очень трудолюбивый.,activo,активный,Базовая лексика по теме «Характер человека».,active
v1112,personality,perezoso,ленивый,adjective,,,"personality,a1",Hoy estoy cansado.,Сегодня я устал.,perezoso,ленивый,Базовая лексика по теме «Характер человека».,active
v1113,personality,egoísta,эгоистичный,adjective,,,"personality,a1",Nunca es egoísta.,Он никогда не бывает эгоистом.,egoísta,эгоистичный,Базовая лексика по теме «Характер человека».,active
v1114,personality,mentiroso,лживый,adjective,,,"personality,a1",Pareces muy feliz.,Ты выглядишь очень счастливым.,mentiroso,лживый,Базовая лексика по теме «Характер человека».,active
v1115,personality,tímido,застенчивый,adjective,,,"personality,a1",Es una persona muy amable.,Это очень добрый человек.,tímido,застенчивый,Базовая лексика по теме «Характер человека».,active
v1116,personality,serio,серьёзный,adjective,,,"personality,a1",Siempre llega puntual.,Он всегда приходит вовремя.,serio,серьёзный,Базовая лексика по теме «Характер человека».,active
v1117,personality,nervioso,нервный,adjective,,,"personality,a1",Mi amigo es muy trabajador.,Мой друг очень трудолюбивый.,nervioso,нервный,Базовая лексика по теме «Характер человека».,active
v1118,personality,impaciente,нетерпеливый,adjective,,,"personality,a1",Hoy estoy cansado.,Сегодня я устал.,impaciente,нетерпеливый,Базовая лексика по теме «Характер человека».,active
v1119,personality,enfadado,сердитый,adjective,,,"personality,a1",Nunca es egoísta.,Он никогда не бывает эгоистом.,enfadado,сердитый,Базовая лексика по теме «Характер человека».,active
v1120,personality,orgulloso,гордый,adjective,,,"personality,a1",Pareces muy feliz.,Ты выглядишь очень счастливым.,orgulloso,гордый,Базовая лексика по теме «Характер человека».,active
v1121,personality,testarudo,упрямый,adjective,,,"personality,a1",Es una persona muy amable.,Это очень добрый человек.,testarudo,упрямый,Базовая лексика по теме «Характер человека».,active
v1122,personality,grosero,грубый,adjective,,,"personality,a1",Siempre llega puntual.,Он всегда приходит вовремя.,grosero,грубый,Базовая лексика по теме «Характер человека».,active
v1123,personality,antipático,неприятный,adjective,,,"personality,a1",Mi amigo es muy trabajador.,Мой друг очень трудолюбивый.,antipático,неприятный,Базовая лексика по теме «Характер человека».,active
v1124,personality,celoso,ревнивый,adjective,,,"personality,a1",Hoy estoy cansado.,Сегодня я устал.,celoso,ревнивый,Базовая лексика по теме «Характер человека».,active
v1125,personality,desordenado,неорганизованный,adjective,,,"personality,a1",Nunca es egoísta.,Он никогда не бывает эгоистом.,desordenado,неорганизованный,Базовая лексика по теме «Характер человека».,active
v1126,personality,irresponsable,безответственный,adjective,,,"personality,a1",Pareces muy feliz.,Ты выглядишь очень счастливым.,irresponsable,безответственный,Базовая лексика по теме «Характер человека».,active
v1127,personality,pesimista,пессимистичный,adjective,,,"personality,a1",Es una persona muy amable.,Это очень добрый человек.,pesimista,пессимистичный,Базовая лексика по теме «Характер человека».,active
v1128,personality,agresivo,агрессивный,adjective,,,"personality,a1",Siempre llega puntual.,Он всегда приходит вовремя.,agresivo,агрессивный,Базовая лексика по теме «Характер человека».,active
v1129,personality,callado,молчаливый,adjective,,,"personality,a1",Mi amigo es muy trabajador.,Мой друг очень трудолюбивый.,callado,молчаливый,Базовая лексика по теме «Характер человека».,active
v1130,personality,hablador,болтливый,adjective,,,"personality,a1",Hoy estoy cansado.,Сегодня я устал.,hablador,болтливый,Базовая лексика по теме «Характер человека».,active
v1131,personality,curioso,любопытный,adjective,,,"personality,a1",Nunca es egoísta.,Он никогда не бывает эгоистом.,curioso,любопытный,Базовая лексика по теме «Характер человека».,active
v1132,personality,cansado,уставший,adjective,,,"personality,a1",Pareces muy feliz.,Ты выглядишь очень счастливым.,cansado,уставший,Базовая лексика по теме «Характер человека».,active
v1133,personality,ocupado,занятый,adjective,,,"personality,a1",Es una persona muy amable.,Это очень добрый человек.,ocupado,занятый,Базовая лексика по теме «Характер человека».,active
v1134,personality,libre,свободный,adjective,,,"personality,a1",Siempre llega puntual.,Он всегда приходит вовремя.,libre,свободный,Базовая лексика по теме «Характер человека».,active
v1135,personality,feliz,счастливый,adjective,,,"personality,a1",Mi amigo es muy trabajador.,Мой друг очень трудолюбивый.,feliz,счастливый,Базовая лексика по теме «Характер человека».,active
v1136,personality,triste,грустный,adjective,,,"personality,a1",Hoy estoy cansado.,Сегодня я устал.,triste,грустный,Базовая лексика по теме «Характер человека».,active
v1137,personality,preocupado,обеспокоенный,adjective,,,"personality,a1",Nunca es egoísta.,Он никогда не бывает эгоистом.,preocupado,обеспокоенный,Базовая лексика по теме «Характер человека».,active
v1138,personality,sorprendido,удивлённый,adjective,,,"personality,a1",Pareces muy feliz.,Ты выглядишь очень счастливым.,sorprendido,удивлённый,Базовая лексика по теме «Характер человека».,active
v1139,personality,emocionado,взволнованный,adjective,,,"personality,a1",Es una persona muy amable.,Это очень добрый человек.,emocionado,взволнованный,Базовая лексика по теме «Характер человека».,active
v1140,personality,aburrido,скучающий,adjective,,,"personality,a1",Siempre llega puntual.,Он всегда приходит вовремя.,aburrido,скучающий,Базовая лексика по теме «Характер человека».,active
v1141,personality,relajado,расслабленный,adjective,,,"personality,a1",Mi amigo es muy trabajador.,Мой друг очень трудолюбивый.,relajado,расслабленный,Базовая лексика по теме «Характер человека».,active
v1142,personality,amigable,дружелюбный,adjective,,,"personality,a1",Hoy estoy cansado.,Сегодня я устал.,amigable,дружелюбный,Базовая лексика по теме «Характер человека».,active
v1143,personality,flexible,гибкий,adjective,,,"personality,a1",Nunca es egoísta.,Он никогда не бывает эгоистом.,flexible,гибкий,Базовая лексика по теме «Характер человека».,active
v1144,personality,fuerte,сильный,adjective,,,"personality,a1",Pareces muy feliz.,Ты выглядишь очень счастливым.,fuerte,сильный,Базовая лексика по теме «Характер человека».,active
v1145,personality,débil,слабый,adjective,,,"personality,a1",Es una persona muy amable.,Это очень добрый человек.,débil,слабый,Базовая лексика по теме «Характер человека».,active
v1146,personality,amable,любезный,adjective,,,"personality,a1",Siempre llega puntual.,Он всегда приходит вовремя.,amable,любезный,Базовая лексика по теме «Характер человека».,active
v1147,personality,ambicioso,амбициозный,adjective,,,"personality,a1",Mi amigo es muy trabajador.,Мой друг очень трудолюбивый.,ambicioso,амбициозный,Базовая лексика по теме «Характер человека».,active
v1148,personality,ordenado,организованный,adjective,,,"personality,a1",Hoy estoy cansado.,Сегодня я устал.,ordenado,организованный,Базовая лексика по теме «Характер человека».,active
v1149,personality,prudente,осторожный,adjective,,,"personality,a1",Nunca es egoísta.,Он никогда не бывает эгоистом.,prudente,осторожный,Базовая лексика по теме «Характер человека».,active
v1150,personality,sincero,искренний,adjective,,,"personality,a1",Pareces muy feliz.,Ты выглядишь очень счастливым.,sincero,искренний,Базовая лексика по теме «Характер человека».,active
v1151,personality,fiel,верный,adjective,,,"personality,a1",Es una persona muy amable.,Это очень добрый человек.,fiel,верный,Базовая лексика по теме «Характер человека».,active
v1152,city_places,la ciudad,город,noun,f,singular,"city,a1",Vamos a la ciudad.,Мы идём в: город.,la ciudad,город,Базовая лексика по теме «Места в городе».,active
v1153,city_places,el pueblo,деревня,noun,m,singular,"city,a1",Vamos a el pueblo.,Мы идём в: деревня.,el pueblo,деревня,Базовая лексика по теме «Места в городе».,active
v1154,city_places,la calle,улица,noun,f,singular,"city,a1",Vamos a la calle.,Мы идём в: улица.,la calle,улица,Базовая лексика по теме «Места в городе».,active
v1155,city_places,la avenida,проспект,noun,f,singular,"city,a1",Vamos a la avenida.,Мы идём в: проспект.,la avenida,проспект,Базовая лексика по теме «Места в городе».,active
v1156,city_places,la plaza,площадь,noun,f,singular,"city,a1",Vamos a la plaza.,Мы идём в: площадь.,la plaza,площадь,Базовая лексика по теме «Места в городе».,active
v1157,city_places,el parque,парк,noun,m,singular,"city,a1",Vamos a el parque.,Мы идём в: парк.,el parque,парк,Базовая лексика по теме «Места в городе».,active
v1158,city_places,el jardín,сад,noun,m,singular,"city,a1",Vamos a el jardín.,Мы идём в: сад.,el jardín,сад,Базовая лексика по теме «Места в городе».,active
v1159,city_places,la estación,станция,noun,f,singular,"city,a1",Vamos a la estación.,Мы идём в: станция.,la estación,станция,Базовая лексика по теме «Места в городе».,active
v1160,city_places,la parada de autobús,автобусная остановка,noun,f,singular,"city,a1",Vamos a la parada de autobús.,Мы идём в: автобусная остановка.,la parada de autobús,автобусная остановка,Базовая лексика по теме «Места в городе».,active
v1161,city_places,la estación de tren,железнодорожный вокзал,noun,f,singular,"city,a1",Vamos a la estación de tren.,Мы идём в: железнодорожный вокзал.,la estación de tren,железнодорожный вокзал,Базовая лексика по теме «Места в городе».,active
v1162,city_places,el aeropuerto,аэропорт,noun,m,singular,"city,a1",Vamos a el aeropuerto.,Мы идём в: аэропорт.,el aeropuerto,аэропорт,Базовая лексика по теме «Места в городе».,active
v1163,city_places,el metro,метро,noun,m,singular,"city,a1",Vamos a el metro.,Мы идём в: метро.,el metro,метро,Базовая лексика по теме «Места в городе».,active
v1164,city_places,el puente,мост,noun,m,singular,"city,a1",Vamos a el puente.,Мы идём в: мост.,el puente,мост,Базовая лексика по теме «Места в городе».,active
v1165,city_places,el semáforo,светофор,noun,m,singular,"city,a1",Vamos a el semáforo.,Мы идём в: светофор.,el semáforo,светофор,Базовая лексика по теме «Места в городе».,active
v1166,city_places,la acera,тротуар,noun,f,singular,"city,a1",Vamos a la acera.,Мы идём в: тротуар.,la acera,тротуар,Базовая лексика по теме «Места в городе».,active
v1167,city_places,el cruce,перекрёсток,noun,m,singular,"city,a1",Vamos a el cruce.,Мы идём в: перекрёсток.,el cruce,перекрёсток,Базовая лексика по теме «Места в городе».,active
v1168,city_places,la esquina,угол улицы,noun,f,singular,"city,a1",Vamos a la esquina.,Мы идём в: угол улицы.,la esquina,угол улицы,Базовая лексика по теме «Места в городе».,active
v1169,city_places,el aparcamiento,парковка,noun,m,singular,"city,a1",Vamos a el aparcamiento.,Мы идём в: парковка.,el aparcamiento,парковка,Базовая лексика по теме «Места в городе».,active
v1170,city_places,la gasolinera,заправка,noun,f,singular,"city,a1",Vamos a la gasolinera.,Мы идём в: заправка.,la gasolinera,заправка,Базовая лексика по теме «Места в городе».,active
v1171,city_places,el supermercado,супермаркет,noun,m,singular,"city,a1",Vamos a el supermercado.,Мы идём в: супермаркет.,el supermercado,супермаркет,Базовая лексика по теме «Места в городе».,active
v1172,city_places,la tienda,магазин,noun,f,singular,"city,a1",Vamos a la tienda.,Мы идём в: магазин.,la tienda,магазин,Базовая лексика по теме «Места в городе».,active
v1173,city_places,la panadería,пекарня,noun,f,singular,"city,a1",Vamos a la panadería.,Мы идём в: пекарня.,la panadería,пекарня,Базовая лексика по теме «Места в городе».,active
v1174,city_places,la carnicería,мясная лавка,noun,f,singular,"city,a1",Vamos a la carnicería.,Мы идём в: мясная лавка.,la carnicería,мясная лавка,Базовая лексика по теме «Места в городе».,active
v1175,city_places,la pescadería,рыбный магазин,noun,f,singular,"city,a1",Vamos a la pescadería.,Мы идём в: рыбный магазин.,la pescadería,рыбный магазин,Базовая лексика по теме «Места в городе».,active
v1176,city_places,la frutería,овощной и фруктовый магазин,noun,f,singular,"city,a1",Vamos a la frutería.,Мы идём в: овощной и фруктовый магазин.,la frutería,овощной и фруктовый магазин,Базовая лексика по теме «Места в городе».,active
v1177,city_places,la farmacia,аптека,noun,f,singular,"city,a1",Vamos a la farmacia.,Мы идём в: аптека.,la farmacia,аптека,Базовая лексика по теме «Места в городе».,active
v1178,city_places,el hospital,больница,noun,m,singular,"city,a1",Vamos a el hospital.,Мы идём в: больница.,el hospital,больница,Базовая лексика по теме «Места в городе».,active
v1179,city_places,la clínica,клиника,noun,f,singular,"city,a1",Vamos a la clínica.,Мы идём в: клиника.,la clínica,клиника,Базовая лексика по теме «Места в городе».,active
v1180,city_places,el banco,банк,noun,m,singular,"city,a1",Vamos a el banco.,Мы идём в: банк.,el banco,банк,Базовая лексика по теме «Места в городе».,active
v1181,city_places,la oficina de correos,почта,noun,f,singular,"city,a1",Vamos a la oficina de correos.,Мы идём в: почта.,la oficina de correos,почта,Базовая лексика по теме «Места в городе».,active
v1182,city_places,la biblioteca,библиотека,noun,f,singular,"city,a1",Vamos a la biblioteca.,Мы идём в: библиотека.,la biblioteca,библиотека,Базовая лексика по теме «Места в городе».,active
v1183,city_places,la escuela,школа,noun,f,singular,"city,a1",Vamos a la escuela.,Мы идём в: школа.,la escuela,школа,Базовая лексика по теме «Места в городе».,active
v1184,city_places,la universidad,университет,noun,f,singular,"city,a1",Vamos a la universidad.,Мы идём в: университет.,la universidad,университет,Базовая лексика по теме «Места в городе».,active
v1185,city_places,el museo,музей,noun,m,singular,"city,a1",Vamos a el museo.,Мы идём в: музей.,el museo,музей,Базовая лексика по теме «Места в городе».,active
v1186,city_places,el cine,кинотеатр,noun,m,singular,"city,a1",Vamos a el cine.,Мы идём в: кинотеатр.,el cine,кинотеатр,Базовая лексика по теме «Места в городе».,active
v1187,city_places,el teatro,театр,noun,m,singular,"city,a1",Vamos a el teatro.,Мы идём в: театр.,el teatro,театр,Базовая лексика по теме «Места в городе».,active
v1188,city_places,el restaurante,ресторан,noun,m,singular,"city,a1",Vamos a el restaurante.,Мы идём в: ресторан.,el restaurante,ресторан,Базовая лексика по теме «Места в городе».,active
v1189,city_places,el café,кафе,noun,m,singular,"city,a1",Vamos a el café.,Мы идём в: кафе.,el café,кафе,Базовая лексика по теме «Места в городе».,active
v1190,city_places,el bar,бар,noun,m,singular,"city,a1",Vamos a el bar.,Мы идём в: бар.,el bar,бар,Базовая лексика по теме «Места в городе».,active
v1191,city_places,el hotel,отель,noun,m,singular,"city,a1",Vamos a el hotel.,Мы идём в: отель.,el hotel,отель,Базовая лексика по теме «Места в городе».,active
v1192,city_places,la iglesia,церковь,noun,f,singular,"city,a1",Vamos a la iglesia.,Мы идём в: церковь.,la iglesia,церковь,Базовая лексика по теме «Места в городе».,active
v1193,city_places,el ayuntamiento,мэрия,noun,m,singular,"city,a1",Vamos a el ayuntamiento.,Мы идём в: мэрия.,el ayuntamiento,мэрия,Базовая лексика по теме «Места в городе».,active
v1194,city_places,la comisaría,полицейский участок,noun,f,singular,"city,a1",Vamos a la comisaría.,Мы идём в: полицейский участок.,la comisaría,полицейский участок,Базовая лексика по теме «Места в городе».,active
v1195,city_places,la oficina,офис,noun,f,singular,"city,a1",Vamos a la oficina.,Мы идём в: офис.,la oficina,офис,Базовая лексика по теме «Места в городе».,active
v1196,city_places,el edificio,здание,noun,m,singular,"city,a1",Vamos a el edificio.,Мы идём в: здание.,el edificio,здание,Базовая лексика по теме «Места в городе».,active
v1197,city_places,el ascensor,лифт,noun,m,singular,"city,a1",Vamos a el ascensor.,Мы идём в: лифт.,el ascensor,лифт,Базовая лексика по теме «Места в городе».,active
v1198,city_places,la entrada,вход,noun,f,singular,"city,a1",Vamos a la entrada.,Мы идём в: вход.,la entrada,вход,Базовая лексика по теме «Места в городе».,active
v1199,city_places,la salida,выход,noun,f,singular,"city,a1",Vamos a la salida.,Мы идём в: выход.,la salida,выход,Базовая лексика по теме «Места в городе».,active
v1200,city_places,la fuente,фонтан,noun,f,singular,"city,a1",Vamos a la fuente.,Мы идём в: фонтан.,la fuente,фонтан,Базовая лексика по теме «Места в городе».,active
v1201,city_places,el monumento,памятник,noun,m,singular,"city,a1",Vamos a el monumento.,Мы идём в: памятник.,el monumento,памятник,Базовая лексика по теме «Места в городе».,active
v1202,city_places,el centro comercial,торговый центр,noun,m,singular,"city,a1",Vamos a el centro comercial.,Мы идём в: торговый центр.,el centro comercial,торговый центр,Базовая лексика по теме «Места в городе».,active
v1203,city_places,el mercado,рынок,noun,m,singular,"city,a1",Vamos a el mercado.,Мы идём в: рынок.,el mercado,рынок,Базовая лексика по теме «Места в городе».,active
v1204,city_places,el estadio,стадион,noun,m,singular,"city,a1",Vamos a el estadio.,Мы идём в: стадион.,el estadio,стадион,Базовая лексика по теме «Места в городе».,active
v1205,city_places,el gimnasio,спортзал,noun,m,singular,"city,a1",Vamos a el gimnasio.,Мы идём в: спортзал.,el gimnasio,спортзал,Базовая лексика по теме «Места в городе».,active
v1206,city_places,la piscina,бассейн,noun,f,singular,"city,a1",Vamos a la piscina.,Мы идём в: бассейн.,la piscina,бассейн,Базовая лексика по теме «Места в городе».,active
v1207,city_places,la playa,пляж,noun,f,singular,"city,a1",Vamos a la playa.,Мы идём в: пляж.,la playa,пляж,Базовая лексика по теме «Места в городе».,active
v1208,city_places,el puerto,порт,noun,m,singular,"city,a1",Vamos a el puerto.,Мы идём в: порт.,el puerto,порт,Базовая лексика по теме «Места в городе».,active
v1209,city_places,la oficina de turismo,туристический офис,noun,f,singular,"city,a1",Vamos a la oficina de turismo.,Мы идём в: туристический офис.,la oficina de turismo,туристический офис,Базовая лексика по теме «Места в городе».,active
v1210,city_places,el paso de peatones,пешеходный переход,noun,m,singular,"city,a1",Vamos a el paso de peatones.,Мы идём в: пешеходный переход.,el paso de peatones,пешеходный переход,Базовая лексика по теме «Места в городе».,active
v1211,city_places,la carretera,шоссе,noun,f,singular,"city,a1",Vamos a la carretera.,Мы идём в: шоссе.,la carretera,шоссе,Базовая лексика по теме «Места в городе».,active
v1212,city_places,la autopista,автомагистраль,noun,f,singular,"city,a1",Vamos a la autopista.,Мы идём в: автомагистраль.,la autopista,автомагистраль,Базовая лексика по теме «Места в городе».,active
v1213,city_places,el túnel,туннель,noun,m,singular,"city,a1",Vamos a el túnel.,Мы идём в: туннель.,el túnel,туннель,Базовая лексика по теме «Места в городе».,active
v1214,city_places,la rotonda,круговое движение,noun,f,singular,"city,a1",Vamos a la rotonda.,Мы идём в: круговое движение.,la rotonda,круговое движение,Базовая лексика по теме «Места в городе».,active
v1215,city_places,el barrio,район,noun,m,singular,"city,a1",Vamos a el barrio.,Мы идём в: район.,el barrio,район,Базовая лексика по теме «Места в городе».,active
v1216,city_places,el centro,центр города,noun,m,singular,"city,a1",Vamos a el centro.,Мы идём в: центр города.,el centro,центр города,Базовая лексика по теме «Места в городе».,active
v1217,city_places,las afueras,окраина,noun,f,singular,"city,a1",Vamos a las afueras.,Мы идём в: окраина.,las afueras,окраина,Базовая лексика по теме «Места в городе».,active
v1218,city_places,el kiosco,киоск,noun,m,singular,"city,a1",Vamos a el kiosco.,Мы идём в: киоск.,el kiosco,киоск,Базовая лексика по теме «Места в городе».,active
v1219,city_places,la parada de taxi,стоянка такси,noun,f,singular,"city,a1",Vamos a la parada de taxi.,Мы идём в: стоянка такси.,la parada de taxi,стоянка такси,Базовая лексика по теме «Места в городе».,active
v1220,city_places,el cajero automático,банкомат,noun,m,singular,"city,a1",Vamos a el cajero automático.,Мы идём в: банкомат.,el cajero automático,банкомат,Базовая лексика по теме «Места в городе».,active
v1221,city_places,la embajada,посольство,noun,f,singular,"city,a1",Vamos a la embajada.,Мы идём в: посольство.,la embajada,посольство,Базовая лексика по теме «Места в городе».,active
v1222,appearance,alto,высокий,adjective,,,"appearance,a1",Es bastante alto para su edad.,Он довольно высокий для своего возраста.,alto;alta,высокий;высокая,Базовая лексика по теме «Внешность человека».,active
v1223,appearance,bajo,"низкий, невысокий",adjective,,,"appearance,a1","Mi hermano es bajo, pero muy fuerte.","Мой брат невысокий, но очень сильный.",bajo;baja,низкий;низкая;невысокий;невысокая,Базовая лексика по теме «Внешность человека».,active
v1224,appearance,de estatura media,среднего роста,adjective,,,"appearance,a1",Ella es de estatura media y tiene el pelo corto.,Она среднего роста и у неё короткие волосы.,de estatura media,среднего роста,Базовая лексика по теме «Внешность человека».,active
v1225,appearance,delgado,"худой, стройный",adjective,,,"appearance,a1",Carlos es delgado y corre todos los días.,Карлос стройный и бегает каждый день.,delgado;delgada,худой;худая;стройный;стройная,Базовая лексика по теме «Внешность человека».,active
v1226,appearance,gordo,"полный, толстый",adjective,,,"appearance,a1",El gato está un poco gordo.,Кот немного толстый.,gordo;gorda,полный;полная;толстый;толстая,Базовая лексика по теме «Внешность человека».,active
v1227,appearance,fuerte,сильный,adjective,,,"appearance,a1",Mi padre es fuerte y levanta cajas pesadas.,Мой отец сильный и поднимает тяжёлые коробки.,fuerte,сильный;сильная,Базовая лексика по теме «Внешность человека».,active
v1228,appearance,débil,слабый,adjective,,,"appearance,a1",Después de la gripe me siento débil.,После гриппа я чувствую себя слабым.,débil,слабый;слабая,Базовая лексика по теме «Внешность человека».,active
v1229,appearance,musculoso,мускулистый,adjective,,,"appearance,a1",El entrenador es muy musculoso.,Тренер очень мускулистый.,musculoso;musculosa,мускулистый;мускулистая,Базовая лексика по теме «Внешность человека».,active
v1230,appearance,atlético,спортивный,adjective,,,"appearance,a1",Tiene un cuerpo atlético.,У него спортивное тело.,atlético;atlética,спортивный;спортивная,Базовая лексика по теме «Внешность человека».,active
v1231,appearance,joven,молодой,adjective,,,"appearance,a1","Mi profesora es joven, pero tiene mucha experiencia.","Моя преподавательница молодая, но у неё большой опыт.",joven,молодой;молодая,Базовая лексика по теме «Внешность человека».,active
v1232,appearance,mayor,"пожилой, старше",adjective,,,"appearance,a1",Su hermano mayor vive en Sevilla.,Его старший брат живёт в Севилье.,mayor,старший;старшая;пожилой;пожилая,Базовая лексика по теме «Внешность человека».,active
v1233,appearance,viejo,старый,adjective,,,"appearance,a1",El perro ya está viejo y camina despacio.,Пёс уже старый и ходит медленно.,viejo;vieja,старый;старая,Базовая лексика по теме «Внешность человека».,active
v1234,appearance,guapo,"красивый, симпатичный",adjective,,,"appearance,a1",Tu primo es muy guapo.,Твой двоюродный брат очень симпатичный.,guapo;guapa,красивый;красивая;симпатичный;симпатичная,Базовая лексика по теме «Внешность человека».,active
v1235,appearance,bonito,"красивый, милый",adjective,,,"appearance,a1",Tiene una sonrisa bonita.,У неё красивая улыбка.,bonito;bonita,красивый;красивая;милый;милая,Базовая лексика по теме «Внешность человека».,active
v1236,appearance,feo,некрасивый,adjective,,,"appearance,a1",No me gusta decir que alguien es feo.,"Мне не нравится говорить, что кто-то некрасивый.",feo;fea,некрасивый;некрасивая,Базовая лексика по теме «Внешность человека».,active
v1237,appearance,atractivo,привлекательный,adjective,,,"appearance,a1",Es una persona atractiva y segura.,Это привлекательный и уверенный человек.,atractivo;atractiva,привлекательный;привлекательная,Базовая лексика по теме «Внешность человека».,active
v1238,appearance,elegante,элегантный,adjective,,,"appearance,a1",Hoy vas muy elegante.,Сегодня ты очень элегантно выглядишь.,elegante,элегантный;элегантная,Базовая лексика по теме «Внешность человека».,active
v1239,appearance,moderno,"современный, модный",adjective,,,"appearance,a1",Lleva un estilo moderno.,У него современный стиль.,moderno;moderna,современный;современная;модный;модная,Базовая лексика по теме «Внешность человека».,active
v1240,appearance,deportivo,спортивный,adjective,,,"appearance,a1",Prefiere un estilo deportivo.,Он предпочитает спортивный стиль.,deportivo;deportiva,спортивный;спортивная,Базовая лексика по теме «Внешность человека».,active
v1241,appearance,limpio,чистый,adjective,,,"appearance,a1",El niño siempre llega limpio al colegio.,Ребёнок всегда приходит в школу чистым.,limpio;limpia,чистый;чистая,Базовая лексика по теме «Внешность человека».,active
v1242,appearance,sucio,грязный,adjective,,,"appearance,a1",Después del partido tenía la camiseta sucia.,После матча у него была грязная футболка.,sucio;sucia,грязный;грязная,Базовая лексика по теме «Внешность человека».,active
v1243,appearance,rubio,"светловолосый, блондин",adjective,,,"appearance,a1",Mi hermana es rubia y tiene los ojos verdes.,"Моя сестра блондинка, и у неё зелёные глаза.",rubio;rubia,светловолосый;светловолосая;блондин;блондинка,Базовая лексика по теме «Внешность человека».,active
v1244,appearance,moreno,"темноволосый, брюнет",adjective,,,"appearance,a1",Pedro es moreno y lleva barba.,Педро брюнет и носит бороду.,moreno;morena,темноволосый;темноволосая;брюнет;брюнетка,Базовая лексика по теме «Внешность человека».,active
v1245,appearance,castaño,"каштановый, шатен",adjective,,,"appearance,a1",Tiene el pelo castaño claro.,У неё светло-каштановые волосы.,castaño;castaña,каштановый;каштановая;шатен;шатенка,Базовая лексика по теме «Внешность человека».,active
v1246,appearance,pelirrojo,рыжий,adjective,,,"appearance,a1",De pequeña era pelirroja.,В детстве она была рыжей.,pelirrojo;pelirroja,рыжий;рыжая,Базовая лексика по теме «Внешность человека».,active
v1247,appearance,calvo,лысый,adjective,,,"appearance,a1",Mi tío es calvo y siempre lleva gorra.,Мой дядя лысый и всегда носит кепку.,calvo;calva,лысый;лысая,Базовая лексика по теме «Внешность человека».,active
v1248,appearance,canoso,седой,adjective,,,"appearance,a1",El abuelo ya está canoso.,Дедушка уже седой.,canoso;canosa,седой;седая,Базовая лексика по теме «Внешность человека».,active
v1249,appearance,rizado,кудрявый,adjective,,,"appearance,a1",Me encanta su pelo rizado.,Мне очень нравятся её кудрявые волосы.,rizado;rizada,кудрявый;кудрявая,Базовая лексика по теме «Внешность человека».,active
v1250,appearance,liso,"прямой, гладкий",adjective,,,"appearance,a1",Tiene el pelo liso y largo.,У неё прямые и длинные волосы.,liso;lisa,прямой;прямая;гладкий;гладкая,Базовая лексика по теме «Внешность человека».,active
v1251,appearance,ondulado,волнистый,adjective,,,"appearance,a1",Mi madre tiene el pelo ondulado.,У моей мамы волнистые волосы.,ondulado;ondulada,волнистый;волнистая,Базовая лексика по теме «Внешность человека».,active
v1252,appearance,corto,короткий,adjective,,,"appearance,a1",Quiero el pelo más corto.,Я хочу волосы покороче.,corto;corta,короткий;короткая,Базовая лексика по теме «Внешность человека».,active
v1253,appearance,largo,длинный,adjective,,,"appearance,a1",Su hija tiene el pelo largo.,У его дочери длинные волосы.,largo;larga,длинный;длинная,Базовая лексика по теме «Внешность человека».,active
v1254,appearance,la barba,борода,noun,f,singular,"appearance,a1",Se afeitó la barba antes de la entrevista.,Он сбрил бороду перед собеседованием.,barba;la barba,борода,Базовая лексика по теме «Внешность человека».,active
v1255,appearance,el bigote,усы,noun,m,singular,"appearance,a1",Mi abuelo siempre tuvo bigote.,У моего дедушки всегда были усы.,bigote;el bigote,усы,Базовая лексика по теме «Внешность человека».,active
v1256,appearance,los ojos azules,голубые глаза,expression,m,plural,"appearance,a1",Tiene los ojos azules como su madre.,"У него голубые глаза, как у его мамы.",ojos azules;los ojos azules,голубые глаза;синие глаза,Базовая лексика по теме «Внешность человека».,active
v1257,appearance,los ojos verdes,зелёные глаза,expression,m,plural,"appearance,a1",Mi prima tiene los ojos verdes.,У моей двоюродной сестры зелёные глаза.,ojos verdes;los ojos verdes,зелёные глаза,Базовая лексика по теме «Внешность человека».,active
v1258,appearance,los ojos marrones,карие глаза,expression,m,plural,"appearance,a1",En mi familia casi todos tienen los ojos marrones.,В моей семье почти у всех карие глаза.,ojos marrones;los ojos marrones,карие глаза,Базовая лексика по теме «Внешность человека».,active
v1259,appearance,los ojos negros,чёрные глаза,expression,m,plural,"appearance,a1",La chica de la foto tiene los ojos negros.,У девушки на фото чёрные глаза.,ojos negros;los ojos negros,чёрные глаза,Базовая лексика по теме «Внешность человека».,active
v1260,appearance,sonriente,улыбчивый,adjective,,,"appearance,a1",Siempre está sonriente en las fotos.,На фотографиях он всегда улыбчивый.,sonriente,улыбчивый;улыбчивая,Базовая лексика по теме «Внешность человека».,active
v1261,appearance,pálido,бледный,adjective,,,"appearance,a1",Estás muy pálido; ¿te encuentras bien?,Ты очень бледный; ты хорошо себя чувствуешь?,pálido;pálida,бледный;бледная,Базовая лексика по теме «Внешность человека».,active
v1262,appearance,bronceado,загорелый,adjective,,,"appearance,a1",Volvió de la playa muy bronceado.,Он вернулся с пляжа очень загорелым.,bronceado;bronceada,загорелый;загорелая,Базовая лексика по теме «Внешность человека».,active
v1263,appearance,moreno de piel,смуглый,adjective,,,"appearance,a1",Es moreno de piel y tiene el pelo negro.,Он смуглый и у него чёрные волосы.,moreno de piel;morena de piel,смуглый;смуглая,Базовая лексика по теме «Внешность человека».,active
v1264,appearance,claro de piel,светлокожий,adjective,,,"appearance,a1",Mi hermano es claro de piel.,Мой брат светлокожий.,claro de piel;clara de piel,светлокожий;светлокожая,Базовая лексика по теме «Внешность человека».,active
v1265,appearance,la piel clara,светлая кожа,noun,f,singular,"appearance,a1",Tiene la piel clara y se quema fácilmente.,"У неё светлая кожа, и она легко обгорает.",piel clara;la piel clara,светлая кожа,Базовая лексика по теме «Внешность человека».,active
v1266,appearance,la piel oscura,тёмная кожа,noun,f,singular,"appearance,a1",Su padre tiene la piel oscura.,У его отца тёмная кожа.,piel oscura;la piel oscura,тёмная кожа,Базовая лексика по теме «Внешность человека».,active
v1267,appearance,la cara redonda,круглое лицо,noun,f,singular,"appearance,a1",De niño tenía la cara redonda.,В детстве у него было круглое лицо.,cara redonda;la cara redonda,круглое лицо,Базовая лексика по теме «Внешность человека».,active
v1268,appearance,la cara alargada,вытянутое лицо,noun,f,singular,"appearance,a1",Tiene la cara alargada y la nariz fina.,У неё вытянутое лицо и тонкий нос.,cara alargada;la cara alargada,вытянутое лицо,Базовая лексика по теме «Внешность человека».,active
v1269,appearance,la nariz grande,большой нос,noun,f,singular,"appearance,a1",Mi abuelo tenía la nariz grande.,У моего дедушки был большой нос.,nariz grande;la nariz grande,большой нос,Базовая лексика по теме «Внешность человека».,active
v1270,appearance,la nariz pequeña,маленький нос,noun,f,singular,"appearance,a1",El bebé tiene la nariz pequeña.,У младенца маленький нос.,nariz pequeña;la nariz pequeña,маленький нос,Базовая лексика по теме «Внешность человека».,active
v1271,appearance,las pecas,веснушки,expression,f,plural,"appearance,a1",De pequeña tenía muchas pecas.,В детстве у неё было много веснушек.,pecas;las pecas,веснушки,Базовая лексика по теме «Внешность человека».,active
v1272,appearance,la cicatriz,шрам,noun,f,singular,"appearance,a1",Tiene una cicatriz pequeña en la frente.,У него маленький шрам на лбу.,cicatriz;la cicatriz,шрам,Базовая лексика по теме «Внешность человека».,active
v1273,appearance,las gafas,очки,expression,f,plural,"appearance,a1",Lleva gafas para leer.,Он носит очки для чтения.,gafas;las gafas,очки,Базовая лексика по теме «Внешность человека».,active
v1274,appearance,el lunar,родинка,noun,m,singular,"appearance,a1",Tiene un lunar junto a la boca.,У неё родинка рядом со ртом.,lunar;el lunar,родинка,Базовая лексика по теме «Внешность человека».,active
v1275,appearance,la sonrisa,улыбка,noun,f,singular,"appearance,a1",Su sonrisa es muy bonita.,У неё очень красивая улыбка.,sonrisa;la sonrisa,улыбка,Базовая лексика по теме «Внешность человека».,active
v1276,appearance,la ropa elegante,элегантная одежда,expression,f,singular,"appearance,a1",Para la boda llevó ropa elegante.,На свадьбу он надел элегантную одежду.,ropa elegante;la ropa elegante,элегантная одежда,Базовая лексика по теме «Внешность человека».,active
v1277,appearance,la ropa cómoda,удобная одежда,expression,f,singular,"appearance,a1",En casa uso ropa cómoda.,Дома я ношу удобную одежду.,ropa cómoda;la ropa cómoda,удобная одежда,Базовая лексика по теме «Внешность человека».,active
v1278,appearance,vestido de negro,одетый в чёрное,adjective,,,"appearance,a1",Hoy viene vestido de negro.,Сегодня он пришёл одетым в чёрное.,vestido de negro;vestida de negro,одетый в чёрное;одетая в чёрное,Базовая лексика по теме «Внешность человека».,active
v1279,appearance,bien vestido,хорошо одетый,adjective,,,"appearance,a1",Tu jefe siempre va bien vestido.,Твой начальник всегда хорошо одет.,bien vestido;bien vestida,хорошо одетый;хорошо одетая,Базовая лексика по теме «Внешность человека».,active
v1280,appearance,mal vestido,плохо одетый,adjective,,,"appearance,a1","No estaba mal vestido, solo cansado.","Он не был плохо одет, просто выглядел уставшим.",mal vestido;mal vestida,плохо одетый;плохо одетая,Базовая лексика по теме «Внешность человека».,active
v1281,appearance,parecer,"выглядеть, казаться",verb,,,"appearance,a1",Pareces más joven con ese corte de pelo.,С этой стрижкой ты выглядишь моложе.,parecer,выглядеть;казаться,Базовая лексика по теме «Внешность человека».,active
v1282,nature,la montaña,гора,noun,f,singular,"nature,a1",Vemos la montaña durante el viaje.,Мы видим гора во время путешествия.,la montaña,гора,Базовая лексика по теме «Природа».,active
v1283,nature,la colina,холм,noun,f,singular,"nature,a1",Vemos la colina durante el viaje.,Мы видим холм во время путешествия.,la colina,холм,Базовая лексика по теме «Природа».,active
v1284,nature,el valle,долина,noun,m,singular,"nature,a1",Vemos el valle durante el viaje.,Мы видим долина во время путешествия.,el valle,долина,Базовая лексика по теме «Природа».,active
v1285,nature,el bosque,лес,noun,m,singular,"nature,a1",Vemos el bosque durante el viaje.,Мы видим лес во время путешествия.,el bosque,лес,Базовая лексика по теме «Природа».,active
v1286,nature,la selva,джунгли,noun,f,singular,"nature,a1",Vemos la selva durante el viaje.,Мы видим джунгли во время путешествия.,la selva,джунгли,Базовая лексика по теме «Природа».,active
v1287,nature,el árbol,дерево,noun,m,singular,"nature,a1",Vemos el árbol durante el viaje.,Мы видим дерево во время путешествия.,el árbol,дерево,Базовая лексика по теме «Природа».,active
v1288,nature,la flor,цветок,noun,f,singular,"nature,a1",Vemos la flor durante el viaje.,Мы видим цветок во время путешествия.,la flor,цветок,Базовая лексика по теме «Природа».,active
v1289,nature,la hierba,трава,noun,f,singular,"nature,a1",Vemos la hierba durante el viaje.,Мы видим трава во время путешествия.,la hierba,трава,Базовая лексика по теме «Природа».,active
v1290,nature,el río,река,noun,m,singular,"nature,a1",Vemos el río durante el viaje.,Мы видим река во время путешествия.,el río,река,Базовая лексика по теме «Природа».,active
v1291,nature,el lago,озеро,noun,m,singular,"nature,a1",Vemos el lago durante el viaje.,Мы видим озеро во время путешествия.,el lago,озеро,Базовая лексика по теме «Природа».,active
v1292,nature,el mar,море,noun,m,singular,"nature,a1",Vemos el mar durante el viaje.,Мы видим море во время путешествия.,el mar,море,Базовая лексика по теме «Природа».,active
v1293,nature,el océano,океан,noun,m,singular,"nature,a1",Vemos el océano durante el viaje.,Мы видим океан во время путешествия.,el océano,океан,Базовая лексика по теме «Природа».,active
v1294,nature,la playa,пляж,noun,f,singular,"nature,a1",Vemos la playa durante el viaje.,Мы видим пляж во время путешествия.,la playa,пляж,Базовая лексика по теме «Природа».,active
v1295,nature,la costa,побережье,noun,f,singular,"nature,a1",Vemos la costa durante el viaje.,Мы видим побережье во время путешествия.,la costa,побережье,Базовая лексика по теме «Природа».,active
v1296,nature,la isla,остров,noun,f,singular,"nature,a1",Vemos la isla durante el viaje.,Мы видим остров во время путешествия.,la isla,остров,Базовая лексика по теме «Природа».,active
v1297,nature,el desierto,пустыня,noun,m,singular,"nature,a1",Vemos el desierto durante el viaje.,Мы видим пустыня во время путешествия.,el desierto,пустыня,Базовая лексика по теме «Природа».,active
v1298,nature,la roca,скала,noun,f,singular,"nature,a1",Vemos la roca durante el viaje.,Мы видим скала во время путешествия.,la roca,скала,Базовая лексика по теме «Природа».,active
v1299,nature,la piedra,камень,noun,f,singular,"nature,a1",Vemos la piedra durante el viaje.,Мы видим камень во время путешествия.,la piedra,камень,Базовая лексика по теме «Природа».,active
v1300,nature,la cueva,пещера,noun,f,singular,"nature,a1",Vemos la cueva durante el viaje.,Мы видим пещера во время путешествия.,la cueva,пещера,Базовая лексика по теме «Природа».,active
v1301,nature,la cascada,водопад,noun,f,singular,"nature,a1",Vemos la cascada durante el viaje.,Мы видим водопад во время путешествия.,la cascada,водопад,Базовая лексика по теме «Природа».,active
v1302,nature,el volcán,вулкан,noun,m,singular,"nature,a1",Vemos el volcán durante el viaje.,Мы видим вулкан во время путешествия.,el volcán,вулкан,Базовая лексика по теме «Природа».,active
v1303,nature,el campo,"поле, сельская местность",noun,m,singular,"nature,a1",Vemos el campo durante el viaje.,"Мы видим поле, сельская местность во время путешествия.",el campo,"поле, сельская местность",Базовая лексика по теме «Природа».,active
v1304,nature,el prado,луг,noun,m,singular,"nature,a1",Vemos el prado durante el viaje.,Мы видим луг во время путешествия.,el prado,луг,Базовая лексика по теме «Природа».,active
v1305,nature,el sendero,тропа,noun,m,singular,"nature,a1",Vemos el sendero durante el viaje.,Мы видим тропа во время путешествия.,el sendero,тропа,Базовая лексика по теме «Природа».,active
v1306,nature,el puente,мост,noun,m,singular,"nature,a1",Vemos el puente durante el viaje.,Мы видим мост во время путешествия.,el puente,мост,Базовая лексика по теме «Природа».,active
v1307,nature,la tierra,земля,noun,f,singular,"nature,a1",Vemos la tierra durante el viaje.,Мы видим земля во время путешествия.,la tierra,земля,Базовая лексика по теме «Природа».,active
v1308,nature,el cielo,небо,noun,m,singular,"nature,a1",Vemos el cielo durante el viaje.,Мы видим небо во время путешествия.,el cielo,небо,Базовая лексика по теме «Природа».,active
v1309,nature,la luna,луна,noun,f,singular,"nature,a1",Vemos la luna durante el viaje.,Мы видим луна во время путешествия.,la luna,луна,Базовая лексика по теме «Природа».,active
v1310,nature,el sol,солнце,noun,m,singular,"nature,a1",Vemos el sol durante el viaje.,Мы видим солнце во время путешествия.,el sol,солнце,Базовая лексика по теме «Природа».,active
v1311,nature,la estrella,звезда,noun,f,singular,"nature,a1",Vemos la estrella durante el viaje.,Мы видим звезда во время путешествия.,la estrella,звезда,Базовая лексика по теме «Природа».,active
v1312,nature,la nube,облако,noun,f,singular,"nature,a1",Vemos la nube durante el viaje.,Мы видим облако во время путешествия.,la nube,облако,Базовая лексика по теме «Природа».,active
v1313,nature,la nieve,снег,noun,f,singular,"nature,a1",Vemos la nieve durante el viaje.,Мы видим снег во время путешествия.,la nieve,снег,Базовая лексика по теме «Природа».,active
v1314,nature,el hielo,лёд,noun,m,singular,"nature,a1",Vemos el hielo durante el viaje.,Мы видим лёд во время путешествия.,el hielo,лёд,Базовая лексика по теме «Природа».,active
v1315,nature,la arena,песок,noun,f,singular,"nature,a1",Vemos la arena durante el viaje.,Мы видим песок во время путешествия.,la arena,песок,Базовая лексика по теме «Природа».,active
v1316,nature,el barro,грязь,noun,m,singular,"nature,a1",Vemos el barro durante el viaje.,Мы видим грязь во время путешествия.,el barro,грязь,Базовая лексика по теме «Природа».,active
v1317,nature,la hoja,лист,noun,f,singular,"nature,a1",Vemos la hoja durante el viaje.,Мы видим лист во время путешествия.,la hoja,лист,Базовая лексика по теме «Природа».,active
v1318,nature,la rama,ветка,noun,f,singular,"nature,a1",Vemos la rama durante el viaje.,Мы видим ветка во время путешествия.,la rama,ветка,Базовая лексика по теме «Природа».,active
v1319,nature,la raíz,корень,noun,f,singular,"nature,a1",Vemos la raíz durante el viaje.,Мы видим корень во время путешествия.,la raíz,корень,Базовая лексика по теме «Природа».,active
v1320,nature,la naturaleza,природа,noun,f,singular,"nature,a1",Vemos la naturaleza durante el viaje.,Мы видим природа во время путешествия.,la naturaleza,природа,Базовая лексика по теме «Природа».,active
v1321,nature,el paisaje,пейзаж,noun,m,singular,"nature,a1",Vemos el paisaje durante el viaje.,Мы видим пейзаж во время путешествия.,el paisaje,пейзаж,Базовая лексика по теме «Природа».,active
v1322,nature,el acantilado,утёс,noun,m,singular,"nature,a1",Vemos el acantilado durante el viaje.,Мы видим утёс во время путешествия.,el acantilado,утёс,Базовая лексика по теме «Природа».,active
v1323,nature,la bahía,залив,noun,f,singular,"nature,a1",Vemos la bahía durante el viaje.,Мы видим залив во время путешествия.,la bahía,залив,Базовая лексика по теме «Природа».,active
v1324,nature,la orilla,берег,noun,f,singular,"nature,a1",Vemos la orilla durante el viaje.,Мы видим берег во время путешествия.,la orilla,берег,Базовая лексика по теме «Природа».,active
v1325,nature,la corriente,течение,noun,f,singular,"nature,a1",Vemos la corriente durante el viaje.,Мы видим течение во время путешествия.,la corriente,течение,Базовая лексика по теме «Природа».,active
v1326,nature,la cima,вершина,noun,f,singular,"nature,a1",Vemos la cima durante el viaje.,Мы видим вершина во время путешествия.,la cima,вершина,Базовая лексика по теме «Природа».,active
v1327,nature,el horizonte,горизонт,noun,m,singular,"nature,a1",Vemos el horizonte durante el viaje.,Мы видим горизонт во время путешествия.,el horizonte,горизонт,Базовая лексика по теме «Природа».,active
v1328,nature,el viento,ветер,noun,m,singular,"nature,a1",Vemos el viento durante el viaje.,Мы видим ветер во время путешествия.,el viento,ветер,Базовая лексика по теме «Природа».,active
v1329,nature,la tierra fértil,плодородная земля,noun,f,singular,"nature,a1",Vemos la tierra fértil durante el viaje.,Мы видим плодородная земля во время путешествия.,la tierra fértil,плодородная земля,Базовая лексика по теме «Природа».,active
v1330,nature,el tronco,ствол,noun,m,singular,"nature,a1",Vemos el tronco durante el viaje.,Мы видим ствол во время путешествия.,el tronco,ствол,Базовая лексика по теме «Природа».,active
v1331,nature,el arbusto,куст,noun,m,singular,"nature,a1",Vemos el arbusto durante el viaje.,Мы видим куст во время путешествия.,el arbusto,куст,Базовая лексика по теме «Природа».,active
v1332,family,la madre,мама,noun,f,singular,"family,a1",Mi padre trabaja en Madrid.,Мой папа работает в Мадриде.,madre,мама,Базовая лексика по теме «Семья».,active
v1333,family,el padre,папа,noun,m,singular,"family,a1",Mi hermano estudia español.,Мой брат изучает испанский.,padre,папа,Базовая лексика по теме «Семья».,active
v1334,family,la mamá,мама,noun,f,singular,"family,a1",Tengo una hermana menor.,У меня есть младшая сестра.,mamá,мама,Базовая лексика по теме «Семья».,active
v1335,family,el papá,папа,noun,m,singular,"family,a1",Mi abuela vive cerca.,Моя бабушка живёт рядом.,papá,папа,Базовая лексика по теме «Семья».,active
v1336,family,el hijo,сын,noun,m,singular,"family,a1",Mi abuelo tiene setenta años.,Моему дедушке семьдесят лет.,hijo,сын,Базовая лексика по теме «Семья».,active
v1337,family,la hija,дочь,noun,f,singular,"family,a1",Mi primo juega al fútbol.,Мой двоюродный брат играет в футбол.,hija,дочь,Базовая лексика по теме «Семья».,active
v1338,family,el hermano,брат,noun,m,singular,"family,a1",Visitamos a nuestros tíos.,Мы навещаем наших дядю и тётю.,hermano,брат,Базовая лексика по теме «Семья».,active
v1339,family,la hermana,сестра,noun,f,singular,"family,a1",Mi madre cocina muy bien.,Моя мама очень хорошо готовит.,hermana,сестра,Базовая лексика по теме «Семья».,active
v1340,family,el bebé,младенец,noun,m,singular,"family,a1",Mi padre trabaja en Madrid.,Мой папа работает в Мадриде.,bebé,младенец,Базовая лексика по теме «Семья».,active
v1341,family,el niño,мальчик,noun,m,singular,"family,a1",Mi hermano estudia español.,Мой брат изучает испанский.,niño,мальчик,Базовая лексика по теме «Семья».,active
v1342,family,la niña,девочка,noun,f,singular,"family,a1",Tengo una hermana menor.,У меня есть младшая сестра.,niña,девочка,Базовая лексика по теме «Семья».,active
v1343,family,el marido,муж,noun,m,singular,"family,a1",Mi abuela vive cerca.,Моя бабушка живёт рядом.,marido,муж,Базовая лексика по теме «Семья».,active
v1344,family,la mujer,жена,noun,f,singular,"family,a1",Mi abuelo tiene setenta años.,Моему дедушке семьдесят лет.,mujer,жена,Базовая лексика по теме «Семья».,active
v1345,family,el esposo,супруг,noun,m,singular,"family,a1",Mi primo juega al fútbol.,Мой двоюродный брат играет в футбол.,esposo,супруг,Базовая лексика по теме «Семья».,active
v1346,family,la esposa,супруга,noun,f,singular,"family,a1",Visitamos a nuestros tíos.,Мы навещаем наших дядю и тётю.,esposa,супруга,Базовая лексика по теме «Семья».,active
v1347,family,el novio,парень,noun,m,singular,"family,a1",Mi madre cocina muy bien.,Моя мама очень хорошо готовит.,novio,парень,Базовая лексика по теме «Семья».,active
v1348,family,la novia,девушка,noun,f,singular,"family,a1",Mi padre trabaja en Madrid.,Мой папа работает в Мадриде.,novia,девушка,Базовая лексика по теме «Семья».,active
v1349,family,la pareja,пара,noun,f,singular,"family,a1",Mi hermano estudia español.,Мой брат изучает испанский.,pareja,пара,Базовая лексика по теме «Семья».,active
v1350,family,el abuelo,дедушка,noun,m,singular,"family,a1",Tengo una hermana menor.,У меня есть младшая сестра.,abuelo,дедушка,Базовая лексика по теме «Семья».,active
v1351,family,la abuela,бабушка,noun,f,singular,"family,a1",Mi abuela vive cerca.,Моя бабушка живёт рядом.,abuela,бабушка,Базовая лексика по теме «Семья».,active
v1352,family,el bisabuelo,прадедушка,noun,m,singular,"family,a1",Mi abuelo tiene setenta años.,Моему дедушке семьдесят лет.,bisabuelo,прадедушка,Базовая лексика по теме «Семья».,active
v1353,family,la bisabuela,прабабушка,noun,f,singular,"family,a1",Mi primo juega al fútbol.,Мой двоюродный брат играет в футбол.,bisabuela,прабабушка,Базовая лексика по теме «Семья».,active
v1354,family,el nieto,внук,noun,m,singular,"family,a1",Visitamos a nuestros tíos.,Мы навещаем наших дядю и тётю.,nieto,внук,Базовая лексика по теме «Семья».,active
v1355,family,la nieta,внучка,noun,f,singular,"family,a1",Mi madre cocina muy bien.,Моя мама очень хорошо готовит.,nieta,внучка,Базовая лексика по теме «Семья».,active
v1356,family,el tío,дядя,noun,m,singular,"family,a1",Mi padre trabaja en Madrid.,Мой папа работает в Мадриде.,tío,дядя,Базовая лексика по теме «Семья».,active
v1357,family,la tía,тётя,noun,f,singular,"family,a1",Mi hermano estudia español.,Мой брат изучает испанский.,tía,тётя,Базовая лексика по теме «Семья».,active
v1358,family,el primo,двоюродный брат,noun,m,singular,"family,a1",Tengo una hermana menor.,У меня есть младшая сестра.,primo,двоюродный брат,Базовая лексика по теме «Семья».,active
v1359,family,la prima,двоюродная сестра,noun,f,singular,"family,a1",Mi abuela vive cerca.,Моя бабушка живёт рядом.,prima,двоюродная сестра,Базовая лексика по теме «Семья».,active
v1360,family,el sobrino,племянник,noun,m,singular,"family,a1",Mi abuelo tiene setenta años.,Моему дедушке семьдесят лет.,sobrino,племянник,Базовая лексика по теме «Семья».,active
v1361,family,la sobrina,племянница,noun,f,singular,"family,a1",Mi primo juega al fútbol.,Мой двоюродный брат играет в футбол.,sobrina,племянница,Базовая лексика по теме «Семья».,active
v1362,family,el suegro,свёкор/тесть,noun,m,singular,"family,a1",Visitamos a nuestros tíos.,Мы навещаем наших дядю и тётю.,suegro,свёкор/тесть,Базовая лексика по теме «Семья».,active
v1363,family,la suegra,свекровь/тёща,noun,f,singular,"family,a1",Mi madre cocina muy bien.,Моя мама очень хорошо готовит.,suegra,свекровь/тёща,Базовая лексика по теме «Семья».,active
v1364,family,el yerno,зять,noun,m,singular,"family,a1",Mi padre trabaja en Madrid.,Мой папа работает в Мадриде.,yerno,зять,Базовая лексика по теме «Семья».,active
v1365,family,la nuera,невестка,noun,f,singular,"family,a1",Mi hermano estudia español.,Мой брат изучает испанский.,nuera,невестка,Базовая лексика по теме «Семья».,active
v1366,family,el cuñado,шурин/золовка,noun,m,singular,"family,a1",Tengo una hermana menor.,У меня есть младшая сестра.,cuñado,шурин/золовка,Базовая лексика по теме «Семья».,active
v1367,family,la cuñada,невестка/свояченица,noun,f,singular,"family,a1",Mi abuela vive cerca.,Моя бабушка живёт рядом.,cuñada,невестка/свояченица,Базовая лексика по теме «Семья».,active
v1368,family,el padrastro,отчим,noun,m,singular,"family,a1",Mi abuelo tiene setenta años.,Моему дедушке семьдесят лет.,padrastro,отчим,Базовая лексика по теме «Семья».,active
v1369,family,la madrastra,мачеха,noun,f,singular,"family,a1",Mi primo juega al fútbol.,Мой двоюродный брат играет в футбол.,madrastra,мачеха,Базовая лексика по теме «Семья».,active
v1370,family,la familia,семья,noun,f,singular,"family,a1",Visitamos a nuestros tíos.,Мы навещаем наших дядю и тётю.,familia,семья,Базовая лексика по теме «Семья».,active
v1371,family,el familiar,родственник,noun,m,singular,"family,a1",Mi madre cocina muy bien.,Моя мама очень хорошо готовит.,familiar,родственник,Базовая лексика по теме «Семья».,active
v1372,family,el pariente,родственник,noun,m,singular,"family,a1",Mi padre trabaja en Madrid.,Мой папа работает в Мадриде.,pariente,родственник,Базовая лексика по теме «Семья».,active
v1373,family,el gemelo,близнец,noun,m,singular,"family,a1",Mi hermano estudia español.,Мой брат изучает испанский.,gemelo,близнец,Базовая лексика по теме «Семья».,active
v1374,family,la gemela,близнец,noun,f,singular,"family,a1",Tengo una hermana menor.,У меня есть младшая сестра.,gemela,близнец,Базовая лексика по теме «Семья».,active
v1375,family,el mellizo,двойняшка,noun,m,singular,"family,a1",Mi abuela vive cerca.,Моя бабушка живёт рядом.,mellizo,двойняшка,Базовая лексика по теме «Семья».,active
v1376,family,la melliza,двойняшка,noun,f,singular,"family,a1",Mi abuelo tiene setenta años.,Моему дедушке семьдесят лет.,melliza,двойняшка,Базовая лексика по теме «Семья».,active
v1377,family,el apellido,фамилия,noun,m,singular,"family,a1",Mi primo juega al fútbol.,Мой двоюродный брат играет в футбол.,apellido,фамилия,Базовая лексика по теме «Семья».,active
v1378,family,la generación,поколение,noun,f,singular,"family,a1",Visitamos a nuestros tíos.,Мы навещаем наших дядю и тётю.,generación,поколение,Базовая лексика по теме «Семья».,active
v1379,family,el anciano,пожилой человек,noun,m,singular,"family,a1",Mi madre cocina muy bien.,Моя мама очень хорошо готовит.,anciano,пожилой человек,Базовая лексика по теме «Семья».,active
v1380,family,el adulto,взрослый,noun,m,singular,"family,a1",Mi padre trabaja en Madrid.,Мой папа работает в Мадриде.,adulto,взрослый,Базовая лексика по теме «Семья».,active
v1381,family,el joven,молодой человек,noun,m,singular,"family,a1",Mi hermano estudia español.,Мой брат изучает испанский.,joven,молодой человек,Базовая лексика по теме «Семья».,active
v1382,family,el adolescente,подросток,noun,m,singular,"family,a1",Tengo una hermana menor.,У меня есть младшая сестра.,adolescente,подросток,Базовая лексика по теме «Семья».,active
v1383,family,el hogar,"дом, семья",noun,m,singular,"family,a1",Mi abuela vive cerca.,Моя бабушка живёт рядом.,hogar,"дом, семья",Базовая лексика по теме «Семья».,active
v1384,family,el matrimonio,брак,noun,m,singular,"family,a1",Mi abuelo tiene setenta años.,Моему дедушке семьдесят лет.,matrimonio,брак,Базовая лексика по теме «Семья».,active
v1385,family,el divorcio,развод,noun,m,singular,"family,a1",Mi primo juega al fútbol.,Мой двоюродный брат играет в футбол.,divorcio,развод,Базовая лексика по теме «Семья».,active
v1386,family,la boda,свадьба,noun,f,singular,"family,a1",Visitamos a nuestros tíos.,Мы навещаем наших дядю и тётю.,boda,свадьба,Базовая лексика по теме «Семья».,active
v1387,family,el compromiso,помолвка,noun,m,singular,"family,a1",Mi madre cocina muy bien.,Моя мама очень хорошо готовит.,compromiso,помолвка,Базовая лексика по теме «Семья».,active
v1388,family,el soltero,холостяк,noun,m,singular,"family,a1",Mi padre trabaja en Madrid.,Мой папа работает в Мадриде.,soltero,холостяк,Базовая лексика по теме «Семья».,active
v1389,family,el casado,женатый,noun,m,singular,"family,a1",Mi hermano estudia español.,Мой брат изучает испанский.,casado,женатый,Базовая лексика по теме «Семья».,active
v1390,family,la viuda,вдова,noun,f,singular,"family,a1",Tengo una hermana menor.,У меня есть младшая сестра.,viuda,вдова,Базовая лексика по теме «Семья».,active
v1391,family,el viudo,вдовец,noun,m,singular,"family,a1",Mi abuela vive cerca.,Моя бабушка живёт рядом.,viudo,вдовец,Базовая лексика по теме «Семья».,active
